true_soh,predicted_soh,uncertainty
1.0,1.0,1.0000746e-06
1.0,1.0,1.0000746e-06
1.0,1.0,1.0000746e-06
1.0,1.0,1.0000746e-06
1.0,1.0,1.0000746e-06
1.0,1.0,1.0000746e-06
1.0,1.0,1.0000745e-06
1.0,1.0,1.0000745e-06
1.0,1.0,1.0000743e-06
1.0,1.0,1.0000743e-06
1.0,1.0,1.0000742e-06
1.0,1.0,1.0000742e-06
1.0,1.0,1.0000741e-06
1.0,1.0,1.000074e-06
1.0,1.0,1.0000739e-06
1.0,1.0,1.0000738e-06
1.0,1.0,1.0000737e-06
1.0,1.0,1.0000736e-06
1.0,1.0,1.0000734e-06
1.0,1.0,1.0000733e-06
1.0,1.0,1.0000731e-06
1.0,1.0,1.000073e-06
1.0,1.0,1.0000729e-06
1.0,1.0,1.0000726e-06
1.0,1.0,1.0000724e-06
1.0,1.0,1.0000723e-06
1.0,1.0,1.0000721e-06
1.0,1.0,1.0000718e-06
1.0,1.0,1.0000716e-06
1.0,1.0,1.0000714e-06
1.0,1.0,1.0000712e-06
1.0,1.0,1.0000709e-06
1.0,1.0,1.0000707e-06
1.0,1.0,1.0000704e-06
1.0,1.0,1.0000701e-06
1.0,1.0,1.0000699e-06
1.0,1.0,1.0000696e-06
1.0,1.0,1.0000692e-06
1.0,1.0,1.000069e-06
1.0,1.0,1.0000687e-06
1.0,1.0,1.0000683e-06
1.0,1.0,1.000068e-06
1.0,1.0,1.0000676e-06
1.0,1.0,1.0000673e-06
1.0,1.0,1.000067e-06
1.0,1.0,1.0000666e-06
1.0,1.0,1.0000663e-06
1.0,1.0,1.0000658e-06
1.0,1.0,1.0000655e-06
1.0,1.0,1.000065e-06
1.0,1.0,1.0000647e-06
1.0,1.0,1.0000642e-06
1.0,1.0,1.0000638e-06
1.0,1.0,1.0000633e-06
1.0,1.0,1.0000629e-06
1.0,1.0,1.0000625e-06
1.0,1.0,1.000062e-06
1.0,1.0,1.0000615e-06
1.0,1.0,1.000061e-06
1.0,1.0,1.0000606e-06
1.0,1.0,1.0000601e-06
1.0,1.0,1.0000596e-06
1.0,1.0,1.0000591e-06
1.0,1.0,1.0000585e-06
1.0,1.0,1.0000581e-06
1.0,1.0,1.0000575e-06
1.0,1.0,1.0000571e-06
1.0,1.0,1.0000565e-06
1.0,1.0,1.0000559e-06
1.0,1.0,1.0000554e-06
1.0,1.0,1.0000548e-06
1.0,1.0,1.0000543e-06
1.0,1.0,1.0000538e-06
1.0,1.0,1.0000532e-06
1.0,1.0,1.0000526e-06
1.0,1.0,1.0000521e-06
1.0,1.0,1.0000514e-06
1.0,1.0,1.0000508e-06
1.0,1.0,1.0000502e-06
1.0,1.0,1.0000497e-06
1.0,1.0,1.0000491e-06
1.0,1.0,1.0000484e-06
1.0,1.0,1.0000479e-06
1.0,1.0,1.0000473e-06
1.0,1.0,1.0000466e-06
1.0,1.0,1.000046e-06
1.0,1.0,1.0000455e-06
1.0,1.0,1.0000448e-06
1.0,1.0,1.0000442e-06
1.0,1.0,1.0000435e-06
1.0,1.0,1.000043e-06
1.0,1.0,1.0000423e-06
1.0,1.0,1.0000417e-06
1.0,1.0,1.000041e-06
1.0,1.0,1.0000405e-06
1.0,1.0,1.0000398e-06
1.0,1.0,1.0000392e-06
1.0,1.0,1.0000385e-06
1.0,1.0,1.000038e-06
1.0,1.0,1.0000374e-06
1.0,1.0,1.0000367e-06
1.0,1.0,1.0000361e-06
1.0,1.0,1.0000355e-06
1.0,1.0,1.0000349e-06
1.0,1.0,1.0000343e-06
1.0,1.0,1.0000336e-06
1.0,1.0,1.0000331e-06
1.0,1.0,1.0000325e-06
0.99993914,1.0,1.0000318e-06
0.99978447,1.0,1.0000313e-06
0.9997465,1.0,1.0000307e-06
0.9996865,1.0,1.0000301e-06
0.9996582,1.0,1.0000296e-06
0.9995842,1.0,1.000029e-06
0.99962115,1.0,1.0000284e-06
0.9995788,1.0,1.0000279e-06
0.99946904,1.0,1.0000273e-06
0.9993746,1.0,1.0000267e-06
0.9992967,1.0,1.0000261e-06
0.99944484,1.0,1.0000256e-06
0.9994862,1.0,1.000025e-06
0.9994775,1.0,1.0000246e-06
0.9993495,1.0,1.000024e-06
0.9993391,1.0,1.0000234e-06
0.9992533,1.0,1.000023e-06
0.9992777,1.0,1.0000224e-06
0.9991612,1.0,1.0000219e-06
0.99913466,1.0,1.0000214e-06
0.9990468,1.0,1.0000209e-06
0.9991412,1.0,1.0000205e-06
0.99906623,1.0,1.00002e-06
0.99901456,1.0,1.0000194e-06
0.9989064,1.0,1.000019e-06
0.9989594,1.0,1.0000185e-06
0.998874,1.0,1.0000181e-06
0.99886096,1.0,1.0000176e-06
0.9989575,1.0,1.0000173e-06
0.9987123,1.0,1.0000168e-06
0.9985811,1.0,1.0000164e-06
0.99863964,1.0,1.000016e-06
0.9986768,1.0,1.0000156e-06
0.9986548,1.0,1.0000151e-06
0.9985376,1.0,1.0000148e-06
0.9984065,1.0,1.0000144e-06
0.9983638,1.0,1.000014e-06
0.9982952,1.0,1.0000136e-06
0.99828213,1.0,1.0000133e-06
0.99820465,1.0,1.000013e-06
0.99806935,1.0,1.0000126e-06
0.9979564,1.0,1.0000123e-06
0.9979465,1.0,1.0000119e-06
0.9979785,1.0,1.0000116e-06
0.9979835,1.0,1.0000113e-06
0.9979473,1.0,1.000011e-06
0.9979528,1.0,1.0000107e-06
0.99803925,1.0,1.0000103e-06
0.99794906,1.0,1.0000101e-06
0.99782056,1.0,1.0000098e-06
0.9980004,1.0,1.0000095e-06
0.99800867,1.0,1.0000092e-06
0.9979575,1.0,1.000009e-06
0.9980733,1.0,1.0000088e-06
0.99793553,1.0,1.0000085e-06
0.99780774,1.0,1.0000083e-06
0.9977361,1.0,1.0000081e-06
0.99771094,1.0,1.0000077e-06
0.9977327,1.0,1.0000076e-06
0.99762166,1.0,1.0000074e-06
0.9975881,1.0,1.0000072e-06
0.9976037,1.0,1.0000069e-06
0.9975752,1.0,1.0000067e-06
0.9975267,1.0,1.0000065e-06
0.9975758,1.0,1.0000064e-06
0.9974461,1.0,1.0000061e-06
0.99744254,1.0,1.000006e-06
0.99742156,1.0,1.0000058e-06
0.99745435,1.0,1.0000057e-06
0.99750227,1.0,1.0000055e-06
0.99721664,1.0,1.0000053e-06
0.997251,1.0,1.0000051e-06
0.99705887,1.0,1.000005e-06
0.99714214,1.0,1.0000049e-06
0.99716663,1.0,1.0000048e-06
0.9971572,1.0,1.0000045e-06
0.99702775,1.0,1.0000044e-06
0.9968889,1.0,1.0000043e-06
0.9968052,1.0,1.0000042e-06
0.99679446,1.0,1.0000041e-06
0.99680483,1.0,1.000004e-06
0.9968579,1.0,1.0000039e-06
0.9967168,1.0,1.0000037e-06
0.99671066,1.0,1.0000036e-06
0.9967476,1.0,1.0000035e-06
0.9966716,1.0,1.0000034e-06
0.9966477,1.0,1.0000033e-06
0.9965623,1.0,1.0000033e-06
0.9965863,1.0,1.0000032e-06
0.9964175,1.0,1.0000031e-06
0.99639946,1.0,1.000003e-06
0.9965544,1.0,1.000003e-06
0.9963404,1.0,1.0000028e-06
0.9962933,1.0,1.0000027e-06
0.99621487,1.0,1.0000027e-06
0.99623126,1.0,1.0000026e-06
0.9962736,1.0,1.0000025e-06
0.9961513,1.0,1.0000025e-06
0.99630827,1.0,1.0000024e-06
0.99612397,1.0,1.0000024e-06
0.99598,1.0,1.0000023e-06
0.9960038,1.0,1.0000023e-06
0.99592507,1.0,1.0000022e-06
0.99582946,1.0,1.0000022e-06
0.995809,1.0,1.000002e-06
0.99574727,1.0,1.000002e-06
0.9957489,1.0,1.0000019e-06
0.99563533,1.0,1.0000019e-06
0.99560744,1.0,1.0000019e-06
0.99553823,1.0,1.0000018e-06
0.99562806,1.0,1.0000018e-06
0.99561936,1.0,1.0000017e-06
0.9954547,1.0,1.0000017e-06
0.9954556,1.0,1.0000017e-06
0.99527836,1.0,1.0000016e-06
0.99523175,1.0,1.0000016e-06
0.9951871,1.0,1.0000016e-06
0.9951875,1.0,1.0000016e-06
0.99520224,1.0,1.0000015e-06
0.9951994,1.0,1.0000015e-06
0.99507916,1.0,1.0000015e-06
0.9951311,1.0,1.0000014e-06
0.99498504,1.0,1.0000014e-06
0.99504733,1.0,1.0000014e-06
0.99499285,1.0,1.0000014e-06
0.9949455,1.0,1.0000014e-06
0.994841,1.0,1.0000012e-06
0.9947405,1.0,1.0000012e-06
0.99463403,1.0,1.0000012e-06
0.9946952,1.0,1.0000012e-06
0.9946559,1.0,1.0000012e-06
0.9945482,1.0,1.0000012e-06
0.9946115,1.0,1.0000011e-06
0.9944179,1.0,1.0000011e-06
0.994523,1.0,1.0000011e-06
0.9942792,1.0,1.0000011e-06
0.99421257,1.0,1.0000011e-06
0.99412227,1.0,1.0000011e-06
0.994084,1.0,1.0000011e-06
0.994015,1.0,1.000001e-06
0.99407816,1.0,1.000001e-06
0.99407023,1.0,1.000001e-06
0.99406713,1.0,1.000001e-06
0.9940719,1.0,1.000001e-06
0.994035,1.0,1.000001e-06
0.99380606,1.0,1.000001e-06
0.99379754,1.0,1.000001e-06
0.9938383,1.0,1.000001e-06
0.9937277,1.0,1.000001e-06
0.99365807,1.0,1.000001e-06
0.9936155,1.0,1.000001e-06
0.993672,1.0,1.000001e-06
0.9934445,1.0,1.000001e-06
0.9935923,1.0,1.0000009e-06
0.99348515,1.0,1.0000009e-06
0.993374,1.0,1.0000009e-06
0.9932031,1.0,1.0000009e-06
0.9931598,1.0,1.0000009e-06
0.99322015,1.0,1.0000009e-06
0.99322677,1.0,1.0000009e-06
0.99326146,1.0,1.0000009e-06
0.99314505,1.0,1.0000009e-06
0.9930885,1.0,1.0000009e-06
0.9930194,1.0,1.0000009e-06
0.9929821,1.0,1.0000009e-06
0.992917,1.0,1.0000009e-06
0.99296224,1.0,1.0000009e-06
0.9928662,1.0,1.0000009e-06
0.9927503,1.0,1.0000009e-06
0.9927136,1.0,1.0000009e-06
0.9925852,1.0,1.0000009e-06
0.9925604,1.0,1.000001e-06
0.9924909,1.0,1.000001e-06
0.99237883,1.0,1.000001e-06
0.992297,1.0,1.000001e-06
0.9924096,1.0,1.000001e-06
0.9924253,1.0,1.000001e-06
0.9924124,1.0,1.000001e-06
0.99213785,1.0,1.000001e-06
0.9922416,1.0,1.000001e-06
0.99214834,1.0,1.000001e-06
0.99211216,1.0,1.000001e-06
0.9920871,1.0,1.000001e-06
0.99203235,1.0,1.000001e-06
0.99201435,1.0,1.000001e-06
0.9919836,1.0,1.0000011e-06
0.9920175,1.0,1.0000011e-06
0.9919964,1.0,1.0000011e-06
0.99191684,1.0,1.0000011e-06
0.99176013,1.0,1.0000011e-06
0.99161637,1.0,1.0000011e-06
0.9916303,1.0,1.0000011e-06
0.99158055,1.0,1.0000011e-06
0.9915418,1.0,1.0000012e-06
0.99152875,1.0,1.0000012e-06
0.99146235,1.0,1.0000012e-06
0.9914372,1.0,1.0000012e-06
0.99141085,1.0,1.0000012e-06
0.9912979,1.0,1.0000012e-06
0.99124765,1.0,1.0000014e-06
0.99118865,1.0,1.0000014e-06
0.99107045,1.0,1.0000014e-06
0.99114954,1.0,1.0000014e-06
0.99102175,1.0,1.0000014e-06
0.9909661,1.0,1.0000014e-06
0.9909585,1.0,1.0000015e-06
0.9908665,1.0,1.0000015e-06
0.99077857,1.0,1.0000015e-06
0.99076563,1.0,1.0000015e-06
0.9908118,1.0,1.0000016e-06
0.9906686,1.0,1.0000016e-06
0.990704,1.0,1.0000016e-06
0.99084026,1.0,1.0000016e-06
0.99072295,1.0,1.0000017e-06
0.99065197,1.0,1.0000017e-06
0.99059093,1.0,1.0000017e-06
0.990599,1.0,1.0000018e-06
0.99057007,1.0,1.0000018e-06
0.99046046,1.0,1.0000018e-06
0.99029255,1.0,1.0000019e-06
0.99022704,1.0,1.0000019e-06
0.9902408,1.0,1.0000019e-06
0.9902076,1.0,1.000002e-06
0.9902456,1.0,1.000002e-06
0.9902238,1.0,1.000002e-06
0.990211,1.0,1.0000022e-06
0.99019617,1.0,1.0000022e-06
0.9901631,1.0,1.0000022e-06
0.99005973,1.0,1.0000023e-06
0.9901091,1.0,1.0000023e-06
0.98994076,1.0,1.0000024e-06
0.9899876,1.0,1.0000024e-06
0.9900207,1.0,1.0000025e-06
0.990077,1.0,1.0000025e-06
0.98994803,1.0,1.0000026e-06
0.99001217,1.0,1.0000026e-06
0.98995215,1.0,1.0000026e-06
0.98984814,1.0,1.0000027e-06
0.9897192,1.0,1.0000027e-06
0.98981863,1.0,1.0000028e-06
0.98978114,1.0,1.0000028e-06
0.9896792,1.0,1.000003e-06
0.98968226,1.0,1.000003e-06
0.98960805,1.0,1.0000031e-06
0.98949796,1.0,1.0000032e-06
0.9894537,1.0,1.0000032e-06
0.98952967,1.0,1.0000033e-06
0.98953617,1.0,1.0000033e-06
0.9894463,1.0,1.0000034e-06
0.9896173,1.0,1.0000034e-06
0.98957634,1.0,1.0000035e-06
0.98950714,1.0,1.0000036e-06
0.9893991,1.0,1.0000036e-06
0.98918325,1.0,1.0000037e-06
0.98931324,1.0,1.0000037e-06
0.98922473,1.0,1.0000039e-06
0.9891349,1.0,1.000004e-06
0.98911846,1.0,1.000004e-06
0.98904926,1.0,1.0000041e-06
0.98901,1.0,1.0000041e-06
0.98904884,1.0,1.0000042e-06
0.9888589,1.0,1.0000043e-06
0.988908,1.0,1.0000043e-06
0.9888853,1.0,1.0000044e-06
0.9888731,1.0,1.0000045e-06
0.9888039,1.0,1.0000045e-06
0.9887928,1.0,1.0000047e-06
0.9887338,1.0,1.0000047e-06
0.9887372,1.0,1.0000048e-06
0.988774,1.0,1.0000049e-06
0.9885229,1.0,1.0000049e-06
0.9885962,1.0,1.000005e-06
0.98842734,1.0,1.000005e-06
0.98833627,1.0,1.0000051e-06
0.9883172,1.0,1.0000052e-06
0.98825514,1.0,1.0000052e-06
0.98826617,1.0,1.0000053e-06
0.9882279,1.0,1.0000055e-06
0.98812467,1.0,1.0000055e-06
0.98796326,1.0,1.0000056e-06
0.9879337,1.0,1.0000056e-06
0.9880051,1.0,1.0000057e-06
0.98802453,1.0,1.0000057e-06
0.98793334,1.0,1.0000058e-06
0.9876998,1.0,1.0000058e-06
0.98781455,1.0,1.0000059e-06
0.98774457,1.0,1.0000059e-06
0.9876638,1.0,1.000006e-06
0.9874524,1.0,1.000006e-06
0.98753834,1.0,1.0000061e-06
0.9872329,1.0,1.0000061e-06
0.98725826,1.0,1.0000063e-06
0.9871651,1.0,1.0000063e-06
0.98704153,1.0,1.0000064e-06
0.98694193,1.0,1.0000064e-06
0.9868831,1.0,1.0000065e-06
0.9868992,1.0,1.0000065e-06
0.9867962,1.0,1.0000065e-06
0.9865937,1.0,1.0000066e-06
0.9866036,1.0,1.0000066e-06
0.9864973,1.0,1.0000067e-06
0.98633283,1.0,1.0000067e-06
0.9862316,1.0,1.0000067e-06
0.9861612,1.0,1.0000067e-06
0.98614323,1.0,1.0000068e-06
0.98613375,1.0,1.0000068e-06
0.9863583,1.0,1.0000068e-06
0.98623383,1.0,1.0000068e-06
0.9863083,1.0,1.0000069e-06
0.9861797,1.0,1.0000069e-06
0.9861453,1.0,1.0000069e-06
0.98613596,1.0,1.0000069e-06
0.9862594,1.0,1.0000069e-06
0.9861392,1.0,1.0000069e-06
0.98611724,1.0,1.000007e-06
0.98613954,1.0,1.000007e-06
0.9858478,1.0,1.000007e-06
0.9859111,1.0,1.000007e-06
0.9858615,1.0,1.000007e-06
0.98570794,1.0,1.000007e-06
0.98564297,1.0,1.000007e-06
0.9855907,1.0,1.000007e-06
0.98557353,1.0,1.000007e-06
0.9853474,1.0,1.000007e-06
0.98526984,1.0,1.000007e-06
0.98526466,1.0,1.000007e-06
0.98522013,1.0,1.000007e-06
0.9850724,1.0,1.000007e-06
0.9849017,1.0,1.000007e-06
0.98497605,1.0,1.000007e-06
0.98507094,1.0,1.0000069e-06
0.98494536,1.0,1.0000069e-06
0.98488486,1.0,1.0000069e-06
0.98476744,1.0,1.0000069e-06
0.9846087,1.0,1.0000069e-06
0.98454434,1.0,1.0000069e-06
0.98450226,1.0,1.0000068e-06
0.9844858,1.0,1.0000068e-06
0.9844386,1.0,1.0000068e-06
0.9843777,1.0,1.0000068e-06
0.98431706,1.0,1.0000067e-06
0.98432523,1.0,1.0000067e-06
0.98428047,1.0,1.0000067e-06
0.9841005,1.0,1.0000067e-06
0.9839044,1.0,1.0000066e-06
0.98397416,1.0,1.0000066e-06
0.9839978,1.0,1.0000066e-06
0.9839408,1.0,1.0000065e-06
0.9837745,1.0,1.0000065e-06
0.9838566,1.0,1.0000065e-06
0.98360103,1.0,1.0000064e-06
0.98353577,1.0,1.0000064e-06
0.9834093,1.0,1.0000064e-06
0.98343194,1.0,1.0000063e-06
0.98332334,1.0,1.0000063e-06
0.9831499,1.0,1.0000063e-06
0.9832036,1.0,1.0000061e-06
0.98314553,1.0,1.0000061e-06
0.983055,1.0,1.0000061e-06
0.9828914,1.0,1.000006e-06
0.9829419,1.0,1.000006e-06
0.98280936,1.0,1.0000059e-06
0.98276526,1.0,1.0000059e-06
0.9825293,1.0,1.0000059e-06
0.982286,1.0,1.0000058e-06
0.9823187,1.0,1.0000058e-06
0.98239046,1.0,1.0000057e-06
0.9823772,1.0,1.0000057e-06
0.9822846,1.0,1.0000057e-06
0.9821471,1.0,1.0000056e-06
0.98198205,1.0,1.0000056e-06
0.9819913,1.0,1.0000055e-06
0.98202544,1.0,1.0000055e-06
0.9819923,1.0,1.0000053e-06
0.98211485,1.0,1.0000053e-06
0.9821471,1.0,1.0000053e-06
0.98209,1.0,1.0000052e-06
0.98212177,1.0,1.0000052e-06
0.9820175,1.0,1.0000051e-06
0.9821373,1.0,1.0000051e-06
0.9818782,1.0,1.000005e-06
0.981805,1.0,1.000005e-06
0.98175055,1.0,1.000005e-06
0.98171395,1.0,1.0000049e-06
0.98164403,1.0,1.0000049e-06
0.9816885,1.0,1.0000048e-06
0.98148805,1.0,1.0000048e-06
0.98144335,1.0,1.0000047e-06
0.9813924,1.0,1.0000047e-06
0.9813873,1.0,1.0000047e-06
0.98119044,1.0,1.0000045e-06
0.9811419,1.0,1.0000045e-06
0.9810711,1.0,1.0000044e-06
0.98104537,1.0,1.0000044e-06
0.9809046,1.0,1.0000044e-06
0.9808549,1.0,1.0000043e-06
0.9807144,1.0,1.0000043e-06
0.98064154,1.0,1.0000042e-06
0.9806747,1.0,1.0000042e-06
0.9804174,1.0,1.0000042e-06
0.98054695,1.0,1.0000041e-06
0.98025185,1.0,1.0000041e-06
0.9802981,1.0,1.000004e-06
0.9803406,1.0,1.000004e-06
0.98011315,1.0,1.000004e-06
0.98002195,1.0,1.0000039e-06
0.979913,1.0,1.0000039e-06
0.97978574,1.0,1.0000039e-06
0.97976476,1.0,1.0000037e-06
0.9796898,1.0,1.0000037e-06
0.979546,1.0,1.0000037e-06
0.9796707,1.0,1.0000036e-06
0.9795477,1.0,1.0000036e-06
0.9795367,1.0,1.0000035e-06
0.9794807,1.0,1.0000035e-06
0.9795895,1.0,1.0000035e-06
0.97945595,1.0,1.0000034e-06
0.979402,1.0,1.0000034e-06
0.97935647,1.0,1.0000034e-06
0.9792641,1.0,1.0000033e-06
0.97916394,1.0,1.0000033e-06
0.97908884,1.0,1.0000033e-06
0.9790533,1.0,1.0000033e-06
0.97900075,1.0,1.0000032e-06
0.9787073,1.0,1.0000032e-06
0.9788053,1.0,1.0000032e-06
0.97877884,1.0,1.0000031e-06
0.97884953,1.0,1.0000031e-06
0.9786738,1.0,1.0000031e-06
0.9787353,1.0,1.000003e-06
0.9787428,1.0,1.000003e-06
0.978671,1.0,1.000003e-06
0.97849435,1.0,1.000003e-06
0.9783879,1.0,1.0000028e-06
0.97809523,1.0,1.0000028e-06
0.97814924,1.0,1.0000028e-06
0.9781399,1.0,1.0000027e-06
0.97799283,1.0,1.0000027e-06
0.9779571,1.0,1.0000027e-06
0.9779221,1.0,1.0000027e-06
0.97782385,1.0,1.0000026e-06
0.9777637,1.0,1.0000026e-06
0.9776668,1.0,1.0000026e-06
0.9775913,1.0,1.0000026e-06
0.97760755,1.0,1.0000025e-06
0.97750497,1.0,1.0000025e-06
0.97742414,1.0,1.0000025e-06
0.9773667,1.0,1.0000025e-06
0.9772372,1.0,1.0000024e-06
0.97711575,1.0,1.0000024e-06
0.97695726,1.0,1.0000024e-06
0.9770514,1.0,1.0000024e-06
0.9768392,1.0,1.0000024e-06
0.9768596,1.0,1.0000023e-06
0.97685915,1.0,1.0000023e-06
0.9766097,1.0,1.0000023e-06
0.97655743,1.0,1.0000023e-06
0.97657543,1.0,1.0000022e-06
0.9765733,1.0,1.0000022e-06
0.9764936,1.0,1.0000022e-06
0.9763243,1.0,1.0000022e-06
0.97630507,1.0,1.0000022e-06
0.9763062,1.0,1.000002e-06
0.9758735,1.0,1.000002e-06
0.9760051,1.0,1.000002e-06
0.97593343,1.0,1.000002e-06
0.9758862,1.0,1.000002e-06
0.97588754,1.0,1.000002e-06
0.97586167,1.0,1.0000019e-06
0.9755322,1.0,1.0000019e-06
0.97559273,1.0,1.0000019e-06
0.9754227,1.0,1.0000019e-06
0.97553575,1.0,1.0000019e-06
0.975329,1.0,1.0000018e-06
0.97538626,1.0,1.0000018e-06
0.97519386,1.0,1.0000018e-06
0.9751494,1.0,1.0000018e-06
0.97500265,1.0,1.0000018e-06
0.9749821,1.0,1.0000018e-06
0.9748374,1.0,1.0000018e-06
0.9748256,1.0,1.0000017e-06
0.97474134,1.0,1.0000017e-06
0.97462714,1.0,1.0000017e-06
0.9744624,1.0,1.0000017e-06
0.97446597,1.0,1.0000017e-06
0.9742587,1.0,1.0000017e-06
0.9743017,1.0,1.0000016e-06
0.9742183,1.0,1.0000016e-06
0.97426295,1.0,1.0000016e-06
0.97396135,1.0,1.0000016e-06
0.97405446,1.0,1.0000016e-06
0.97405756,1.0,1.0000016e-06
0.97386897,1.0,1.0000016e-06
0.9738522,1.0,1.0000016e-06
0.9738489,1.0,1.0000015e-06
0.97373414,1.0,1.0000015e-06
0.9735423,1.0,1.0000015e-06
0.97357273,1.0,1.0000015e-06
0.97332424,1.0,1.0000015e-06
0.9733682,1.0,1.0000015e-06
0.9732143,1.0,1.0000015e-06
0.9729767,1.0,1.0000015e-06
0.9730011,1.0,1.0000015e-06
0.97273505,1.0,1.0000014e-06
0.97289383,1.0,1.0000014e-06
0.97291005,1.0,1.0000014e-06
0.97284085,1.0,1.0000014e-06
0.9727979,1.0,1.0000014e-06
0.97265744,1.0,1.0000014e-06
0.97261125,1.0,1.0000014e-06
0.9724342,1.0,1.0000014e-06
0.9722958,1.0,1.0000014e-06
0.9722571,1.0,1.0000014e-06
0.97208476,1.0,1.0000012e-06
0.972139,1.0,1.0000012e-06
0.971989,1.0,1.0000012e-06
0.97187424,1.0,1.0000012e-06
0.97185516,1.0,1.0000012e-06
0.9718745,1.0,1.0000012e-06
0.97178805,1.0,1.0000012e-06
0.97154075,1.0,1.0000012e-06
0.9716481,1.0,1.0000012e-06
0.97132564,1.0,1.0000012e-06
0.9712138,1.0,1.0000012e-06
0.971108,1.0,1.0000012e-06
0.9710083,1.0,1.0000011e-06
0.9710073,1.0,1.0000011e-06
0.9707422,1.0,1.0000011e-06
0.97055256,1.0,1.0000011e-06
0.9705331,1.0,1.0000011e-06
0.9705254,1.0,1.0000011e-06
0.9704598,1.0,1.0000011e-06
0.97029185,1.0,1.0000011e-06
0.97034186,1.0,1.0000011e-06
0.97012496,1.0,1.0000011e-06
0.9700415,1.0,1.0000011e-06
0.9698439,1.0,1.0000011e-06
0.96984714,1.0,1.0000011e-06
0.96965086,1.0,1.0000011e-06
0.96964204,1.0,1.0000011e-06
0.9695209,1.0,1.000001e-06
0.9694345,1.0,1.000001e-06
0.96921086,1.0,1.000001e-06
0.9691728,1.0,1.000001e-06
0.9690468,1.0,1.000001e-06
0.9688737,1.0,1.000001e-06
0.96877867,1.0,1.000001e-06
0.9687214,1.0,1.000001e-06
0.9685621,1.0,1.000001e-06
0.9684584,1.0,1.000001e-06
0.9683112,1.0,1.000001e-06
0.9682764,1.0,1.000001e-06
0.96810037,1.0,1.000001e-06
0.96822584,1.0,1.000001e-06
0.9681148,1.0,1.000001e-06
0.96805596,1.0,1.000001e-06
0.96796685,1.0,1.000001e-06
0.96785796,1.0,1.000001e-06
0.9677317,1.0,1.000001e-06
0.9676559,1.0,1.000001e-06
0.96759945,1.0,1.000001e-06
0.9675857,1.0,1.000001e-06
0.9674522,1.0,1.000001e-06
0.96743816,1.0,1.000001e-06
0.96715355,1.0,1.0000009e-06
0.96697503,1.0,1.0000009e-06
0.9669726,1.0,1.0000009e-06
0.9668728,1.0,1.0000009e-06
0.9667544,1.0,1.0000009e-06
0.96667427,1.0,1.0000009e-06
0.96651095,1.0,1.0000009e-06
0.9663713,1.0,1.0000009e-06
0.96631974,1.0,1.0000009e-06
0.9662187,1.0,1.0000009e-06
0.9662204,1.0,1.0000009e-06
0.9659714,1.0,1.0000009e-06
0.96578044,1.0,1.0000009e-06
0.9655633,1.0,1.0000009e-06
0.965486,1.0,1.0000009e-06
0.96542907,1.0,1.0000009e-06
0.9652857,1.0,1.0000009e-06
0.9650404,1.0,1.0000009e-06
0.96491015,1.0,1.0000009e-06
0.9648966,1.0,1.0000009e-06
0.96472967,1.0,1.0000009e-06
0.96450853,1.0,1.0000009e-06
0.9645168,1.0,1.0000009e-06
0.9644483,1.0,1.0000009e-06
0.9643295,1.0,1.0000009e-06
0.9642228,1.0,1.0000009e-06
0.96404636,1.0,1.0000009e-06
0.96391606,1.0,1.0000009e-06
0.9638641,1.0,1.0000009e-06
0.96379006,1.0,1.0000009e-06
0.9635012,1.0,1.0000009e-06
0.9631652,1.0,1.0000009e-06
0.9631807,1.0,1.0000009e-06
0.96298534,1.0,1.0000009e-06
0.962893,1.0,1.0000009e-06
0.9627056,1.0,1.0000009e-06
0.9625048,1.0,1.0000009e-06
0.9623529,1.0,1.0000009e-06
0.96227485,1.0,1.0000009e-06
0.9621616,1.0,1.0000009e-06
0.9619476,1.0,1.0000009e-06
0.9617724,1.0,1.0000009e-06
0.9615182,1.0,1.0000009e-06
0.96155703,1.0,1.0000009e-06
0.961376,1.0,1.0000009e-06
0.96122843,1.0,1.0000009e-06
0.96114254,1.0,1.0000009e-06
0.96103156,1.0,1.0000009e-06
0.96094716,1.0,1.0000009e-06
0.9608617,1.0,1.0000009e-06
0.96059215,1.0,1.0000009e-06
0.9604927,1.0,1.0000009e-06
0.9603103,1.0,1.0000009e-06
0.96019363,1.0,1.0000009e-06
0.9602225,1.0,1.0000009e-06
0.95985425,1.0,1.000001e-06
0.9598175,1.0,1.000001e-06
0.9595888,1.0,1.000001e-06
0.95936626,1.0,1.000001e-06
0.9590657,1.0,1.000001e-06
0.9589565,1.0,1.000001e-06
0.95874065,1.0,1.000001e-06
0.95855534,1.0,1.000001e-06
0.95830387,1.0,1.000001e-06
0.95828056,1.0,1.000001e-06
0.95802146,1.0,1.000001e-06
0.9578709,1.0,1.000001e-06
0.9576248,1.0,1.000001e-06
0.95751655,1.0,1.000001e-06
0.9572522,1.0,1.000001e-06
0.9570436,1.0,1.000001e-06
0.9567467,1.0,1.000001e-06
0.9565928,1.0,1.000001e-06
0.9563977,1.0,1.000001e-06
0.9561586,1.0,1.000001e-06
0.95597374,1.0,1.000001e-06
0.95569706,1.0,1.0000011e-06
0.9555699,1.0,1.0000011e-06
0.9552735,1.0,1.0000011e-06
0.9550571,1.0,1.0000011e-06
0.9548423,1.0,1.0000011e-06
0.9546096,1.0,1.0000011e-06
0.95433253,1.0,1.0000011e-06
0.9542372,1.0,1.0000011e-06
0.9539763,1.0,1.0000011e-06
0.95375,1.0,1.0000011e-06
0.9535413,1.0,1.0000011e-06
0.95335644,1.0,1.0000011e-06
0.95309514,1.0,1.0000011e-06
0.95299447,1.0,1.0000012e-06
0.9527544,1.0,1.0000012e-06
0.9525493,1.0,1.0000012e-06
0.9523259,1.0,1.0000012e-06
0.95229924,1.0,1.0000012e-06
0.952103,1.0,1.0000012e-06
0.9517071,1.0,1.0000012e-06
0.951493,1.0,1.0000012e-06
0.95118874,1.0,1.0000012e-06
0.9508407,1.0,1.0000014e-06
0.9506592,1.0,1.0000014e-06
0.9504314,1.0,1.0000014e-06
0.95016044,1.0,1.0000014e-06
0.94999915,1.0,1.0000014e-06
0.94969106,1.0,1.0000014e-06
0.94950277,1.0,1.0000014e-06
0.94914573,1.0,1.0000014e-06
0.94886833,1.0,1.0000015e-06
0.9486679,1.0,1.0000015e-06
0.94838226,1.0,1.0000015e-06
0.9480218,1.0,1.0000015e-06
0.9478024,1.0,1.0000015e-06
0.94749635,1.0,1.0000015e-06
0.94719255,1.0,1.0000015e-06
0.9467886,1.0,1.0000016e-06
0.9465571,1.0,1.0000016e-06
0.9463384,1.0,1.0000016e-06
0.94610536,1.0,1.0000016e-06
0.9458059,1.0,1.0000016e-06
0.9455551,1.0,1.0000017e-06
0.945294,1.0,1.0000017e-06
0.94494927,1.0,1.0000017e-06
0.94472647,1.0,1.0000017e-06
0.94439274,1.0,1.0000017e-06
0.9442529,1.0,1.0000018e-06
0.9439416,1.0,1.0000018e-06
0.9435938,1.0,1.0000018e-06
0.94329935,1.0,1.0000018e-06
0.9428936,1.0,1.0000018e-06
0.942668,1.0,1.0000019e-06
0.94230205,1.0,1.0000019e-06
0.9419204,1.0,1.0000019e-06
0.94156224,1.0,1.0000019e-06
0.94120216,1.0,1.000002e-06
0.9409567,1.0,1.000002e-06
0.9404865,1.0,1.000002e-06
0.94034743,1.0,1.000002e-06
0.9398431,1.0,1.0000022e-06
0.93949175,1.0,1.0000022e-06
0.93913335,1.0,1.0000022e-06
0.93884236,1.0,1.0000023e-06
0.93858063,1.0,1.0000023e-06
0.93816656,1.0,1.0000023e-06
0.9377437,1.0,1.0000024e-06
0.93744135,1.0,1.0000024e-06
0.9369759,1.0,1.0000024e-06
0.9366387,1.0,1.0000025e-06
0.9364032,1.0,1.0000025e-06
0.93595356,1.0,1.0000025e-06
0.9355899,1.0,1.0000026e-06
0.93514186,1.0,1.0000026e-06
0.9348375,1.0,1.0000026e-06
0.93428385,1.0,1.0000027e-06
0.9338449,1.0,1.0000027e-06
0.9336118,1.0,1.0000028e-06
0.93309677,1.0,1.0000028e-06
0.9325456,1.0,1.000003e-06
0.93204165,1.0,1.000003e-06
0.93170655,1.0,1.0000031e-06
0.9313358,1.0,1.0000031e-06
0.9309369,1.0,1.0000031e-06
0.930545,1.0,1.0000032e-06
0.93006694,1.0,1.0000032e-06
0.9295585,1.0,1.0000033e-06
0.9291527,1.0,1.0000034e-06
0.9286748,1.0,1.0000034e-06
0.9281786,1.0,1.0000035e-06
0.9276725,1.0,1.0000035e-06
0.92720217,1.0,1.0000036e-06
0.9267065,1.0,1.0000036e-06
0.9263155,1.0,1.0000037e-06
0.9257389,1.0,1.0000039e-06
0.9253263,1.0,1.0000039e-06
0.9247446,1.0,1.000004e-06
0.92428356,1.0,1.0000041e-06
0.9238067,1.0,1.0000041e-06
0.92309797,1.0,1.0000042e-06
0.9225839,1.0,1.0000043e-06
0.9220404,1.0,1.0000044e-06
0.9214379,1.0,1.0000044e-06
0.92091745,1.0,1.0000045e-06
0.92049766,1.0,1.0000047e-06
0.91986895,1.0,1.0000048e-06
0.91939723,1.0,1.0000049e-06
0.9187795,1.0,1.0000049e-06
0.91812557,1.0,1.000005e-06
0.9175202,1.0,1.0000051e-06
0.9169694,1.0,1.0000052e-06
0.91632426,1.0,1.0000053e-06
0.91563797,1.0,1.0000055e-06
0.91494304,1.0,1.0000056e-06
0.91451627,1.0,1.0000057e-06
0.9138659,1.0,1.0000058e-06
0.9132539,1.0,1.0000059e-06
0.91267836,1.0,1.000006e-06
0.9120566,1.0,1.0000061e-06
0.9113121,1.0,1.0000064e-06
0.91058475,1.0,1.0000065e-06
0.9098544,1.0,1.0000066e-06
0.909336,1.0,1.0000067e-06
0.90882623,1.0,1.0000069e-06
0.90794295,1.0,1.000007e-06
0.9071349,1.0,1.0000072e-06
0.9064984,1.0,1.0000073e-06
0.9058452,1.0,1.0000075e-06
0.90495,1.0,1.0000076e-06
0.90416986,1.0,1.0000078e-06
0.90335613,1.0,1.000008e-06
0.9026325,1.0,1.0000082e-06
0.90169376,1.0,1.0000083e-06
0.90106976,1.0,1.0000085e-06
0.9001999,1.0,1.0000088e-06
0.8994788,1.0,1.0000089e-06
0.8985214,1.0,1.0000091e-06
0.8978827,1.0,1.0000093e-06
0.89693916,1.0,1.0000095e-06
0.89606684,1.0,1.0000097e-06
0.8952603,1.0,1.0000099e-06
0.8943079,1.0,1.0000101e-06
0.8935029,1.0,1.0000103e-06
0.89269805,1.0,1.0000106e-06
0.8916687,1.0,1.0000108e-06
0.89079225,1.0,1.000011e-06
0.88976717,1.0,1.0000114e-06
0.8888457,1.0,1.0000116e-06
0.88798064,1.0,1.0000118e-06
0.8868779,1.0,1.000012e-06
0.8860746,1.0,1.0000124e-06
0.8850893,1.0,1.0000126e-06
0.88403094,1.0,1.000013e-06
0.8830205,1.0,1.0000132e-06
0.8820706,1.0,1.0000135e-06
0.88105226,1.0,1.0000139e-06
0.87991947,1.0,1.0000141e-06
0.879048,1.0,1.0000144e-06
0.87781435,1.0,1.0000148e-06
0.8768002,1.0,1.0000151e-06
0.8757948,1.0,1.0000155e-06
0.87466556,1.0,1.0000158e-06
0.8736375,1.0,1.0000161e-06
0.87256277,1.0,1.0000165e-06
0.871555,1.0,1.0000169e-06
0.8704404,1.0,1.0000173e-06
0.86946005,1.0,1.0000176e-06
0.868326,1.0,1.0000181e-06
0.8673399,1.0,1.0000185e-06
0.86634696,1.0,1.0000189e-06
0.8651768,1.0,1.0000193e-06
0.8640871,1.0,1.0000198e-06
0.8640871,1.0,1.0000202e-06
0.8640871,1.0,1.0000207e-06
0.8640871,1.0,1.0000211e-06
0.8640871,1.0,1.0000216e-06
0.8640871,1.0,1.000022e-06
0.8640871,1.0,1.0000226e-06
0.8640871,1.0,1.0000231e-06
0.8640871,1.0,1.0000236e-06
0.8640871,1.0,1.0000241e-06
0.8640871,1.0,1.0000247e-06
0.8640871,1.0,1.0000252e-06
0.8640871,1.0,1.0000258e-06
0.8640871,1.0,1.0000264e-06
0.8640871,1.0,1.0000269e-06
0.8640871,1.0,1.0000275e-06
0.8640871,1.0,1.0000282e-06
0.8640871,1.0,1.0000288e-06
0.8640871,1.0,1.0000294e-06
0.8640871,1.0,1.0000301e-06
0.8640871,1.0,1.0000308e-06
0.8640871,1.0,1.0000315e-06
0.8640871,1.0,1.0000322e-06
0.8640871,1.0,1.0000329e-06
0.8640871,1.0,1.0000335e-06
0.8640871,1.0,1.0000343e-06
0.8640871,1.0,1.000035e-06
0.8640871,1.0,1.0000358e-06
0.8640871,1.0,1.0000366e-06
0.8640871,1.0,1.0000374e-06
0.8640871,1.0,1.0000382e-06
0.8640871,1.0,1.0000391e-06
0.8640871,1.0,1.0000399e-06
0.8640871,1.0,1.0000408e-06
0.8640871,1.0,1.0000416e-06
0.8640871,1.0,1.0000425e-06
0.8640871,1.0,1.0000434e-06
0.8640871,1.0,1.0000444e-06
1.0,1.0,1.0000747e-06
1.0,1.0,1.0000747e-06
1.0,1.0,1.0000747e-06
1.0,1.0,1.0000747e-06
1.0,1.0,1.0000747e-06
1.0,1.0,1.0000746e-06
1.0,1.0,1.0000746e-06
1.0,1.0,1.0000746e-06
1.0,1.0,1.0000745e-06
1.0,1.0,1.0000745e-06
1.0,1.0,1.0000743e-06
1.0,1.0,1.0000742e-06
1.0,1.0,1.0000742e-06
1.0,1.0,1.0000741e-06
1.0,1.0,1.000074e-06
1.0,1.0,1.0000739e-06
1.0,1.0,1.0000738e-06
1.0,1.0,1.0000737e-06
1.0,1.0,1.0000734e-06
1.0,1.0,1.0000733e-06
1.0,1.0,1.0000732e-06
1.0,1.0,1.000073e-06
1.0,1.0,1.0000729e-06
1.0,1.0,1.0000726e-06
1.0,1.0,1.0000725e-06
1.0,1.0,1.0000723e-06
1.0,1.0,1.0000721e-06
1.0,1.0,1.000072e-06
1.0,1.0,1.0000717e-06
1.0,1.0,1.0000715e-06
1.0,1.0,1.0000713e-06
1.0,1.0,1.0000709e-06
1.0,1.0,1.0000707e-06
1.0,1.0,1.0000705e-06
1.0,1.0,1.0000703e-06
1.0,1.0,1.0000699e-06
1.0,1.0,1.0000697e-06
1.0,1.0,1.0000693e-06
1.0,1.0,1.000069e-06
1.0,1.0,1.0000688e-06
1.0,1.0,1.0000684e-06
1.0,1.0,1.0000681e-06
1.0,1.0,1.0000678e-06
1.0,1.0,1.0000674e-06
1.0,1.0,1.0000671e-06
1.0,1.0,1.0000667e-06
1.0,1.0,1.0000663e-06
1.0,1.0,1.0000659e-06
1.0,1.0,1.0000655e-06
1.0,1.0,1.0000651e-06
1.0,1.0,1.0000647e-06
1.0,1.0,1.0000643e-06
1.0,1.0,1.0000639e-06
1.0,1.0,1.0000634e-06
1.0,1.0,1.000063e-06
1.0,1.0,1.0000625e-06
1.0,1.0,1.0000621e-06
1.0,1.0,1.0000616e-06
1.0,1.0,1.0000612e-06
1.0,1.0,1.0000607e-06
1.0,1.0,1.0000603e-06
1.0,1.0,1.0000597e-06
1.0,1.0,1.0000592e-06
1.0,1.0,1.0000587e-06
1.0,1.0,1.0000582e-06
1.0,1.0,1.0000576e-06
1.0,1.0,1.0000572e-06
1.0,1.0,1.0000566e-06
1.0,1.0,1.000056e-06
1.0,1.0,1.0000556e-06
1.0,1.0,1.000055e-06
1.0,1.0,1.0000545e-06
1.0,1.0,1.0000539e-06
1.0,1.0,1.0000533e-06
1.0,1.0,1.0000527e-06
1.0,1.0,1.0000522e-06
1.0,1.0,1.0000516e-06
1.0,1.0,1.000051e-06
1.0,1.0,1.0000504e-06
1.0,1.0,1.0000498e-06
1.0,1.0,1.0000492e-06
1.0,1.0,1.0000487e-06
1.0,1.0,1.000048e-06
1.0,1.0,1.0000474e-06
1.0,1.0,1.0000468e-06
1.0,1.0,1.0000462e-06
1.0,1.0,1.0000456e-06
1.0,1.0,1.0000449e-06
1.0,1.0,1.0000443e-06
1.0,1.0,1.0000438e-06
1.0,1.0,1.0000431e-06
1.0,1.0,1.0000425e-06
1.0,1.0,1.0000418e-06
1.0,1.0,1.0000413e-06
1.0,1.0,1.0000406e-06
1.0,1.0,1.00004e-06
1.0,1.0,1.0000393e-06
1.0,1.0,1.0000388e-06
1.0,1.0,1.0000381e-06
1.0,1.0,1.0000375e-06
1.0,1.0,1.0000368e-06
1.0,1.0,1.0000363e-06
1.0,1.0,1.0000357e-06
1.0,1.0,1.000035e-06
1.0,1.0,1.0000344e-06
1.0,1.0,1.0000339e-06
1.0,1.0,1.0000332e-06
1.0,1.0,1.0000326e-06
1.0,1.0,1.0000321e-06
1.0,1.0,1.0000315e-06
1.0,1.0,1.0000308e-06
1.0,1.0,1.0000302e-06
1.0,1.0,1.0000297e-06
1.0,1.0,1.0000291e-06
1.0,1.0,1.0000285e-06
1.0,1.0,1.000028e-06
1.0,1.0,1.0000274e-06
1.0,1.0,1.0000268e-06
1.0,1.0,1.0000263e-06
1.0,1.0,1.0000257e-06
1.0,1.0,1.0000251e-06
0.99996036,1.0,1.0000247e-06
1.0,1.0,1.0000241e-06
1.0,1.0,1.0000235e-06
0.9999519,1.0,1.0000231e-06
0.9999597,1.0,1.0000225e-06
0.9998861,1.0,1.000022e-06
0.9999207,1.0,1.0000215e-06
1.0,1.0,1.000021e-06
0.99977654,1.0,1.0000206e-06
0.9998046,1.0,1.0000201e-06
0.999883,1.0,1.0000197e-06
0.9998047,1.0,1.0000191e-06
0.99971795,1.0,1.0000186e-06
0.99955153,1.0,1.0000182e-06
0.99963325,1.0,1.0000178e-06
0.99946123,1.0,1.0000174e-06
0.99942946,1.0,1.0000169e-06
0.99942726,1.0,1.0000165e-06
0.9993277,1.0,1.0000161e-06
0.99918586,1.0,1.0000157e-06
0.9991974,1.0,1.0000152e-06
0.9991069,1.0,1.0000149e-06
0.9990263,1.0,1.0000145e-06
0.99895114,1.0,1.0000141e-06
0.99896115,1.0,1.0000138e-06
0.99900424,1.0,1.0000134e-06
0.99906904,1.0,1.0000131e-06
0.9990512,1.0,1.0000127e-06
0.99908376,1.0,1.0000124e-06
0.9990382,1.0,1.000012e-06
0.99902016,1.0,1.0000117e-06
0.9989293,1.0,1.0000114e-06
0.9989279,1.0,1.000011e-06
0.9989033,1.0,1.0000108e-06
0.998938,1.0,1.0000105e-06
0.9989496,1.0,1.0000101e-06
0.9988604,1.0,1.0000099e-06
0.9988145,1.0,1.0000095e-06
0.9988108,1.0,1.0000093e-06
0.99879146,1.0,1.0000091e-06
0.99892205,1.0,1.0000088e-06
0.99875975,1.0,1.0000085e-06
0.998813,1.0,1.0000083e-06
0.9987987,1.0,1.0000081e-06
0.9988184,1.0,1.0000078e-06
0.99876666,1.0,1.0000076e-06
0.9987808,1.0,1.0000074e-06
0.99869037,1.0,1.0000072e-06
0.9987155,1.0,1.0000069e-06
0.99858415,1.0,1.0000068e-06
0.99861073,1.0,1.0000066e-06
0.9985738,1.0,1.0000064e-06
0.9985945,1.0,1.0000063e-06
0.99842894,1.0,1.000006e-06
0.9984267,1.0,1.0000058e-06
0.9984355,1.0,1.0000057e-06
0.99837327,1.0,1.0000055e-06
0.9983861,1.0,1.0000053e-06
0.9983481,1.0,1.0000052e-06
0.9982984,1.0,1.000005e-06
0.99823385,1.0,1.0000049e-06
0.99819976,1.0,1.0000048e-06
0.9982178,1.0,1.0000047e-06
0.99820924,1.0,1.0000044e-06
0.99819803,1.0,1.0000043e-06
0.9981192,1.0,1.0000042e-06
0.99811625,1.0,1.0000041e-06
0.99806803,1.0,1.000004e-06
0.99810356,1.0,1.0000039e-06
0.99790126,1.0,1.0000037e-06
0.99791676,1.0,1.0000036e-06
0.99787074,1.0,1.0000035e-06
0.9978789,1.0,1.0000034e-06
0.9978365,1.0,1.0000034e-06
0.9978765,1.0,1.0000033e-06
0.99785316,1.0,1.0000032e-06
0.99781185,1.0,1.0000031e-06
0.9978035,1.0,1.000003e-06
0.9977936,1.0,1.000003e-06
0.9977549,1.0,1.0000028e-06
0.9977407,1.0,1.0000027e-06
0.99770117,1.0,1.0000027e-06
0.9977341,1.0,1.0000026e-06
0.99768394,1.0,1.0000025e-06
0.9976033,1.0,1.0000025e-06
0.99759305,1.0,1.0000024e-06
0.99757016,1.0,1.0000024e-06
0.9975658,1.0,1.0000023e-06
0.99749666,1.0,1.0000023e-06
0.99747396,1.0,1.0000022e-06
0.99745345,1.0,1.0000022e-06
0.9974705,1.0,1.000002e-06
0.9974568,1.0,1.000002e-06
0.9973002,1.0,1.0000019e-06
0.99729323,1.0,1.0000019e-06
0.99724245,1.0,1.0000019e-06
0.9972549,1.0,1.0000018e-06
0.9971692,1.0,1.0000018e-06
0.99715906,1.0,1.0000018e-06
0.9971225,1.0,1.0000017e-06
0.9970563,1.0,1.0000017e-06
0.9970027,1.0,1.0000017e-06
0.99700195,1.0,1.0000016e-06
0.9969143,1.0,1.0000016e-06
0.99686867,1.0,1.0000016e-06
0.996901,1.0,1.0000015e-06
0.9968742,1.0,1.0000015e-06
0.99681187,1.0,1.0000015e-06
0.9967799,1.0,1.0000015e-06
0.99679995,1.0,1.0000014e-06
0.99670464,1.0,1.0000014e-06
0.9966474,1.0,1.0000014e-06
0.9965685,1.0,1.0000014e-06
0.9965313,1.0,1.0000012e-06
0.9965011,1.0,1.0000012e-06
0.9964305,1.0,1.0000012e-06
0.9963583,1.0,1.0000012e-06
0.99633455,1.0,1.0000012e-06
0.99626225,1.0,1.0000012e-06
0.99631494,1.0,1.0000011e-06
0.9962549,1.0,1.0000011e-06
0.9961723,1.0,1.0000011e-06
0.99625707,1.0,1.0000011e-06
0.9961813,1.0,1.0000011e-06
0.9961278,1.0,1.0000011e-06
0.996079,1.0,1.0000011e-06
0.99605453,1.0,1.0000011e-06
0.99600697,1.0,1.000001e-06
0.99601674,1.0,1.000001e-06
0.9959659,1.0,1.000001e-06
0.99593306,1.0,1.000001e-06
0.9959781,1.0,1.000001e-06
0.9959382,1.0,1.000001e-06
0.99584687,1.0,1.000001e-06
0.99585265,1.0,1.000001e-06
0.99571556,1.0,1.000001e-06
0.9957109,1.0,1.000001e-06
0.9957021,1.0,1.000001e-06
0.99564713,1.0,1.000001e-06
0.9956519,1.0,1.000001e-06
0.99560547,1.0,1.000001e-06
0.9955834,1.0,1.000001e-06
0.995545,1.0,1.000001e-06
0.9955028,1.0,1.0000009e-06
0.99545807,1.0,1.0000009e-06
0.995436,1.0,1.0000009e-06
0.9953628,1.0,1.0000009e-06
0.99529123,1.0,1.0000009e-06
0.9953402,1.0,1.0000009e-06
0.9952611,1.0,1.0000009e-06
0.99524516,1.0,1.0000009e-06
0.99522233,1.0,1.0000009e-06
0.99519205,1.0,1.0000009e-06
0.9951568,1.0,1.0000009e-06
0.99517703,1.0,1.0000009e-06
0.9951268,1.0,1.000001e-06
0.9950792,1.0,1.000001e-06
0.9950503,1.0,1.000001e-06
0.9950278,1.0,1.000001e-06
0.9949961,1.0,1.000001e-06
0.99493605,1.0,1.000001e-06
0.99490035,1.0,1.000001e-06
0.99487203,1.0,1.000001e-06
0.9948725,1.0,1.000001e-06
0.99488103,1.0,1.000001e-06
0.994798,1.0,1.000001e-06
0.9947974,1.0,1.000001e-06
0.9946803,1.0,1.000001e-06
0.99466246,1.0,1.000001e-06
0.9946361,1.0,1.000001e-06
0.9945257,1.0,1.000001e-06
0.99453366,1.0,1.0000011e-06
0.9945215,1.0,1.0000011e-06
0.99448925,1.0,1.0000011e-06
0.9944054,1.0,1.0000011e-06
0.9943497,1.0,1.0000011e-06
0.994313,1.0,1.0000011e-06
0.99430406,1.0,1.0000011e-06
0.99419886,1.0,1.0000011e-06
0.9941835,1.0,1.0000012e-06
0.9941701,1.0,1.0000012e-06
0.99407035,1.0,1.0000012e-06
0.99404186,1.0,1.0000012e-06
0.9939991,1.0,1.0000012e-06
0.99395466,1.0,1.0000012e-06
0.99393183,1.0,1.0000014e-06
0.99391294,1.0,1.0000014e-06
0.99394953,1.0,1.0000014e-06
0.99389166,1.0,1.0000014e-06
0.99386436,1.0,1.0000014e-06
0.9938441,1.0,1.0000014e-06
0.9938296,1.0,1.0000015e-06
0.9938304,1.0,1.0000015e-06
0.9937884,1.0,1.0000015e-06
0.99370414,1.0,1.0000015e-06
0.99361527,1.0,1.0000016e-06
0.99365383,1.0,1.0000016e-06
0.99362856,1.0,1.0000016e-06
0.99358034,1.0,1.0000016e-06
0.9935654,1.0,1.0000017e-06
0.99351954,1.0,1.0000017e-06
0.9934962,1.0,1.0000017e-06
0.9934994,1.0,1.0000018e-06
0.9934337,1.0,1.0000018e-06
0.993415,1.0,1.0000018e-06
0.99339336,1.0,1.0000019e-06
0.99338305,1.0,1.0000019e-06
0.9932894,1.0,1.0000019e-06
0.9932839,1.0,1.000002e-06
0.99320465,1.0,1.000002e-06
0.9931069,1.0,1.000002e-06
0.99310523,1.0,1.0000022e-06
0.99302405,1.0,1.0000022e-06
0.99302775,1.0,1.0000023e-06
0.99296415,1.0,1.0000023e-06
0.9930285,1.0,1.0000023e-06
0.99296147,1.0,1.0000024e-06
0.9929558,1.0,1.0000024e-06
0.99290466,1.0,1.0000025e-06
0.99285483,1.0,1.0000025e-06
0.992822,1.0,1.0000026e-06
0.99276716,1.0,1.0000026e-06
0.99276286,1.0,1.0000027e-06
0.9926699,1.0,1.0000027e-06
0.9926219,1.0,1.0000028e-06
0.99254304,1.0,1.0000028e-06
0.99246544,1.0,1.000003e-06
0.9924181,1.0,1.000003e-06
0.9923608,1.0,1.0000031e-06
0.99231946,1.0,1.0000031e-06
0.9922794,1.0,1.0000032e-06
0.99233115,1.0,1.0000032e-06
0.99226046,1.0,1.0000033e-06
0.99228895,1.0,1.0000033e-06
0.9921577,1.0,1.0000034e-06
0.99213254,1.0,1.0000035e-06
0.99207664,1.0,1.0000035e-06
0.9920716,1.0,1.0000036e-06
0.9920388,1.0,1.0000036e-06
0.99197173,1.0,1.0000037e-06
0.99200726,1.0,1.0000039e-06
0.9919332,1.0,1.0000039e-06
0.99193823,1.0,1.000004e-06
0.99187064,1.0,1.000004e-06
0.991841,1.0,1.0000041e-06
0.9917751,1.0,1.0000042e-06
0.9917399,1.0,1.0000042e-06
0.99166006,1.0,1.0000043e-06
0.99159527,1.0,1.0000044e-06
0.99160385,1.0,1.0000044e-06
0.9915933,1.0,1.0000045e-06
0.9915183,1.0,1.0000047e-06
0.99147636,1.0,1.0000047e-06
0.9914248,1.0,1.0000048e-06
0.99138063,1.0,1.0000048e-06
0.9913582,1.0,1.0000049e-06
0.99136835,1.0,1.000005e-06
0.99120003,1.0,1.000005e-06
0.99121416,1.0,1.0000051e-06
0.99118584,1.0,1.0000052e-06
0.99106514,1.0,1.0000052e-06
0.99105495,1.0,1.0000053e-06
0.9909898,1.0,1.0000053e-06
0.9909204,1.0,1.0000055e-06
0.9908731,1.0,1.0000056e-06
0.9908014,1.0,1.0000056e-06
0.99070376,1.0,1.0000057e-06
0.9907124,1.0,1.0000057e-06
0.99064064,1.0,1.0000058e-06
0.9905818,1.0,1.0000059e-06
0.9904956,1.0,1.0000059e-06
0.990438,1.0,1.000006e-06
0.9903303,1.0,1.000006e-06
0.9903355,1.0,1.0000061e-06
0.99027073,1.0,1.0000061e-06
0.99026006,1.0,1.0000063e-06
0.9901321,1.0,1.0000063e-06
0.99014616,1.0,1.0000064e-06
0.9901921,1.0,1.0000064e-06
0.9901821,1.0,1.0000065e-06
0.9901507,1.0,1.0000065e-06
0.99013376,1.0,1.0000066e-06
0.99010605,1.0,1.0000066e-06
0.9900348,1.0,1.0000066e-06
0.9900627,1.0,1.0000067e-06
0.99000007,1.0,1.0000067e-06
0.9900054,1.0,1.0000068e-06
0.98999995,1.0,1.0000068e-06
0.9899268,1.0,1.0000068e-06
0.9897519,1.0,1.0000069e-06
0.9897343,1.0,1.0000069e-06
0.98966044,1.0,1.0000069e-06
0.989615,1.0,1.0000069e-06
0.9895431,1.0,1.000007e-06
0.98952585,1.0,1.000007e-06
0.98946774,1.0,1.000007e-06
0.98942894,1.0,1.000007e-06
0.9894095,1.0,1.0000072e-06
0.9893172,1.0,1.0000072e-06
0.98926485,1.0,1.0000072e-06
0.989182,1.0,1.0000072e-06
0.9890963,1.0,1.0000072e-06
0.9890701,1.0,1.0000072e-06
0.9889181,1.0,1.0000072e-06
0.9889954,1.0,1.0000072e-06
0.98890877,1.0,1.0000072e-06
0.98878896,1.0,1.0000072e-06
0.98873127,1.0,1.0000073e-06
0.9886992,1.0,1.0000073e-06
0.98865545,1.0,1.0000072e-06
0.98867685,1.0,1.0000072e-06
0.9885762,1.0,1.0000072e-06
0.9885708,1.0,1.0000072e-06
0.9885541,1.0,1.0000072e-06
0.98848575,1.0,1.0000072e-06
0.9883761,1.0,1.0000072e-06
0.9882563,1.0,1.0000072e-06
0.98819184,1.0,1.0000072e-06
0.98814785,1.0,1.0000072e-06
0.988031,1.0,1.0000072e-06
0.98793316,1.0,1.000007e-06
0.9877569,1.0,1.000007e-06
0.9877922,1.0,1.000007e-06
0.9877414,1.0,1.000007e-06
0.98764914,1.0,1.000007e-06
0.9875889,1.0,1.0000069e-06
0.9876076,1.0,1.0000069e-06
0.987477,1.0,1.0000069e-06
0.9875135,1.0,1.0000069e-06
0.987323,1.0,1.0000068e-06
0.98726565,1.0,1.0000068e-06
0.9871836,1.0,1.0000068e-06
0.9870667,1.0,1.0000067e-06
0.98699117,1.0,1.0000067e-06
0.98686147,1.0,1.0000067e-06
0.9868373,1.0,1.0000066e-06
0.9866597,1.0,1.0000066e-06
0.98663235,1.0,1.0000066e-06
0.98657787,1.0,1.0000065e-06
0.98648804,1.0,1.0000065e-06
0.9865042,1.0,1.0000065e-06
0.9864306,1.0,1.0000064e-06
0.9864546,1.0,1.0000064e-06
0.98642534,1.0,1.0000064e-06
0.9864595,1.0,1.0000063e-06
0.9864865,1.0,1.0000063e-06
0.9864909,1.0,1.0000061e-06
0.98644525,1.0,1.0000061e-06
0.98638237,1.0,1.000006e-06
0.98628336,1.0,1.000006e-06
0.9862394,1.0,1.000006e-06
0.98624885,1.0,1.0000059e-06
0.98617435,1.0,1.0000059e-06
0.9860795,1.0,1.0000058e-06
0.9860392,1.0,1.0000058e-06
0.98598117,1.0,1.0000058e-06
0.98583466,1.0,1.0000057e-06
0.985733,1.0,1.0000057e-06
0.98574346,1.0,1.0000056e-06
0.98561585,1.0,1.0000056e-06
0.9855867,1.0,1.0000055e-06
0.98553205,1.0,1.0000055e-06
0.98546386,1.0,1.0000053e-06
0.9854062,1.0,1.0000053e-06
0.98528886,1.0,1.0000053e-06
0.98521,1.0,1.0000052e-06
0.9851135,1.0,1.0000052e-06
0.9850912,1.0,1.0000051e-06
0.98494333,1.0,1.0000051e-06
0.9849273,1.0,1.000005e-06
0.9848975,1.0,1.000005e-06
0.9848419,1.0,1.000005e-06
0.98483735,1.0,1.0000049e-06
0.9847187,1.0,1.0000049e-06
0.9846847,1.0,1.0000048e-06
0.9846492,1.0,1.0000048e-06
0.9845829,1.0,1.0000047e-06
0.9844315,1.0,1.0000047e-06
0.9844269,1.0,1.0000047e-06
0.9844405,1.0,1.0000045e-06
0.9843389,1.0,1.0000045e-06
0.98432827,1.0,1.0000044e-06
0.9843755,1.0,1.0000044e-06
0.9842694,1.0,1.0000044e-06
0.9842952,1.0,1.0000043e-06
0.9841724,1.0,1.0000043e-06
0.9841166,1.0,1.0000042e-06
0.9840521,1.0,1.0000042e-06
0.983989,1.0,1.0000042e-06
0.9838724,1.0,1.0000041e-06
0.9839033,1.0,1.0000041e-06
0.98380977,1.0,1.0000041e-06
0.9837985,1.0,1.000004e-06
0.98383904,1.0,1.000004e-06
0.9837308,1.0,1.0000039e-06
0.9837014,1.0,1.0000039e-06
0.9837092,1.0,1.0000039e-06
0.9836602,1.0,1.0000037e-06
0.98357606,1.0,1.0000037e-06
0.9834558,1.0,1.0000037e-06
0.9834197,1.0,1.0000036e-06
0.9833021,1.0,1.0000036e-06
0.98315996,1.0,1.0000036e-06
0.9831488,1.0,1.0000035e-06
0.9830613,1.0,1.0000035e-06
0.9831396,1.0,1.0000035e-06
0.9830222,1.0,1.0000034e-06
0.9828497,1.0,1.0000034e-06
0.9828589,1.0,1.0000034e-06
0.9827727,1.0,1.0000033e-06
0.98264897,1.0,1.0000033e-06
0.9825874,1.0,1.0000033e-06
0.98273295,1.0,1.0000032e-06
0.9826089,1.0,1.0000032e-06
0.98247325,1.0,1.0000032e-06
0.98248,1.0,1.0000031e-06
0.9825694,1.0,1.0000031e-06
0.98248744,1.0,1.0000031e-06
0.9822821,1.0,1.000003e-06
0.9823036,1.0,1.000003e-06
0.9821572,1.0,1.000003e-06
0.9821269,1.0,1.000003e-06
0.981978,1.0,1.0000028e-06
0.9819354,1.0,1.0000028e-06
0.9817961,1.0,1.0000028e-06
0.9817816,1.0,1.0000028e-06
0.98167074,1.0,1.0000027e-06
0.9816614,1.0,1.0000027e-06
0.98155314,1.0,1.0000027e-06
0.98144716,1.0,1.0000026e-06
0.9814337,1.0,1.0000026e-06
0.9813017,1.0,1.0000026e-06
0.98121256,1.0,1.0000026e-06
0.98117924,1.0,1.0000025e-06
0.9812939,1.0,1.0000025e-06
0.9812173,1.0,1.0000025e-06
0.9811798,1.0,1.0000025e-06
0.9810897,1.0,1.0000025e-06
0.9811005,1.0,1.0000024e-06
0.98101634,1.0,1.0000024e-06
0.98090655,1.0,1.0000024e-06
0.98086834,1.0,1.0000024e-06
0.9807783,1.0,1.0000023e-06
0.98069656,1.0,1.0000023e-06
0.98057276,1.0,1.0000023e-06
0.9804958,1.0,1.0000023e-06
0.9803858,1.0,1.0000023e-06
0.9803418,1.0,1.0000022e-06
0.98027545,1.0,1.0000022e-06
0.9801604,1.0,1.0000022e-06
0.98002684,1.0,1.0000022e-06
0.9800365,1.0,1.0000022e-06
0.97993094,1.0,1.000002e-06
0.97980505,1.0,1.000002e-06
0.97970825,1.0,1.000002e-06
0.97971004,1.0,1.000002e-06
0.9795811,1.0,1.000002e-06
0.97947776,1.0,1.0000019e-06
0.9795033,1.0,1.0000019e-06
0.97935283,1.0,1.0000019e-06
0.9793377,1.0,1.0000019e-06
0.97927266,1.0,1.0000019e-06
0.97918105,1.0,1.0000019e-06
0.97913885,1.0,1.0000018e-06
0.9790371,1.0,1.0000018e-06
0.97898597,1.0,1.0000018e-06
0.9789231,1.0,1.0000018e-06
0.9788309,1.0,1.0000018e-06
0.97879803,1.0,1.0000018e-06
0.97873133,1.0,1.0000017e-06
0.9787484,1.0,1.0000017e-06
0.97862923,1.0,1.0000017e-06
0.9785632,1.0,1.0000017e-06
0.9784917,1.0,1.0000017e-06
0.97842735,1.0,1.0000017e-06
0.9783246,1.0,1.0000017e-06
0.97829896,1.0,1.0000016e-06
0.97822803,1.0,1.0000016e-06
0.9781342,1.0,1.0000016e-06
0.9781127,1.0,1.0000016e-06
0.97803676,1.0,1.0000016e-06
0.9779584,1.0,1.0000016e-06
0.9777997,1.0,1.0000016e-06
0.9777498,1.0,1.0000016e-06
0.9775552,1.0,1.0000015e-06
0.9775034,1.0,1.0000015e-06
0.9773522,1.0,1.0000015e-06
0.9772737,1.0,1.0000015e-06
0.97723764,1.0,1.0000015e-06
0.97717875,1.0,1.0000015e-06
0.97715515,1.0,1.0000015e-06
0.97681206,1.0,1.0000015e-06
0.9770112,1.0,1.0000015e-06
0.97688144,1.0,1.0000014e-06
0.97677726,1.0,1.0000014e-06
0.9765541,1.0,1.0000014e-06
0.9765337,1.0,1.0000014e-06
0.9766425,1.0,1.0000014e-06
0.9765479,1.0,1.0000014e-06
0.97627276,1.0,1.0000014e-06
0.9763048,1.0,1.0000014e-06
0.9760315,1.0,1.0000014e-06
0.9760034,1.0,1.0000014e-06
0.97597086,1.0,1.0000012e-06
0.97590643,1.0,1.0000012e-06
0.97576123,1.0,1.0000012e-06
0.9758514,1.0,1.0000012e-06
0.97573364,1.0,1.0000012e-06
0.9756735,1.0,1.0000012e-06
0.97564155,1.0,1.0000012e-06
0.9755106,1.0,1.0000012e-06
0.9754153,1.0,1.0000012e-06
0.9753191,1.0,1.0000012e-06
0.9753069,1.0,1.0000012e-06
0.97514963,1.0,1.0000012e-06
0.9751935,1.0,1.0000012e-06
0.9750358,1.0,1.0000011e-06
0.9750477,1.0,1.0000011e-06
0.9749111,1.0,1.0000011e-06
0.974853,1.0,1.0000011e-06
0.9747455,1.0,1.0000011e-06
0.97464657,1.0,1.0000011e-06
0.9746058,1.0,1.0000011e-06
0.9744465,1.0,1.0000011e-06
0.9742896,1.0,1.0000011e-06
0.97429526,1.0,1.0000011e-06
0.9741848,1.0,1.0000011e-06
0.9742652,1.0,1.0000011e-06
0.97404176,1.0,1.0000011e-06
0.9739093,1.0,1.0000011e-06
0.9738763,1.0,1.0000011e-06
0.9735205,1.0,1.0000011e-06
0.97339004,1.0,1.000001e-06
0.9732941,1.0,1.000001e-06
0.9733699,1.0,1.000001e-06
0.9731601,1.0,1.000001e-06
0.97332335,1.0,1.000001e-06
0.9731671,1.0,1.000001e-06
0.9730396,1.0,1.000001e-06
0.9731699,1.0,1.000001e-06
0.9729247,1.0,1.000001e-06
0.97284,1.0,1.000001e-06
0.97269255,1.0,1.000001e-06
0.9725984,1.0,1.000001e-06
0.972617,1.0,1.000001e-06
0.9725191,1.0,1.000001e-06
0.9723856,1.0,1.000001e-06
0.97245306,1.0,1.000001e-06
0.9723195,1.0,1.000001e-06
0.97235084,1.0,1.000001e-06
0.9722118,1.0,1.000001e-06
0.97216845,1.0,1.000001e-06
0.9719863,1.0,1.000001e-06
0.9719439,1.0,1.000001e-06
0.97167563,1.0,1.000001e-06
0.971584,1.0,1.000001e-06
0.9714444,1.0,1.000001e-06
0.9714514,1.0,1.000001e-06
0.9713853,1.0,1.000001e-06
0.97114587,1.0,1.000001e-06
0.97116584,1.0,1.000001e-06
0.9710743,1.0,1.000001e-06
0.9708938,1.0,1.0000009e-06
0.97070885,1.0,1.0000009e-06
0.97059673,1.0,1.0000009e-06
0.97041816,1.0,1.0000009e-06
0.97038776,1.0,1.0000009e-06
0.97028,1.0,1.0000009e-06
0.97021204,1.0,1.0000009e-06
0.97003,1.0,1.0000009e-06
0.9700739,1.0,1.0000009e-06
0.96992546,1.0,1.0000009e-06
0.9698986,1.0,1.0000009e-06
0.9697474,1.0,1.0000009e-06
0.969664,1.0,1.0000009e-06
0.96951646,1.0,1.0000009e-06
0.9694223,1.0,1.0000009e-06
0.96933585,1.0,1.0000009e-06
0.96923345,1.0,1.0000009e-06
0.96913767,1.0,1.0000009e-06
0.96901834,1.0,1.0000009e-06
0.96884394,1.0,1.0000009e-06
0.96881557,1.0,1.0000009e-06
0.9687117,1.0,1.0000009e-06
0.9686117,1.0,1.0000009e-06
0.96848,1.0,1.0000009e-06
0.9682476,1.0,1.0000009e-06
0.96815205,1.0,1.0000009e-06
0.9680563,1.0,1.0000009e-06
0.96801233,1.0,1.0000009e-06
0.9679247,1.0,1.0000009e-06
0.9678777,1.0,1.0000009e-06
0.9677984,1.0,1.0000009e-06
0.9676537,1.0,1.0000009e-06
0.967443,1.0,1.000001e-06
0.9673552,1.0,1.000001e-06
0.96724206,1.0,1.000001e-06
0.9670312,1.0,1.000001e-06
0.9669227,1.0,1.000001e-06
0.96682394,1.0,1.000001e-06
0.9667359,1.0,1.000001e-06
0.9667018,1.0,1.000001e-06
0.966576,1.0,1.000001e-06
0.9664272,1.0,1.000001e-06
0.96629006,1.0,1.000001e-06
0.9661817,1.0,1.000001e-06
0.9658633,1.0,1.000001e-06
0.9657752,1.0,1.000001e-06
0.96572596,1.0,1.000001e-06
0.9658242,1.0,1.000001e-06
0.96561116,1.0,1.000001e-06
0.9652579,1.0,1.000001e-06
0.9651068,1.0,1.000001e-06
0.96504354,1.0,1.000001e-06
0.9649535,1.0,1.000001e-06
0.9648703,1.0,1.000001e-06
0.9647191,1.0,1.000001e-06
0.9645718,1.0,1.000001e-06
0.96435344,1.0,1.000001e-06
0.96422553,1.0,1.000001e-06
0.9641423,1.0,1.000001e-06
0.9639298,1.0,1.0000011e-06
0.9638296,1.0,1.0000011e-06
0.963688,1.0,1.0000011e-06
0.9636158,1.0,1.0000011e-06
0.96348304,1.0,1.0000011e-06
0.96329075,1.0,1.0000011e-06
0.96316427,1.0,1.0000011e-06
0.96299046,1.0,1.0000011e-06
0.96288794,1.0,1.0000011e-06
0.96275306,1.0,1.0000011e-06
0.9626177,1.0,1.0000011e-06
0.96250755,1.0,1.0000011e-06
0.9624113,1.0,1.0000011e-06
0.9622102,1.0,1.0000011e-06
0.96184194,1.0,1.0000012e-06
0.96177256,1.0,1.0000012e-06
0.9616567,1.0,1.0000012e-06
0.961516,1.0,1.0000012e-06
0.96151394,1.0,1.0000012e-06
0.96126956,1.0,1.0000012e-06
0.9610199,1.0,1.0000012e-06
0.96098596,1.0,1.0000012e-06
0.9609109,1.0,1.0000012e-06
0.9609159,1.0,1.0000012e-06
0.9607382,1.0,1.0000012e-06
0.9605948,1.0,1.0000014e-06
0.96049154,1.0,1.0000014e-06
0.9603273,1.0,1.0000014e-06
0.9600746,1.0,1.0000014e-06
0.959972,1.0,1.0000014e-06
0.9597616,1.0,1.0000014e-06
0.95960283,1.0,1.0000014e-06
0.95941544,1.0,1.0000014e-06
0.959281,1.0,1.0000015e-06
0.9591789,1.0,1.0000015e-06
0.95900756,1.0,1.0000015e-06
0.95877844,1.0,1.0000015e-06
0.9587823,1.0,1.0000015e-06
0.9586611,1.0,1.0000015e-06
0.95840853,1.0,1.0000016e-06
0.9582378,1.0,1.0000016e-06
0.9581402,1.0,1.0000016e-06
0.95800537,1.0,1.0000016e-06
0.9577919,1.0,1.0000016e-06
0.95750463,1.0,1.0000016e-06
0.9571714,1.0,1.0000017e-06
0.95707494,1.0,1.0000017e-06
0.9569578,1.0,1.0000017e-06
0.956707,1.0,1.0000017e-06
0.9564514,1.0,1.0000017e-06
0.95627487,1.0,1.0000018e-06
0.9561148,1.0,1.0000018e-06
0.9557836,1.0,1.0000018e-06
0.9556029,1.0,1.0000018e-06
0.9554664,1.0,1.0000018e-06
0.95525146,1.0,1.0000019e-06
0.9550603,1.0,1.0000019e-06
0.9547129,1.0,1.0000019e-06
0.95460624,1.0,1.0000019e-06
0.95419437,1.0,1.000002e-06
0.9540303,1.0,1.000002e-06
0.9538295,1.0,1.000002e-06
0.95356286,1.0,1.000002e-06
0.9532149,1.0,1.0000022e-06
0.953019,1.0,1.0000022e-06
0.9527902,1.0,1.0000022e-06
0.9525013,1.0,1.0000023e-06
0.95225006,1.0,1.0000023e-06
0.95211613,1.0,1.0000023e-06
0.9518696,1.0,1.0000024e-06
0.95160615,1.0,1.0000024e-06
0.9513443,1.0,1.0000024e-06
0.95115346,1.0,1.0000025e-06
0.95093286,1.0,1.0000025e-06
0.95057535,1.0,1.0000025e-06
0.9503038,1.0,1.0000026e-06
0.9500142,1.0,1.0000026e-06
0.9495547,1.0,1.0000026e-06
0.94928175,1.0,1.0000027e-06
0.9490569,1.0,1.0000027e-06
0.9488093,1.0,1.0000028e-06
0.9484715,1.0,1.0000028e-06
0.9482892,1.0,1.0000028e-06
0.947954,1.0,1.000003e-06
0.94762117,1.0,1.000003e-06
0.9472967,1.0,1.0000031e-06
0.9468975,1.0,1.0000031e-06
0.94657844,1.0,1.0000032e-06
0.94620085,1.0,1.0000032e-06
0.9458654,1.0,1.0000033e-06
0.9455585,1.0,1.0000033e-06
0.9452334,1.0,1.0000034e-06
0.9449456,1.0,1.0000034e-06
0.9445897,1.0,1.0000035e-06
0.94432104,1.0,1.0000036e-06
0.94391626,1.0,1.0000036e-06
0.9435344,1.0,1.0000037e-06
0.94313455,1.0,1.0000037e-06
0.9426438,1.0,1.0000039e-06
0.94225824,1.0,1.000004e-06
0.94181544,1.0,1.000004e-06
0.94138277,1.0,1.0000041e-06
0.9410049,1.0,1.0000042e-06
0.9405748,1.0,1.0000042e-06
0.9400738,1.0,1.0000043e-06
0.9396861,1.0,1.0000044e-06
0.9391954,1.0,1.0000045e-06
0.9388035,1.0,1.0000045e-06
0.93831134,1.0,1.0000047e-06
0.93789434,1.0,1.0000048e-06
0.9374508,1.0,1.0000049e-06
0.9370084,1.0,1.000005e-06
0.9364834,1.0,1.0000051e-06
0.9359526,1.0,1.0000052e-06
0.9355051,1.0,1.0000053e-06
0.9350106,1.0,1.0000055e-06
0.9344531,1.0,1.0000056e-06
0.93384004,1.0,1.0000057e-06
0.93328017,1.0,1.0000058e-06
0.9327053,1.0,1.0000059e-06
0.9321954,1.0,1.000006e-06
0.9316082,1.0,1.0000061e-06
0.9311376,1.0,1.0000063e-06
0.93055356,1.0,1.0000064e-06
0.9299129,1.0,1.0000065e-06
0.92938215,1.0,1.0000066e-06
0.92885906,1.0,1.0000068e-06
0.9281791,1.0,1.0000069e-06
0.9275834,1.0,1.000007e-06
0.92699176,1.0,1.0000073e-06
0.9263452,1.0,1.0000074e-06
0.92576665,1.0,1.0000075e-06
0.92513543,1.0,1.0000077e-06
0.92448264,1.0,1.0000078e-06
0.9238562,1.0,1.0000081e-06
0.9231802,1.0,1.0000082e-06
0.9225254,1.0,1.0000084e-06
0.92190266,1.0,1.0000085e-06
0.9212028,1.0,1.0000088e-06
0.92059636,1.0,1.000009e-06
0.9199701,1.0,1.0000092e-06
0.9192849,1.0,1.0000093e-06
0.9186554,1.0,1.0000095e-06
0.91796845,1.0,1.0000098e-06
0.9172573,1.0,1.00001e-06
0.9165906,1.0,1.0000102e-06
0.9158668,1.0,1.0000105e-06
0.91516495,1.0,1.0000107e-06
0.9143789,1.0,1.0000109e-06
0.91379535,1.0,1.0000111e-06
0.91306293,1.0,1.0000114e-06
0.9123668,1.0,1.0000117e-06
0.9116147,1.0,1.0000119e-06
0.91081107,1.0,1.0000122e-06
0.9101123,1.0,1.0000125e-06
0.9094442,1.0,1.0000127e-06
0.90869683,1.0,1.0000131e-06
0.90794414,1.0,1.0000133e-06
0.9071869,1.0,1.0000136e-06
0.906389,1.0,1.000014e-06
0.9056106,1.0,1.0000142e-06
0.9047651,1.0,1.0000145e-06
0.9039796,1.0,1.0000149e-06
0.90322304,1.0,1.0000152e-06
0.9023959,1.0,1.0000156e-06
0.9015881,1.0,1.0000159e-06
0.900929,1.0,1.0000163e-06
0.90008134,1.0,1.0000167e-06
0.8991928,1.0,1.000017e-06
0.8984576,1.0,1.0000175e-06
0.89761025,1.0,1.0000178e-06
0.8968577,1.0,1.0000183e-06
0.89608896,1.0,1.0000186e-06
0.89527273,1.0,1.0000191e-06
0.8945551,1.0,1.0000196e-06
0.8936641,1.0,1.00002e-06
0.8929024,1.0,1.0000205e-06
0.892063,1.0,1.0000209e-06
0.89116037,1.0,1.0000214e-06
0.8903631,1.0,1.0000218e-06
0.88952327,1.0,1.0000224e-06
0.88869995,1.0,1.0000228e-06
0.88793325,1.0,1.0000234e-06
0.88714045,1.0,1.000024e-06
0.88634795,1.0,1.0000246e-06
0.8854708,1.0,1.0000251e-06
0.8846383,1.0,1.0000257e-06
0.8837748,1.0,1.0000263e-06
0.8827995,1.0,1.0000268e-06
0.8818199,1.0,1.0000274e-06
0.880986,1.0,1.0000281e-06
0.8801086,1.0,1.0000288e-06
0.8793428,1.0,1.0000294e-06
0.878548,1.0,1.00003e-06
0.8775684,1.0,1.0000307e-06
0.8767096,1.0,1.0000315e-06
0.87585354,1.0,1.0000322e-06
0.8748907,1.0,1.0000329e-06
0.8739298,1.0,1.0000336e-06
0.87305266,1.0,1.0000343e-06
0.87219095,1.0,1.0000351e-06
0.8712854,1.0,1.0000359e-06
0.8704123,1.0,1.0000367e-06
0.8704123,1.0,1.0000376e-06
0.8704123,1.0,1.0000384e-06
0.8704123,1.0,1.0000393e-06
0.8704123,1.0,1.0000401e-06
0.8704123,1.0,1.000041e-06
0.8704123,1.0,1.000042e-06
0.8704123,1.0,1.0000429e-06
0.8704123,1.0,1.0000439e-06
0.8704123,1.0,1.0000448e-06
0.8704123,1.0,1.0000458e-06
0.8704123,1.0,1.0000468e-06
0.8704123,1.0,1.0000479e-06
0.8704123,1.0,1.0000489e-06
0.8704123,1.0,1.0000499e-06
0.8704123,1.0,1.000051e-06
0.8704123,1.0,1.0000522e-06
0.8704123,1.0,1.0000533e-06
0.8704123,1.0,1.0000545e-06
0.8704123,1.0,1.0000556e-06
0.8704123,1.0,1.0000568e-06
0.8704123,1.0,1.0000581e-06
0.8704123,1.0,1.0000593e-06
0.8704123,1.0,1.0000606e-06
0.8704123,1.0,1.0000618e-06
0.8704123,1.0,1.0000632e-06
0.8704123,1.0,1.0000646e-06
0.8704123,1.0,1.0000658e-06
0.8704123,1.0,1.0000673e-06
0.8704123,1.0,1.0000687e-06
0.8704123,1.0,1.0000701e-06
0.8704123,1.0,1.0000716e-06
0.8704123,1.0,1.000073e-06
0.8704123,1.0,1.0000745e-06
0.8704123,1.0,1.000076e-06
0.8704123,1.0,1.0000775e-06
0.8704123,1.0,1.0000791e-06
0.8704123,1.0,1.0000807e-06
0.8704123,1.0,1.0000823e-06
0.8704123,1.0,1.000084e-06
0.8704123,1.0,1.0000856e-06
0.8704123,1.0,1.0000873e-06
0.8704123,1.0,1.000089e-06
0.8704123,1.0,1.0000908e-06
0.8704123,1.0,1.0000927e-06
0.8704123,1.0,1.0000944e-06
0.8704123,1.0,1.0000963e-06
0.8704123,1.0,1.0000981e-06
0.8704123,1.0,1.0000999e-06
0.8704123,1.0,1.000102e-06
1.0,1.0,1.0000746e-06
1.0,1.0,1.0000746e-06
1.0,1.0,1.0000746e-06
1.0,1.0,1.0000745e-06
1.0,1.0,1.0000745e-06
1.0,1.0,1.0000745e-06
1.0,1.0,1.0000745e-06
1.0,1.0,1.0000743e-06
1.0,1.0,1.0000743e-06
1.0,1.0,1.0000742e-06
1.0,1.0,1.0000742e-06
1.0,1.0,1.0000741e-06
1.0,1.0,1.000074e-06
1.0,1.0,1.000074e-06
1.0,1.0,1.0000739e-06
1.0,1.0,1.0000738e-06
1.0,1.0,1.0000737e-06
1.0,1.0,1.0000736e-06
1.0,1.0,1.0000734e-06
1.0,1.0,1.0000732e-06
1.0,1.0,1.0000731e-06
1.0,1.0,1.000073e-06
1.0,1.0,1.0000728e-06
1.0,1.0,1.0000726e-06
1.0,1.0,1.0000724e-06
1.0,1.0,1.0000722e-06
1.0,1.0,1.0000721e-06
1.0,1.0,1.0000718e-06
1.0,1.0,1.0000716e-06
1.0,1.0,1.0000714e-06
1.0,1.0,1.0000712e-06
1.0,1.0,1.0000709e-06
1.0,1.0,1.0000706e-06
1.0,1.0,1.0000704e-06
1.0,1.0,1.0000701e-06
1.0,1.0,1.0000698e-06
1.0,1.0,1.0000696e-06
1.0,1.0,1.0000692e-06
1.0,1.0,1.0000689e-06
1.0,1.0,1.0000687e-06
1.0,1.0,1.0000683e-06
1.0,1.0,1.000068e-06
1.0,1.0,1.0000676e-06
1.0,1.0,1.0000673e-06
1.0,1.0,1.000067e-06
1.0,1.0,1.0000665e-06
1.0,1.0,1.0000662e-06
1.0,1.0,1.0000658e-06
1.0,1.0,1.0000655e-06
1.0,1.0,1.000065e-06
1.0,1.0,1.0000646e-06
1.0,1.0,1.0000642e-06
1.0,1.0,1.0000638e-06
1.0,1.0,1.0000633e-06
1.0,1.0,1.0000629e-06
1.0,1.0,1.0000624e-06
1.0,1.0,1.000062e-06
1.0,1.0,1.0000615e-06
1.0,1.0,1.000061e-06
1.0,1.0,1.0000606e-06
1.0,1.0,1.00006e-06
1.0,1.0,1.0000596e-06
1.0,1.0,1.0000591e-06
1.0,1.0,1.0000585e-06
1.0,1.0,1.0000581e-06
1.0,1.0,1.0000575e-06
1.0,1.0,1.000057e-06
1.0,1.0,1.0000565e-06
1.0,1.0,1.0000559e-06
1.0,1.0,1.0000554e-06
1.0,1.0,1.0000548e-06
1.0,1.0,1.0000542e-06
1.0,1.0,1.0000537e-06
1.0,1.0,1.0000531e-06
1.0,1.0,1.0000525e-06
1.0,1.0,1.000052e-06
1.0,1.0,1.0000514e-06
1.0,1.0,1.0000508e-06
1.0,1.0,1.0000502e-06
1.0,1.0,1.0000497e-06
1.0,1.0,1.000049e-06
1.0,1.0,1.0000484e-06
1.0,1.0,1.0000479e-06
1.0,1.0,1.0000473e-06
1.0,1.0,1.0000466e-06
1.0,1.0,1.000046e-06
1.0,1.0,1.0000454e-06
1.0,1.0,1.0000448e-06
0.9996891,1.0,1.0000442e-06
1.0,1.0,1.0000435e-06
1.0,1.0,1.000043e-06
1.0,1.0,1.0000423e-06
1.0,1.0,1.0000417e-06
1.0,1.0,1.000041e-06
0.9994593,1.0,1.0000405e-06
1.0,1.0,1.0000398e-06
1.0,1.0,1.0000392e-06
1.0,1.0,1.0000385e-06
1.0,1.0,1.000038e-06
1.0,1.0,1.0000374e-06
1.0,1.0,1.0000367e-06
1.0,1.0,1.0000361e-06
1.0,1.0,1.0000355e-06
1.0,1.0,1.0000349e-06
1.0,1.0,1.0000343e-06
1.0,1.0,1.0000336e-06
1.0,1.0,1.0000331e-06
1.0,1.0,1.0000325e-06
0.99996173,1.0,1.0000318e-06
0.9999252,1.0,1.0000313e-06
0.9998844,1.0,1.0000307e-06
0.99986863,1.0,1.0000301e-06
0.99998283,1.0,1.0000296e-06
1.0,1.0,1.000029e-06
1.0,1.0,1.0000284e-06
0.99999493,1.0,1.0000279e-06
0.9998,1.0,1.0000273e-06
0.9985388,1.0,1.0000267e-06
0.99958086,1.0,1.0000261e-06
0.9995742,1.0,1.0000256e-06
0.9996983,1.0,1.000025e-06
0.99979824,1.0,1.0000246e-06
0.99986255,1.0,1.000024e-06
0.99871147,1.0,1.0000234e-06
0.99978375,1.0,1.000023e-06
0.9996815,1.0,1.0000224e-06
0.9996208,1.0,1.0000219e-06
0.9994394,1.0,1.0000214e-06
0.99924946,1.0,1.0000209e-06
0.99919534,1.0,1.0000205e-06
0.99912393,1.0,1.00002e-06
0.99913317,1.0,1.0000196e-06
0.99902725,1.0,1.000019e-06
0.99897933,1.0,1.0000185e-06
0.9989338,1.0,1.0000181e-06
0.998882,1.0,1.0000177e-06
0.99885225,1.0,1.0000173e-06
0.9988102,1.0,1.0000168e-06
0.99879855,1.0,1.0000164e-06
0.9987869,1.0,1.000016e-06
0.9988458,1.0,1.0000156e-06
0.99898815,1.0,1.0000152e-06
0.9989977,1.0,1.0000148e-06
0.9988766,1.0,1.0000144e-06
0.9986836,1.0,1.000014e-06
0.9985123,1.0,1.0000136e-06
0.9983665,1.0,1.0000133e-06
0.99843365,1.0,1.000013e-06
0.9986034,1.0,1.0000126e-06
0.998743,1.0,1.0000123e-06
0.9987864,1.0,1.0000119e-06
0.99879134,1.0,1.0000116e-06
0.99763495,1.0,1.0000113e-06
0.99870944,1.0,1.000011e-06
0.9986435,1.0,1.0000107e-06
0.998444,1.0,1.0000103e-06
0.9980914,1.0,1.0000101e-06
0.99790645,1.0,1.0000098e-06
0.99785155,1.0,1.0000095e-06
0.9977766,1.0,1.0000093e-06
0.9977315,1.0,1.000009e-06
0.9976611,1.0,1.0000088e-06
0.9976144,1.0,1.0000085e-06
0.9975432,1.0,1.0000083e-06
0.9974664,1.0,1.0000081e-06
0.99744684,1.0,1.0000078e-06
0.9974744,1.0,1.0000076e-06
0.9974577,1.0,1.0000074e-06
0.997487,1.0,1.0000072e-06
0.99760395,1.0,1.0000069e-06
0.9976943,1.0,1.0000067e-06
0.9975617,1.0,1.0000066e-06
0.99728155,1.0,1.0000064e-06
0.9971184,1.0,1.0000061e-06
0.9970332,1.0,1.000006e-06
0.9969615,1.0,1.0000058e-06
0.9971158,1.0,1.0000057e-06
0.99716467,1.0,1.0000055e-06
0.9972012,1.0,1.0000053e-06
0.9972282,1.0,1.0000051e-06
0.9971502,1.0,1.000005e-06
0.9959713,1.0,1.0000049e-06
0.9970479,1.0,1.0000048e-06
0.996942,1.0,1.0000045e-06
0.99663496,1.0,1.0000044e-06
0.9965882,1.0,1.0000043e-06
0.99649507,1.0,1.0000042e-06
0.9953413,1.0,1.0000041e-06
0.9964133,1.0,1.000004e-06
0.9963211,1.0,1.0000039e-06
0.9962364,1.0,1.0000037e-06
0.99621826,1.0,1.0000036e-06
0.99614656,1.0,1.0000035e-06
0.9961235,1.0,1.0000034e-06
0.9960775,1.0,1.0000033e-06
0.9960638,1.0,1.0000033e-06
0.99607736,1.0,1.0000032e-06
0.99615276,1.0,1.0000031e-06
0.9961843,1.0,1.000003e-06
0.9960923,1.0,1.000003e-06
0.99590117,1.0,1.0000028e-06
0.9957307,1.0,1.0000027e-06
0.99562687,1.0,1.0000027e-06
0.99559754,1.0,1.0000026e-06
0.99560994,1.0,1.0000025e-06
0.99574345,1.0,1.0000025e-06
0.99581,1.0,1.0000024e-06
0.995776,1.0,1.0000024e-06
0.99573714,1.0,1.0000023e-06
0.9956997,1.0,1.0000023e-06
0.9956219,1.0,1.0000022e-06
0.99554265,1.0,1.0000022e-06
0.9952688,1.0,1.000002e-06
0.99510103,1.0,1.000002e-06
0.99502885,1.0,1.0000019e-06
0.9949454,1.0,1.0000019e-06
0.99375504,1.0,1.0000019e-06
0.9948042,1.0,1.0000018e-06
0.9947497,1.0,1.0000018e-06
0.99466753,1.0,1.0000017e-06
0.99461925,1.0,1.0000017e-06
0.99454254,1.0,1.0000017e-06
0.9933526,1.0,1.0000016e-06
0.99438816,1.0,1.0000016e-06
0.9943905,1.0,1.0000016e-06
0.9944156,1.0,1.0000016e-06
0.9944734,1.0,1.0000015e-06
0.99437374,1.0,1.0000015e-06
0.99418503,1.0,1.0000015e-06
0.99408686,1.0,1.0000014e-06
0.9940171,1.0,1.0000014e-06
0.993929,1.0,1.0000014e-06
0.9939141,1.0,1.0000014e-06
0.99397707,1.0,1.0000014e-06
0.9940928,1.0,1.0000012e-06
0.99411523,1.0,1.0000012e-06
0.9941372,1.0,1.0000012e-06
0.99413127,1.0,1.0000012e-06
0.9940959,1.0,1.0000012e-06
0.9940677,1.0,1.0000012e-06
0.9938128,1.0,1.0000011e-06
0.99349993,1.0,1.0000011e-06
0.993351,1.0,1.0000011e-06
0.9932841,1.0,1.0000011e-06
0.9931919,1.0,1.0000011e-06
0.99309516,1.0,1.0000011e-06
0.9930758,1.0,1.0000011e-06
0.99300796,1.0,1.000001e-06
0.9929568,1.0,1.000001e-06
0.992884,1.0,1.000001e-06
0.99282676,1.0,1.000001e-06
0.99166995,1.0,1.000001e-06
0.99271166,1.0,1.000001e-06
0.9926987,1.0,1.000001e-06
0.99262524,1.0,1.000001e-06
0.99254644,1.0,1.000001e-06
0.99249625,1.0,1.000001e-06
0.9924221,1.0,1.000001e-06
0.9923818,1.0,1.000001e-06
0.9923198,1.0,1.000001e-06
0.9923082,1.0,1.000001e-06
0.9923027,1.0,1.0000009e-06
0.99228865,1.0,1.0000009e-06
0.9922944,1.0,1.0000009e-06
0.99230933,1.0,1.0000009e-06
0.9922073,1.0,1.0000009e-06
0.99216026,1.0,1.0000009e-06
0.9921445,1.0,1.0000009e-06
0.9919596,1.0,1.0000009e-06
0.9917078,1.0,1.0000009e-06
0.9916435,1.0,1.0000009e-06
0.99154454,1.0,1.0000009e-06
0.99148285,1.0,1.0000009e-06
0.99140453,1.0,1.0000009e-06
0.99131364,1.0,1.0000009e-06
0.99130857,1.0,1.0000009e-06
0.9911834,1.0,1.0000009e-06
0.99109596,1.0,1.0000009e-06
0.99102324,1.0,1.000001e-06
0.9909451,1.0,1.000001e-06
0.9909845,1.0,1.000001e-06
0.9915143,1.0,1.000001e-06
0.99182767,1.0,1.000001e-06
0.99189204,1.0,1.000001e-06
0.99179566,1.0,1.000001e-06
0.99172217,1.0,1.000001e-06
0.9905175,1.0,1.000001e-06
0.99152684,1.0,1.000001e-06
0.9916546,1.0,1.000001e-06
0.99185497,1.0,1.000001e-06
0.9919702,1.0,1.000001e-06
0.99206394,1.0,1.000001e-06
0.99216425,1.0,1.000001e-06
0.9921616,1.0,1.0000011e-06
0.9921454,1.0,1.0000011e-06
0.99206674,1.0,1.0000011e-06
0.9918759,1.0,1.0000011e-06
0.9915537,1.0,1.0000011e-06
0.9912262,1.0,1.0000011e-06
0.99100685,1.0,1.0000011e-06
0.99083066,1.0,1.0000011e-06
0.99070776,1.0,1.0000012e-06
0.9906269,1.0,1.0000012e-06
0.99054974,1.0,1.0000012e-06
0.99047184,1.0,1.0000012e-06
0.99039733,1.0,1.0000012e-06
0.9903445,1.0,1.0000012e-06
0.9902306,1.0,1.0000014e-06
0.99014443,1.0,1.0000014e-06
0.9900986,1.0,1.0000014e-06
0.99019,1.0,1.0000014e-06
0.99012095,1.0,1.0000014e-06
0.98996854,1.0,1.0000015e-06
0.9898312,1.0,1.0000015e-06
0.9897416,1.0,1.0000015e-06
0.9884834,1.0,1.0000015e-06
0.9896331,1.0,1.0000016e-06
0.9896965,1.0,1.0000016e-06
0.98982877,1.0,1.0000016e-06
0.9898882,1.0,1.0000016e-06
0.989913,1.0,1.0000017e-06
0.98878926,1.0,1.0000017e-06
0.9898748,1.0,1.0000017e-06
0.9898709,1.0,1.0000018e-06
0.9897785,1.0,1.0000018e-06
0.9893766,1.0,1.0000018e-06
0.98923117,1.0,1.0000019e-06
0.98905236,1.0,1.0000019e-06
0.9888386,1.0,1.0000019e-06
0.9887061,1.0,1.000002e-06
0.9886085,1.0,1.000002e-06
0.9885266,1.0,1.000002e-06
0.9884466,1.0,1.0000022e-06
0.9883942,1.0,1.0000022e-06
0.9883615,1.0,1.0000023e-06
0.9882569,1.0,1.0000023e-06
0.9881896,1.0,1.0000023e-06
0.9881588,1.0,1.0000024e-06
0.9880908,1.0,1.0000024e-06
0.988071,1.0,1.0000025e-06
0.9879909,1.0,1.0000025e-06
0.9878446,1.0,1.0000026e-06
0.9876749,1.0,1.0000026e-06
0.9875609,1.0,1.0000027e-06
0.987484,1.0,1.0000027e-06
0.98763305,1.0,1.0000028e-06
0.98748785,1.0,1.0000028e-06
0.98774153,1.0,1.000003e-06
0.9875826,1.0,1.000003e-06
0.9875621,1.0,1.0000031e-06
0.9865131,1.0,1.0000031e-06
0.98748475,1.0,1.0000032e-06
0.98752373,1.0,1.0000032e-06
0.98723376,1.0,1.0000033e-06
0.98699653,1.0,1.0000033e-06
0.9867776,1.0,1.0000034e-06
0.9854853,1.0,1.0000035e-06
0.9864697,1.0,1.0000035e-06
0.9863401,1.0,1.0000036e-06
0.98624504,1.0,1.0000036e-06
0.9861637,1.0,1.0000037e-06
0.98603404,1.0,1.0000039e-06
0.9860327,1.0,1.0000039e-06
0.9858913,1.0,1.000004e-06
0.98553777,1.0,1.0000041e-06
0.98554885,1.0,1.0000041e-06
0.9858698,1.0,1.0000042e-06
0.98584753,1.0,1.0000042e-06
0.9857846,1.0,1.0000043e-06
0.98550457,1.0,1.0000044e-06
0.9854383,1.0,1.0000044e-06
0.98503107,1.0,1.0000045e-06
0.985098,1.0,1.0000047e-06
0.98503196,1.0,1.0000047e-06
0.98532724,1.0,1.0000048e-06
0.9852906,1.0,1.0000049e-06
0.9852607,1.0,1.0000049e-06
0.98533434,1.0,1.000005e-06
0.98511374,1.0,1.000005e-06
0.98520803,1.0,1.0000051e-06
0.985166,1.0,1.0000052e-06
0.98486507,1.0,1.0000052e-06
0.9844607,1.0,1.0000053e-06
0.9841254,1.0,1.0000055e-06
0.98395646,1.0,1.0000055e-06
0.9839307,1.0,1.0000056e-06
0.9835648,1.0,1.0000056e-06
0.98367465,1.0,1.0000057e-06
0.9836882,1.0,1.0000058e-06
0.9835904,1.0,1.0000058e-06
0.9835536,1.0,1.0000059e-06
0.982302,1.0,1.0000059e-06
0.98297995,1.0,1.000006e-06
0.98313755,1.0,1.000006e-06
0.9830707,1.0,1.0000061e-06
0.98310953,1.0,1.0000061e-06
0.9830418,1.0,1.0000063e-06
0.9817909,1.0,1.0000063e-06
0.9827905,1.0,1.0000064e-06
0.98240536,1.0,1.0000064e-06
0.9821695,1.0,1.0000065e-06
0.9822531,1.0,1.0000065e-06
0.98250455,1.0,1.0000066e-06
0.9823902,1.0,1.0000066e-06
0.9821912,1.0,1.0000066e-06
0.9824083,1.0,1.0000067e-06
0.9823462,1.0,1.0000067e-06
0.9819185,1.0,1.0000068e-06
0.98216707,1.0,1.0000068e-06
0.98202753,1.0,1.0000068e-06
0.98174316,1.0,1.0000069e-06
0.9815358,1.0,1.0000069e-06
0.98132855,1.0,1.0000069e-06
0.9801581,1.0,1.0000069e-06
0.98099566,1.0,1.000007e-06
0.98093796,1.0,1.000007e-06
0.98077935,1.0,1.000007e-06
0.98035115,1.0,1.000007e-06
0.9805352,1.0,1.0000072e-06
0.9803619,1.0,1.0000072e-06
0.98003614,1.0,1.0000072e-06
0.9800915,1.0,1.0000072e-06
0.9801047,1.0,1.0000072e-06
0.9797205,1.0,1.0000072e-06
0.9795414,1.0,1.0000072e-06
0.97973335,1.0,1.0000072e-06
0.97940725,1.0,1.0000072e-06
0.9795036,1.0,1.0000072e-06
0.97933817,1.0,1.0000072e-06
0.97915035,1.0,1.0000072e-06
0.9793227,1.0,1.0000072e-06
0.97911584,1.0,1.0000072e-06
0.97919023,1.0,1.0000072e-06
0.9792265,1.0,1.0000072e-06
0.9795537,1.0,1.0000072e-06
0.97944844,1.0,1.0000072e-06
0.97893435,1.0,1.0000072e-06
0.978701,1.0,1.0000072e-06
0.9771848,1.0,1.0000072e-06
0.9779764,1.0,1.0000072e-06
0.9782179,1.0,1.000007e-06
0.97770023,1.0,1.000007e-06
0.97751373,1.0,1.000007e-06
0.977658,1.0,1.000007e-06
0.9763466,1.0,1.000007e-06
0.9762836,1.0,1.000007e-06
0.9758504,1.0,1.0000069e-06
0.97385705,1.0,1.0000069e-06
0.9750936,1.0,1.0000069e-06
0.9748858,1.0,1.0000069e-06
0.9756028,1.0,1.0000068e-06
0.97492546,1.0,1.0000068e-06
0.97473145,1.0,1.0000068e-06
0.97464645,1.0,1.0000067e-06
0.97455156,1.0,1.0000067e-06
0.97432643,1.0,1.0000066e-06
0.9743942,1.0,1.0000066e-06
0.97400725,1.0,1.0000066e-06
0.9736894,1.0,1.0000065e-06
0.97383314,1.0,1.0000065e-06
0.97361463,1.0,1.0000065e-06
0.9738962,1.0,1.0000064e-06
0.9733757,1.0,1.0000064e-06
0.97367066,1.0,1.0000063e-06
0.9733727,1.0,1.0000063e-06
0.9730548,1.0,1.0000063e-06
0.97290653,1.0,1.0000061e-06
0.9724307,1.0,1.0000061e-06
0.9724533,1.0,1.000006e-06
0.9718624,1.0,1.000006e-06
0.97167265,1.0,1.000006e-06
0.9717562,1.0,1.0000059e-06
0.9711458,1.0,1.0000059e-06
0.97084886,1.0,1.0000058e-06
0.97080845,1.0,1.0000058e-06
0.97055465,1.0,1.0000057e-06
0.9705105,1.0,1.0000057e-06
0.9703224,1.0,1.0000057e-06
0.970089,1.0,1.0000056e-06
0.9696598,1.0,1.0000056e-06
0.96964633,1.0,1.0000055e-06
0.96969676,1.0,1.0000055e-06
0.969584,1.0,1.0000053e-06
0.96898454,1.0,1.0000053e-06
0.9688724,1.0,1.0000052e-06
0.96743625,1.0,1.0000052e-06
0.9684306,1.0,1.0000052e-06
0.9680397,1.0,1.0000051e-06
0.96813947,1.0,1.0000051e-06
0.967943,1.0,1.000005e-06
0.96803355,1.0,1.000005e-06
0.9662783,1.0,1.0000049e-06
0.96715343,1.0,1.0000049e-06
0.9668689,1.0,1.0000048e-06
0.9668428,1.0,1.0000048e-06
0.9665058,1.0,1.0000048e-06
0.9662911,1.0,1.0000047e-06
0.9646318,1.0,1.0000047e-06
0.9653439,1.0,1.0000045e-06
0.9649441,1.0,1.0000045e-06
0.96525604,1.0,1.0000045e-06
0.96468633,1.0,1.0000044e-06
0.9643367,1.0,1.0000044e-06
0.9641086,1.0,1.0000043e-06
0.96335953,1.0,1.0000043e-06
0.9636065,1.0,1.0000043e-06
0.9629558,1.0,1.0000042e-06
0.9633313,1.0,1.0000042e-06
0.9628486,1.0,1.0000041e-06
0.96293384,1.0,1.0000041e-06
0.9627631,1.0,1.0000041e-06
0.96218854,1.0,1.000004e-06
0.9616394,1.0,1.000004e-06
0.96156216,1.0,1.000004e-06
0.9609037,1.0,1.0000039e-06
0.9611914,1.0,1.0000039e-06
0.96064806,1.0,1.0000037e-06
0.9605083,1.0,1.0000037e-06
0.9606008,1.0,1.0000037e-06
0.96017194,1.0,1.0000036e-06
0.96017224,1.0,1.0000036e-06
0.9599221,1.0,1.0000036e-06
0.95932674,1.0,1.0000035e-06
0.9587136,1.0,1.0000035e-06
0.9583448,1.0,1.0000035e-06
0.957868,1.0,1.0000034e-06
0.9575958,1.0,1.0000034e-06
0.957302,1.0,1.0000034e-06
0.9567227,1.0,1.0000033e-06
0.9565439,1.0,1.0000033e-06
0.9560689,1.0,1.0000033e-06
0.956134,1.0,1.0000032e-06
0.95531654,1.0,1.0000032e-06
0.9548106,1.0,1.0000032e-06
0.9546888,1.0,1.0000031e-06
0.9542468,1.0,1.0000031e-06
0.95409584,1.0,1.0000031e-06
0.9533148,1.0,1.0000031e-06
0.95306677,1.0,1.000003e-06
0.9522213,1.0,1.000003e-06
0.9524661,1.0,1.000003e-06
0.9516451,1.0,1.0000028e-06
0.95146495,1.0,1.0000028e-06
0.95074046,1.0,1.0000028e-06
0.9504871,1.0,1.0000028e-06
0.9497619,1.0,1.0000027e-06
0.9496718,1.0,1.0000027e-06
0.94957477,1.0,1.0000027e-06
0.94925016,1.0,1.0000026e-06
0.94849044,1.0,1.0000026e-06
0.94791985,1.0,1.0000026e-06
0.9476566,1.0,1.0000026e-06
0.94700986,1.0,1.0000025e-06
0.94622123,1.0,1.0000025e-06
0.9460148,1.0,1.0000025e-06
0.9451565,1.0,1.0000025e-06
0.94441015,1.0,1.0000025e-06
0.94423366,1.0,1.0000024e-06
0.9438334,1.0,1.0000024e-06
0.9431983,1.0,1.0000024e-06
0.94284105,1.0,1.0000024e-06
0.9419279,1.0,1.0000023e-06
0.94038236,1.0,1.0000023e-06
0.9410542,1.0,1.0000023e-06
0.9404592,1.0,1.0000023e-06
0.9397497,1.0,1.0000023e-06
0.939437,1.0,1.0000022e-06
0.9387029,1.0,1.0000022e-06
0.93726873,1.0,1.0000022e-06
0.9374427,1.0,1.0000022e-06
0.93716854,1.0,1.000002e-06
0.93582076,1.0,1.000002e-06
0.93588465,1.0,1.000002e-06
0.9350473,1.0,1.000002e-06
0.93324316,1.0,1.000002e-06
0.9339372,1.0,1.000002e-06
0.9329669,1.0,1.0000019e-06
0.93240005,1.0,1.0000019e-06
0.9316903,1.0,1.0000019e-06
0.93093103,1.0,1.0000019e-06
0.93041945,1.0,1.0000019e-06
0.92994195,1.0,1.0000018e-06
0.92915946,1.0,1.0000018e-06
0.92817664,1.0,1.0000018e-06
0.92778546,1.0,1.0000018e-06
0.92685175,1.0,1.0000018e-06
0.92632455,1.0,1.0000018e-06
0.92530096,1.0,1.0000018e-06
0.924675,1.0,1.0000017e-06
0.9239509,1.0,1.0000017e-06
0.92301404,1.0,1.0000017e-06
0.92210174,1.0,1.0000017e-06
0.92154324,1.0,1.0000017e-06
0.9207395,1.0,1.0000017e-06
0.91974086,1.0,1.0000016e-06
0.9187179,1.0,1.0000016e-06
0.9178767,1.0,1.0000016e-06
0.91735727,1.0,1.0000016e-06
0.9160694,1.0,1.0000016e-06
0.9152537,1.0,1.0000016e-06
0.91446173,1.0,1.0000016e-06
0.91354406,1.0,1.0000016e-06
0.9123862,1.0,1.0000015e-06
0.91186935,1.0,1.0000015e-06
0.910749,1.0,1.0000015e-06
0.9096871,1.0,1.0000015e-06
0.9089946,1.0,1.0000015e-06
0.90774196,1.0,1.0000015e-06
0.9069077,1.0,1.0000015e-06
0.9058354,1.0,1.0000015e-06
0.9049423,1.0,1.0000014e-06
0.90257055,1.0,1.0000014e-06
0.9029813,1.0,1.0000014e-06
0.90197045,1.0,1.0000014e-06
0.9003763,1.0,1.0000014e-06
0.89959675,1.0,1.0000014e-06
0.8988631,1.0,1.0000014e-06
0.8979207,1.0,1.0000014e-06
0.8965455,1.0,1.0000014e-06
0.8955434,1.0,1.0000014e-06
0.8944272,1.0,1.0000012e-06
0.8934715,1.0,1.0000012e-06
0.8925225,1.0,1.0000012e-06
0.8910806,1.0,1.0000012e-06
0.89003843,1.0,1.0000012e-06
0.8892403,1.0,1.0000012e-06
0.88814145,1.0,1.0000012e-06
0.8869955,1.0,1.0000012e-06
0.8860431,1.0,1.0000012e-06
0.88496935,1.0,1.0000012e-06
0.8825309,1.0,1.0000012e-06
0.88257366,1.0,1.0000012e-06
0.8814027,1.0,1.0000011e-06
0.8805574,1.0,1.0000011e-06
0.8790843,1.0,1.0000011e-06
0.8784472,1.0,1.0000011e-06
0.8773132,1.0,1.0000011e-06
0.87627834,1.0,1.0000011e-06
0.87515277,1.0,1.0000011e-06
0.8741799,1.0,1.0000011e-06
0.87294835,1.0,1.0000011e-06
0.8718007,1.0,1.0000011e-06
0.8706499,1.0,1.0000011e-06
0.8695283,1.0,1.0000011e-06
0.8686303,1.0,1.0000011e-06
0.86741924,1.0,1.0000011e-06
0.86626595,1.0,1.0000011e-06
0.86512977,1.0,1.0000011e-06
0.864235,1.0,1.000001e-06
0.86288476,1.0,1.000001e-06
0.8621074,1.0,1.000001e-06
0.8608486,1.0,1.000001e-06
0.8597276,1.0,1.000001e-06
0.85846657,1.0,1.000001e-06
0.85846657,1.0,1.000001e-06
0.85846657,1.0,1.000001e-06
0.85846657,1.0,1.000001e-06
0.85846657,1.0,1.000001e-06
0.85846657,1.0,1.000001e-06
0.85846657,1.0,1.000001e-06
0.85846657,1.0,1.000001e-06
0.85846657,1.0,1.000001e-06
0.85846657,1.0,1.000001e-06
0.85846657,1.0,1.000001e-06
0.85846657,1.0,1.000001e-06
0.85846657,1.0,1.000001e-06
0.85846657,1.0,1.000001e-06
0.85846657,1.0,1.000001e-06
0.85846657,1.0,1.000001e-06
0.85846657,1.0,1.000001e-06
0.85846657,1.0,1.000001e-06
0.85846657,1.0,1.0000009e-06
0.85846657,1.0,1.0000009e-06
0.85846657,1.0,1.0000009e-06
0.85846657,1.0,1.0000009e-06
0.85846657,1.0,1.0000009e-06
0.85846657,1.0,1.0000009e-06
0.85846657,1.0,1.0000009e-06
0.85846657,1.0,1.0000009e-06
0.85846657,1.0,1.0000009e-06
0.85846657,1.0,1.0000009e-06
0.85846657,1.0,1.0000009e-06
0.85846657,1.0,1.0000009e-06
0.85846657,1.0,1.0000009e-06
0.85846657,1.0,1.0000009e-06
0.85846657,1.0,1.0000009e-06
0.85846657,1.0,1.0000009e-06
0.85846657,1.0,1.0000009e-06
0.85846657,1.0,1.0000009e-06
0.85846657,1.0,1.0000009e-06
1.0,1.0,1.0000746e-06
1.0,1.0,1.0000746e-06
1.0,1.0,1.0000745e-06
1.0,1.0,1.0000745e-06
1.0,1.0,1.0000745e-06
1.0,1.0,1.0000745e-06
1.0,1.0,1.0000745e-06
1.0,1.0,1.0000745e-06
1.0,1.0,1.0000743e-06
1.0,1.0,1.0000743e-06
1.0,1.0,1.0000742e-06
1.0,1.0,1.0000741e-06
1.0,1.0,1.000074e-06
1.0,1.0,1.000074e-06
1.0,1.0,1.0000739e-06
1.0,1.0,1.0000738e-06
1.0,1.0,1.0000737e-06
1.0,1.0,1.0000736e-06
1.0,1.0,1.0000733e-06
1.0,1.0,1.0000732e-06
1.0,1.0,1.0000731e-06
1.0,1.0,1.000073e-06
1.0,1.0,1.0000728e-06
1.0,1.0,1.0000726e-06
1.0,1.0,1.0000724e-06
1.0,1.0,1.0000722e-06
1.0,1.0,1.000072e-06
1.0,1.0,1.0000718e-06
1.0,1.0,1.0000716e-06
1.0,1.0,1.0000714e-06
1.0,1.0,1.0000712e-06
1.0,1.0,1.0000708e-06
1.0,1.0,1.0000706e-06
1.0,1.0,1.0000704e-06
1.0,1.0,1.0000701e-06
1.0,1.0,1.0000698e-06
1.0,1.0,1.0000696e-06
1.0,1.0,1.0000692e-06
1.0,1.0,1.0000689e-06
1.0,1.0,1.0000687e-06
1.0,1.0,1.0000683e-06
1.0,1.0,1.000068e-06
1.0,1.0,1.0000676e-06
1.0,1.0,1.0000673e-06
1.0,1.0,1.000067e-06
1.0,1.0,1.0000666e-06
1.0,1.0,1.0000662e-06
1.0,1.0,1.0000658e-06
1.0,1.0,1.0000655e-06
1.0,1.0,1.000065e-06
1.0,1.0,1.0000646e-06
1.0,1.0,1.0000642e-06
1.0,1.0,1.0000638e-06
1.0,1.0,1.0000633e-06
1.0,1.0,1.0000629e-06
1.0,1.0,1.0000624e-06
1.0,1.0,1.000062e-06
1.0,1.0,1.0000615e-06
1.0,1.0,1.000061e-06
1.0,1.0,1.0000606e-06
1.0,1.0,1.00006e-06
1.0,1.0,1.0000596e-06
1.0,1.0,1.0000591e-06
1.0,1.0,1.0000585e-06
1.0,1.0,1.0000581e-06
1.0,1.0,1.0000575e-06
1.0,1.0,1.000057e-06
1.0,1.0,1.0000565e-06
1.0,1.0,1.0000559e-06
1.0,1.0,1.0000554e-06
1.0,1.0,1.0000548e-06
1.0,1.0,1.0000542e-06
1.0,1.0,1.0000537e-06
1.0,1.0,1.0000531e-06
1.0,1.0,1.0000525e-06
1.0,1.0,1.000052e-06
1.0,1.0,1.0000514e-06
1.0,1.0,1.0000508e-06
1.0,1.0,1.0000502e-06
1.0,1.0,1.0000497e-06
1.0,1.0,1.000049e-06
1.0,1.0,1.0000484e-06
1.0,1.0,1.0000479e-06
1.0,1.0,1.0000472e-06
1.0,1.0,1.0000466e-06
1.0,1.0,1.000046e-06
1.0,1.0,1.0000454e-06
1.0,1.0,1.0000448e-06
1.0,1.0,1.0000441e-06
1.0,1.0,1.0000435e-06
1.0,1.0,1.000043e-06
1.0,1.0,1.0000423e-06
1.0,1.0,1.0000417e-06
1.0,1.0,1.000041e-06
1.0,1.0,1.0000405e-06
1.0,1.0,1.0000398e-06
1.0,1.0,1.0000392e-06
1.0,1.0,1.0000385e-06
1.0,1.0,1.000038e-06
1.0,1.0,1.0000373e-06
1.0,1.0,1.0000367e-06
1.0,1.0,1.0000361e-06
1.0,1.0,1.0000355e-06
1.0,1.0,1.0000349e-06
1.0,1.0,1.0000342e-06
1.0,1.0,1.0000336e-06
1.0,1.0,1.0000331e-06
1.0,1.0,1.0000324e-06
1.0,1.0,1.0000318e-06
1.0,1.0,1.0000313e-06
1.0,1.0,1.0000307e-06
1.0,1.0,1.0000301e-06
1.0,1.0,1.0000296e-06
1.0,1.0,1.0000289e-06
1.0,1.0,1.0000283e-06
1.0,1.0,1.0000277e-06
0.9992003,1.0,1.0000272e-06
1.0,1.0,1.0000267e-06
1.0,1.0,1.0000261e-06
1.0,1.0,1.0000256e-06
1.0,1.0,1.000025e-06
1.0,1.0,1.0000244e-06
1.0,1.0,1.000024e-06
1.0,1.0,1.0000234e-06
1.0,1.0,1.000023e-06
1.0,1.0,1.0000224e-06
1.0,1.0,1.0000219e-06
0.9999429,1.0,1.0000214e-06
0.9998343,1.0,1.0000209e-06
0.99976,1.0,1.0000205e-06
0.9997234,1.0,1.0000199e-06
0.9996949,1.0,1.0000194e-06
0.99963814,1.0,1.000019e-06
0.99958783,1.0,1.0000185e-06
0.9995458,1.0,1.0000181e-06
0.9995222,1.0,1.0000176e-06
0.99951476,1.0,1.0000173e-06
0.99948925,1.0,1.0000168e-06
0.9994875,1.0,1.0000164e-06
0.9984615,1.0,1.0000159e-06
0.99972206,1.0,1.0000156e-06
0.99968076,1.0,1.0000151e-06
0.9995085,1.0,1.0000148e-06
0.9993574,1.0,1.0000144e-06
0.9992325,1.0,1.000014e-06
0.9991341,1.0,1.0000136e-06
0.99931914,1.0,1.0000133e-06
0.9995042,1.0,1.000013e-06
0.99959,1.0,1.0000126e-06
0.9996236,1.0,1.0000123e-06
0.9996238,1.0,1.0000119e-06
0.9996179,1.0,1.0000116e-06
0.99949473,1.0,1.0000113e-06
0.99937636,1.0,1.000011e-06
0.99906445,1.0,1.0000107e-06
0.9988338,1.0,1.0000103e-06
0.99868435,1.0,1.0000101e-06
0.9986937,1.0,1.0000098e-06
0.9986502,1.0,1.0000095e-06
0.99861693,1.0,1.0000092e-06
0.9985791,1.0,1.000009e-06
0.9985417,1.0,1.0000088e-06
0.99730974,1.0,1.0000085e-06
0.9984122,1.0,1.0000083e-06
0.9984339,1.0,1.0000081e-06
0.9984225,1.0,1.0000078e-06
0.99845225,1.0,1.0000076e-06
0.9985349,1.0,1.0000074e-06
0.99861604,1.0,1.0000072e-06
0.9984945,1.0,1.0000069e-06
0.9982819,1.0,1.0000067e-06
0.998118,1.0,1.0000065e-06
0.9980181,1.0,1.0000064e-06
0.99794453,1.0,1.0000061e-06
0.9980609,1.0,1.000006e-06
0.9980787,1.0,1.0000058e-06
0.99814594,1.0,1.0000057e-06
0.9981526,1.0,1.0000055e-06
0.99812764,1.0,1.0000053e-06
0.9968973,1.0,1.0000051e-06
0.9979669,1.0,1.000005e-06
0.99784034,1.0,1.0000049e-06
0.9975788,1.0,1.0000048e-06
0.9974674,1.0,1.0000045e-06
0.9974081,1.0,1.0000044e-06
0.99734247,1.0,1.0000043e-06
0.99729913,1.0,1.0000042e-06
0.9972205,1.0,1.0000041e-06
0.9971624,1.0,1.000004e-06
0.9971089,1.0,1.0000039e-06
0.99706995,1.0,1.0000037e-06
0.99701756,1.0,1.0000036e-06
0.9970102,1.0,1.0000035e-06
0.9969927,1.0,1.0000034e-06
0.9970094,1.0,1.0000033e-06
0.9971077,1.0,1.0000033e-06
0.9971289,1.0,1.0000032e-06
0.9970232,1.0,1.0000031e-06
0.9967859,1.0,1.000003e-06
0.99660826,1.0,1.000003e-06
0.99654007,1.0,1.0000028e-06
0.9958538,1.0,1.0000027e-06
0.9953733,1.0,1.0000027e-06
0.99665993,1.0,1.0000026e-06
0.9967172,1.0,1.0000025e-06
0.9966993,1.0,1.0000025e-06
0.9966519,1.0,1.0000024e-06
0.9965964,1.0,1.0000024e-06
0.99657655,1.0,1.0000023e-06
0.9963902,1.0,1.0000023e-06
0.9961104,1.0,1.0000022e-06
0.99601567,1.0,1.0000022e-06
0.99595535,1.0,1.000002e-06
0.9958737,1.0,1.000002e-06
0.9958207,1.0,1.0000019e-06
0.99575585,1.0,1.0000019e-06
0.9956822,1.0,1.0000018e-06
0.9955953,1.0,1.0000018e-06
0.9955249,1.0,1.0000018e-06
0.99549705,1.0,1.0000017e-06
0.9955116,1.0,1.0000017e-06
0.9954071,1.0,1.0000017e-06
0.9954221,1.0,1.0000016e-06
0.9954927,1.0,1.0000016e-06
0.99543214,1.0,1.0000016e-06
0.99413085,1.0,1.0000015e-06
0.9951321,1.0,1.0000015e-06
0.9950444,1.0,1.0000015e-06
0.9949616,1.0,1.0000015e-06
0.99494815,1.0,1.0000014e-06
0.99500954,1.0,1.0000014e-06
0.99512684,1.0,1.0000014e-06
0.9951606,1.0,1.0000014e-06
0.995185,1.0,1.0000014e-06
0.99517614,1.0,1.0000012e-06
0.9951275,1.0,1.0000012e-06
0.9951057,1.0,1.0000012e-06
0.99484146,1.0,1.0000012e-06
0.9945232,1.0,1.0000012e-06
0.9943287,1.0,1.0000011e-06
0.9942384,1.0,1.0000011e-06
0.9941559,1.0,1.0000011e-06
0.99406755,1.0,1.0000011e-06
0.9939731,1.0,1.0000011e-06
0.9939287,1.0,1.0000011e-06
0.99385625,1.0,1.0000011e-06
0.99376446,1.0,1.0000011e-06
0.9937048,1.0,1.000001e-06
0.99250776,1.0,1.000001e-06
0.9935586,1.0,1.000001e-06
0.9935397,1.0,1.000001e-06
0.99349093,1.0,1.000001e-06
0.99336225,1.0,1.000001e-06
0.99329114,1.0,1.000001e-06
0.99321556,1.0,1.000001e-06
0.99311054,1.0,1.000001e-06
0.99302876,1.0,1.000001e-06
0.9930266,1.0,1.000001e-06
0.99304676,1.0,1.000001e-06
0.99302095,1.0,1.000001e-06
0.9930491,1.0,1.000001e-06
0.9929789,1.0,1.0000009e-06
0.99288744,1.0,1.0000009e-06
0.9928387,1.0,1.0000009e-06
0.99280745,1.0,1.0000009e-06
0.9922801,1.0,1.0000009e-06
0.9923776,1.0,1.0000009e-06
0.9922995,1.0,1.0000009e-06
0.99223953,1.0,1.0000009e-06
0.99216574,1.0,1.0000009e-06
0.99206793,1.0,1.0000009e-06
0.99087423,1.0,1.0000009e-06
0.9919673,1.0,1.0000009e-06
0.991861,1.0,1.0000009e-06
0.9917804,1.0,1.0000009e-06
0.99170834,1.0,1.0000009e-06
0.9916234,1.0,1.0000009e-06
0.99215853,1.0,1.0000009e-06
0.99249655,1.0,1.0000009e-06
0.9926313,1.0,1.000001e-06
0.99255896,1.0,1.000001e-06
0.9924528,1.0,1.000001e-06
0.9923655,1.0,1.000001e-06
0.9923048,1.0,1.000001e-06
0.9923166,1.0,1.000001e-06
0.99249685,1.0,1.000001e-06
0.99261117,1.0,1.000001e-06
0.99268246,1.0,1.000001e-06
0.9915958,1.0,1.000001e-06
0.9927348,1.0,1.000001e-06
0.9926823,1.0,1.000001e-06
0.9925968,1.0,1.000001e-06
0.99247843,1.0,1.000001e-06
0.9921446,1.0,1.0000011e-06
0.9918307,1.0,1.0000011e-06
0.991568,1.0,1.0000011e-06
0.99139106,1.0,1.0000011e-06
0.9912323,1.0,1.0000011e-06
0.991118,1.0,1.0000011e-06
0.9910092,1.0,1.0000011e-06
0.99093556,1.0,1.0000011e-06
0.9908274,1.0,1.0000012e-06
0.9907819,1.0,1.0000012e-06
0.99067307,1.0,1.0000012e-06
0.99057156,1.0,1.0000012e-06
0.99051607,1.0,1.0000012e-06
0.99057513,1.0,1.0000012e-06
0.9904749,1.0,1.0000014e-06
0.99033535,1.0,1.0000014e-06
0.9901818,1.0,1.0000014e-06
0.9900586,1.0,1.0000014e-06
0.9887588,1.0,1.0000014e-06
0.9899506,1.0,1.0000015e-06
0.99005526,1.0,1.0000015e-06
0.99012625,1.0,1.0000015e-06
0.9901421,1.0,1.0000015e-06
0.9901664,1.0,1.0000016e-06
0.9901482,1.0,1.0000016e-06
0.9900724,1.0,1.0000016e-06
0.99005383,1.0,1.0000016e-06
0.9898493,1.0,1.0000017e-06
0.98955077,1.0,1.0000017e-06
0.98926574,1.0,1.0000017e-06
0.9891125,1.0,1.0000018e-06
0.9888555,1.0,1.0000018e-06
0.9887471,1.0,1.0000018e-06
0.9885456,1.0,1.0000019e-06
0.9885122,1.0,1.0000019e-06
0.9884294,1.0,1.0000019e-06
0.9883623,1.0,1.000002e-06
0.98827463,1.0,1.000002e-06
0.9881628,1.0,1.000002e-06
0.98810905,1.0,1.0000022e-06
0.9880993,1.0,1.0000022e-06
0.98695976,1.0,1.0000022e-06
0.9880053,1.0,1.0000023e-06
0.98784757,1.0,1.0000023e-06
0.98763305,1.0,1.0000024e-06
0.9874588,1.0,1.0000024e-06
0.9873372,1.0,1.0000025e-06
0.9874133,1.0,1.0000025e-06
0.98750734,1.0,1.0000026e-06
0.9875745,1.0,1.0000026e-06
0.98759043,1.0,1.0000026e-06
0.98757654,1.0,1.0000027e-06
0.9875267,1.0,1.0000027e-06
0.9874783,1.0,1.0000028e-06
0.9873759,1.0,1.0000028e-06
0.9870894,1.0,1.000003e-06
0.9867605,1.0,1.0000031e-06
0.9861532,1.0,1.0000031e-06
0.9862262,1.0,1.0000032e-06
0.98612183,1.0,1.0000032e-06
0.9859586,1.0,1.0000033e-06
0.98583007,1.0,1.0000033e-06
0.98536927,1.0,1.0000034e-06
0.985575,1.0,1.0000034e-06
0.98437285,1.0,1.0000035e-06
0.9854334,1.0,1.0000036e-06
0.9853526,1.0,1.0000036e-06
0.9852549,1.0,1.0000037e-06
0.9852389,1.0,1.0000037e-06
0.9852288,1.0,1.0000039e-06
0.9850594,1.0,1.000004e-06
0.9848609,1.0,1.000004e-06
0.9846567,1.0,1.0000041e-06
0.9844623,1.0,1.0000041e-06
0.98401046,1.0,1.0000042e-06
0.9843256,1.0,1.0000043e-06
0.98441315,1.0,1.0000043e-06
0.98441225,1.0,1.0000044e-06
0.98443216,1.0,1.0000045e-06
0.98435074,1.0,1.0000045e-06
0.9842635,1.0,1.0000047e-06
0.9840536,1.0,1.0000048e-06
0.98397875,1.0,1.0000048e-06
0.9835795,1.0,1.0000049e-06
0.9832876,1.0,1.0000049e-06
0.9827496,1.0,1.000005e-06
0.98239195,1.0,1.0000051e-06
0.98127544,1.0,1.0000051e-06
0.9824628,1.0,1.0000052e-06
0.98213047,1.0,1.0000053e-06
0.98218083,1.0,1.0000053e-06
0.98199093,1.0,1.0000055e-06
0.9818324,1.0,1.0000055e-06
0.98167336,1.0,1.0000056e-06
0.9816915,1.0,1.0000057e-06
0.9816193,1.0,1.0000057e-06
0.981644,1.0,1.0000058e-06
0.98151857,1.0,1.0000058e-06
0.9812731,1.0,1.0000059e-06
0.9810676,1.0,1.0000059e-06
0.980855,1.0,1.000006e-06
0.98065937,1.0,1.000006e-06
0.9805461,1.0,1.0000061e-06
0.9803966,1.0,1.0000061e-06
0.98036826,1.0,1.0000063e-06
0.98040915,1.0,1.0000063e-06
0.98033804,1.0,1.0000064e-06
0.9801277,1.0,1.0000064e-06
0.9799823,1.0,1.0000065e-06
0.97992176,1.0,1.0000065e-06
0.97864205,1.0,1.0000066e-06
0.9794273,1.0,1.0000066e-06
0.97883034,1.0,1.0000066e-06
0.9788321,1.0,1.0000067e-06
0.97860634,1.0,1.0000067e-06
0.9783885,1.0,1.0000068e-06
0.9780246,1.0,1.0000068e-06
0.9780195,1.0,1.0000068e-06
0.9778682,1.0,1.0000069e-06
0.97766936,1.0,1.0000069e-06
0.9774115,1.0,1.0000069e-06
0.97725594,1.0,1.0000069e-06
0.9770934,1.0,1.000007e-06
0.97690135,1.0,1.000007e-06
0.9766799,1.0,1.000007e-06
0.9765169,1.0,1.000007e-06
0.976302,1.0,1.000007e-06
0.9760684,1.0,1.000007e-06
0.9759019,1.0,1.0000072e-06
0.97551537,1.0,1.0000072e-06
0.97563356,1.0,1.0000072e-06
0.9755644,1.0,1.0000072e-06
0.97550094,1.0,1.0000072e-06
0.9745007,1.0,1.0000072e-06
0.9748935,1.0,1.0000072e-06
0.9750223,1.0,1.0000072e-06
0.97505194,1.0,1.0000072e-06
0.97485286,1.0,1.0000072e-06
0.97471327,1.0,1.0000072e-06
0.97430956,1.0,1.0000072e-06
0.9734858,1.0,1.0000072e-06
0.9732673,1.0,1.0000072e-06
0.97330546,1.0,1.0000072e-06
0.973069,1.0,1.0000072e-06
0.972649,1.0,1.0000072e-06
0.9716114,1.0,1.000007e-06
0.9712368,1.0,1.000007e-06
0.96970475,1.0,1.000007e-06
0.96845466,1.0,1.000007e-06
0.97016335,1.0,1.000007e-06
0.9699124,1.0,1.000007e-06
0.9698924,1.0,1.0000069e-06
0.96954376,1.0,1.0000069e-06
0.9693208,1.0,1.0000069e-06
0.9690856,1.0,1.0000068e-06
0.96885055,1.0,1.0000068e-06
0.96743554,1.0,1.0000068e-06
0.9682499,1.0,1.0000068e-06
0.96805066,1.0,1.0000067e-06
0.96790266,1.0,1.0000067e-06
0.9677491,1.0,1.0000067e-06
0.96733063,1.0,1.0000066e-06
0.9673312,1.0,1.0000066e-06
0.9669455,1.0,1.0000066e-06
0.96668893,1.0,1.0000065e-06
0.9666612,1.0,1.0000065e-06
0.9662889,1.0,1.0000065e-06
0.96564,1.0,1.0000064e-06
0.9652718,1.0,1.0000064e-06
0.9648975,1.0,1.0000063e-06
0.96441895,1.0,1.0000063e-06
0.9641227,1.0,1.0000063e-06
0.96350706,1.0,1.0000061e-06
0.96320665,1.0,1.0000061e-06
0.96304375,1.0,1.000006e-06
0.9629173,1.0,1.000006e-06
0.9621231,1.0,1.000006e-06
0.96227086,1.0,1.0000059e-06
0.9619833,1.0,1.0000059e-06
0.9614059,1.0,1.0000058e-06
0.961266,1.0,1.0000058e-06
0.9606123,1.0,1.0000057e-06
0.9603706,1.0,1.0000057e-06
0.959728,1.0,1.0000057e-06
0.95978355,1.0,1.0000056e-06
0.95828474,1.0,1.0000056e-06
0.95866394,1.0,1.0000055e-06
0.9582942,1.0,1.0000055e-06
0.9585823,1.0,1.0000053e-06
0.9577709,1.0,1.0000053e-06
0.9578299,1.0,1.0000052e-06
0.9571733,1.0,1.0000052e-06
0.9568756,1.0,1.0000052e-06
0.95653033,1.0,1.0000051e-06
0.9559606,1.0,1.0000051e-06
0.9552562,1.0,1.000005e-06
0.9552333,1.0,1.000005e-06
0.9547474,1.0,1.0000049e-06
0.9539466,1.0,1.0000049e-06
0.95323133,1.0,1.0000049e-06
0.9527917,1.0,1.0000048e-06
0.95264363,1.0,1.0000048e-06
0.95232517,1.0,1.0000047e-06
0.95152515,1.0,1.0000047e-06
0.9507248,1.0,1.0000047e-06
0.95110685,1.0,1.0000045e-06
0.94969887,1.0,1.0000045e-06
0.94951326,1.0,1.0000044e-06
0.94911236,1.0,1.0000044e-06
0.94910103,1.0,1.0000044e-06
0.9484624,1.0,1.0000043e-06
0.94753647,1.0,1.0000043e-06
0.9476072,1.0,1.0000042e-06
0.94698524,1.0,1.0000042e-06
0.9460481,1.0,1.0000042e-06
0.94571495,1.0,1.0000041e-06
0.9453044,1.0,1.0000041e-06
0.9448624,1.0,1.000004e-06
0.9440457,1.0,1.000004e-06
0.9440202,1.0,1.000004e-06
0.9438719,1.0,1.0000039e-06
0.94297564,1.0,1.0000039e-06
0.9422804,1.0,1.0000039e-06
0.941603,1.0,1.0000037e-06
0.9402089,1.0,1.0000037e-06
0.94027555,1.0,1.0000037e-06
0.9394378,1.0,1.0000036e-06
0.9388757,1.0,1.0000036e-06
0.9383438,1.0,1.0000035e-06
0.93785423,1.0,1.0000035e-06
0.9367956,1.0,1.0000035e-06
0.9362378,1.0,1.0000034e-06
0.93562037,1.0,1.0000034e-06
0.9349455,1.0,1.0000034e-06
0.9343057,1.0,1.0000033e-06
0.93365633,1.0,1.0000033e-06
0.93320584,1.0,1.0000033e-06
0.9325989,1.0,1.0000032e-06
0.93182564,1.0,1.0000032e-06
0.9312123,1.0,1.0000032e-06
0.9303168,1.0,1.0000032e-06
0.9297255,1.0,1.0000031e-06
0.92922336,1.0,1.0000031e-06
0.9285143,1.0,1.0000031e-06
0.92790365,1.0,1.000003e-06
0.92738587,1.0,1.000003e-06
0.92642456,1.0,1.000003e-06
0.9259167,1.0,1.0000028e-06
0.92517406,1.0,1.0000028e-06
0.92441845,1.0,1.0000028e-06
0.92335975,1.0,1.0000028e-06
0.92273855,1.0,1.0000027e-06
0.9218732,1.0,1.0000027e-06
0.9208369,1.0,1.0000027e-06
0.92058593,1.0,1.0000027e-06
0.9193645,1.0,1.0000026e-06
0.91823137,1.0,1.0000026e-06
0.917976,1.0,1.0000026e-06
0.91694856,1.0,1.0000026e-06
0.9164599,1.0,1.0000025e-06
0.91544974,1.0,1.0000025e-06
0.9149136,1.0,1.0000025e-06
0.9140301,1.0,1.0000025e-06
0.9131858,1.0,1.0000024e-06
0.91215396,1.0,1.0000024e-06
0.9112565,1.0,1.0000024e-06
0.910419,1.0,1.0000024e-06
0.9096603,1.0,1.0000023e-06
0.90854144,1.0,1.0000023e-06
0.9075666,1.0,1.0000023e-06
0.9070441,1.0,1.0000023e-06
0.9060405,1.0,1.0000023e-06
0.90513134,1.0,1.0000022e-06
0.9043918,1.0,1.0000022e-06
0.9033644,1.0,1.0000022e-06
0.9027987,1.0,1.0000022e-06
0.90160346,1.0,1.0000022e-06
0.90061325,1.0,1.000002e-06
0.89986265,1.0,1.000002e-06
0.8991053,1.0,1.000002e-06
0.89805704,1.0,1.000002e-06
0.89607394,1.0,1.000002e-06
0.89630526,1.0,1.0000019e-06
0.89539444,1.0,1.0000019e-06
0.8944468,1.0,1.0000019e-06
0.8937609,1.0,1.0000019e-06
0.89275813,1.0,1.0000019e-06
0.8917646,1.0,1.0000019e-06
0.89104456,1.0,1.0000018e-06
0.889654,1.0,1.0000018e-06
0.88895905,1.0,1.0000018e-06
0.887943,1.0,1.0000018e-06
0.8870772,1.0,1.0000018e-06
0.8862464,1.0,1.0000018e-06
0.88504684,1.0,1.0000017e-06
0.88410777,1.0,1.0000017e-06
0.8831593,1.0,1.0000017e-06
0.88228214,1.0,1.0000017e-06
0.8814056,1.0,1.0000017e-06
0.88052934,1.0,1.0000017e-06
0.87945515,1.0,1.0000017e-06
0.87855226,1.0,1.0000016e-06
0.87762433,1.0,1.0000016e-06
0.87664664,1.0,1.0000016e-06
0.87574476,1.0,1.0000016e-06
0.87485284,1.0,1.0000016e-06
0.87272114,1.0,1.0000016e-06
0.87281454,1.0,1.0000016e-06
0.87173754,1.0,1.0000015e-06
0.8708334,1.0,1.0000015e-06
0.86994755,1.0,1.0000015e-06
0.8689844,1.0,1.0000015e-06
0.86784273,1.0,1.0000015e-06
0.8668068,1.0,1.0000015e-06
0.86580324,1.0,1.0000015e-06
0.86495465,1.0,1.0000015e-06
0.86385566,1.0,1.0000015e-06
0.8628862,1.0,1.0000014e-06
0.8621028,1.0,1.0000014e-06
0.86103326,1.0,1.0000014e-06
0.85979575,1.0,1.0000014e-06
0.8589351,1.0,1.0000014e-06
0.8578163,1.0,1.0000014e-06
0.8569842,1.0,1.0000014e-06
0.85584,1.0,1.0000014e-06
0.8543563,1.0,1.0000014e-06
0.85370433,1.0,1.0000012e-06
0.8529225,1.0,1.0000012e-06
0.85179615,1.0,1.0000012e-06
0.850798,1.0,1.0000012e-06
0.8493942,1.0,1.0000012e-06
0.84865075,1.0,1.0000012e-06
0.8472998,1.0,1.0000012e-06
0.84627396,1.0,1.0000012e-06
0.845313,1.0,1.0000012e-06
0.8443222,1.0,1.0000012e-06
0.84368855,1.0,1.0000012e-06
0.8422438,1.0,1.0000012e-06
0.8422438,1.0,1.0000011e-06
0.8422438,1.0,1.0000011e-06
0.8422438,1.0,1.0000011e-06
0.8422438,1.0,1.0000011e-06
0.8422438,1.0,1.0000011e-06
0.8422438,1.0,1.0000011e-06
0.8422438,1.0,1.0000011e-06
0.8422438,1.0,1.0000011e-06
0.8422438,1.0,1.0000011e-06
0.8422438,1.0,1.0000011e-06
0.8422438,1.0,1.0000011e-06
0.8422438,1.0,1.0000011e-06
0.8422438,1.0,1.0000011e-06
0.8422438,1.0,1.0000011e-06
0.8422438,1.0,1.0000011e-06
0.8422438,1.0,1.000001e-06
0.8422438,1.0,1.000001e-06
0.8422438,1.0,1.000001e-06
0.8422438,1.0,1.000001e-06
0.8422438,1.0,1.000001e-06
1.0,1.0,1.0000749e-06
1.0,1.0,1.0000749e-06
1.0,1.0,1.0000749e-06
1.0,1.0,1.0000749e-06
1.0,1.0,1.0000749e-06
1.0,1.0,1.0000749e-06
1.0,1.0,1.0000748e-06
1.0,1.0,1.0000748e-06
1.0,1.0,1.0000747e-06
1.0,1.0,1.0000747e-06
1.0,1.0,1.0000746e-06
1.0,1.0,1.0000745e-06
1.0,1.0,1.0000745e-06
1.0,1.0,1.0000743e-06
1.0,1.0,1.0000742e-06
1.0,1.0,1.0000741e-06
1.0,1.0,1.000074e-06
1.0,1.0,1.0000739e-06
1.0,1.0,1.0000737e-06
1.0,1.0,1.0000736e-06
1.0,1.0,1.0000734e-06
1.0,1.0,1.0000733e-06
1.0,1.0,1.0000731e-06
1.0,1.0,1.000073e-06
1.0,1.0,1.0000728e-06
1.0,1.0,1.0000725e-06
1.0,1.0,1.0000723e-06
1.0,1.0,1.0000722e-06
1.0,1.0,1.000072e-06
1.0,1.0,1.0000717e-06
1.0,1.0,1.0000715e-06
1.0,1.0,1.0000712e-06
1.0,1.0,1.0000709e-06
1.0,1.0,1.0000707e-06
1.0,1.0,1.0000705e-06
1.0,1.0,1.0000701e-06
1.0,1.0,1.0000699e-06
1.0,1.0,1.0000696e-06
1.0,1.0,1.0000692e-06
1.0,1.0,1.0000689e-06
1.0,1.0,1.0000687e-06
1.0,1.0,1.0000683e-06
1.0,1.0,1.000068e-06
1.0,1.0,1.0000676e-06
1.0,1.0,1.0000672e-06
1.0,1.0,1.0000668e-06
1.0,1.0,1.0000665e-06
1.0,1.0,1.000066e-06
1.0,1.0,1.0000657e-06
1.0,1.0,1.0000653e-06
1.0,1.0,1.0000649e-06
1.0,1.0,1.0000645e-06
1.0,1.0,1.000064e-06
1.0,1.0,1.0000635e-06
1.0,1.0,1.0000631e-06
1.0,1.0,1.0000626e-06
1.0,1.0,1.0000622e-06
1.0,1.0,1.0000617e-06
1.0,1.0,1.0000613e-06
1.0,1.0,1.0000608e-06
1.0,1.0,1.0000604e-06
1.0,1.0,1.0000598e-06
1.0,1.0,1.0000593e-06
1.0,1.0,1.0000588e-06
1.0,1.0,1.0000583e-06
1.0,1.0,1.0000578e-06
1.0,1.0,1.0000572e-06
1.0,1.0,1.0000567e-06
1.0,1.0,1.0000562e-06
1.0,1.0,1.0000556e-06
1.0,1.0,1.000055e-06
1.0,1.0,1.0000545e-06
1.0,1.0,1.0000539e-06
1.0,1.0,1.0000533e-06
1.0,1.0,1.0000527e-06
1.0,1.0,1.0000522e-06
1.0,1.0,1.0000516e-06
1.0,1.0,1.000051e-06
1.0,1.0,1.0000504e-06
1.0,1.0,1.0000498e-06
1.0,1.0,1.0000492e-06
1.0,1.0,1.0000485e-06
1.0,1.0,1.000048e-06
1.0,1.0,1.0000474e-06
1.0,1.0,1.0000467e-06
1.0,1.0,1.0000462e-06
1.0,1.0,1.0000456e-06
1.0,1.0,1.0000449e-06
0.99980116,1.0,1.0000443e-06
1.0,1.0,1.0000437e-06
0.99996895,1.0,1.0000431e-06
0.999723,1.0,1.0000424e-06
1.0,1.0,1.0000418e-06
1.0,1.0,1.0000412e-06
0.99987435,1.0,1.0000406e-06
1.0,1.0,1.0000399e-06
0.9997543,1.0,1.0000393e-06
1.0,1.0,1.0000387e-06
1.0,1.0,1.0000381e-06
0.9998599,1.0,1.0000374e-06
0.99988407,1.0,1.0000368e-06
0.9998641,1.0,1.0000361e-06
0.99937856,1.0,1.0000356e-06
0.9996613,1.0,1.000035e-06
0.99995506,1.0,1.0000343e-06
0.9995013,1.0,1.0000338e-06
0.99973303,1.0,1.0000331e-06
0.9996925,1.0,1.0000325e-06
0.9995088,1.0,1.000032e-06
0.9993927,1.0,1.0000314e-06
0.99925596,1.0,1.0000307e-06
0.9998545,1.0,1.0000301e-06
0.9988785,1.0,1.0000296e-06
0.99948967,1.0,1.000029e-06
0.9990407,1.0,1.0000284e-06
0.9997325,1.0,1.0000279e-06
0.9988448,1.0,1.0000273e-06
0.9989562,1.0,1.0000267e-06
0.998685,1.0,1.0000261e-06
0.9983308,1.0,1.0000256e-06
0.9993029,1.0,1.0000251e-06
0.9981779,1.0,1.0000246e-06
0.99934345,1.0,1.000024e-06
0.99882066,1.0,1.0000235e-06
0.9986594,1.0,1.000023e-06
0.9981693,1.0,1.0000224e-06
0.9986575,1.0,1.0000219e-06
0.9982437,1.0,1.0000215e-06
0.9991202,1.0,1.0000209e-06
0.9983923,1.0,1.0000205e-06
0.998378,1.0,1.00002e-06
0.99866873,1.0,1.0000196e-06
0.99842113,1.0,1.0000191e-06
0.9978429,1.0,1.0000185e-06
0.99828696,1.0,1.0000182e-06
0.9987779,1.0,1.0000177e-06
0.998081,1.0,1.0000173e-06
0.99846375,1.0,1.0000168e-06
0.99837303,1.0,1.0000164e-06
0.99814403,1.0,1.000016e-06
0.9979392,1.0,1.0000156e-06
0.9978741,1.0,1.0000152e-06
0.9979808,1.0,1.0000148e-06
0.99741596,1.0,1.0000144e-06
0.9974574,1.0,1.000014e-06
0.9971676,1.0,1.0000136e-06
0.9976174,1.0,1.0000133e-06
0.99681646,1.0,1.000013e-06
0.99794394,1.0,1.0000126e-06
0.99672765,1.0,1.0000123e-06
0.99726146,1.0,1.0000119e-06
0.9977139,1.0,1.0000116e-06
0.9981542,1.0,1.0000113e-06
0.99720335,1.0,1.000011e-06
0.9978629,1.0,1.0000107e-06
0.9975079,1.0,1.0000103e-06
0.9974192,1.0,1.0000101e-06
0.9976232,1.0,1.0000098e-06
0.9971728,1.0,1.0000095e-06
0.9977563,1.0,1.0000092e-06
0.9970195,1.0,1.000009e-06
0.9971147,1.0,1.0000088e-06
0.9963739,1.0,1.0000085e-06
0.99669045,1.0,1.0000083e-06
0.996934,1.0,1.0000081e-06
0.99731547,1.0,1.0000077e-06
0.9967662,1.0,1.0000076e-06
0.9971006,1.0,1.0000074e-06
0.99685293,1.0,1.0000072e-06
0.99703944,1.0,1.0000069e-06
0.9972207,1.0,1.0000067e-06
0.99659693,1.0,1.0000065e-06
0.9970142,1.0,1.0000064e-06
0.9961705,1.0,1.0000061e-06
0.99660206,1.0,1.000006e-06
0.996692,1.0,1.0000058e-06
0.9961133,1.0,1.0000057e-06
0.9964158,1.0,1.0000055e-06
0.9962146,1.0,1.0000053e-06
0.99657756,1.0,1.0000051e-06
0.9964605,1.0,1.000005e-06
0.9963182,1.0,1.0000049e-06
0.99637043,1.0,1.0000047e-06
0.9963374,1.0,1.0000045e-06
0.9955265,1.0,1.0000044e-06
0.99661857,1.0,1.0000043e-06
0.9957006,1.0,1.0000042e-06
0.9959649,1.0,1.0000041e-06
0.9960479,1.0,1.000004e-06
0.9960581,1.0,1.0000039e-06
0.9959403,1.0,1.0000037e-06
0.99644697,1.0,1.0000036e-06
0.9952002,1.0,1.0000035e-06
0.9958992,1.0,1.0000034e-06
0.9957756,1.0,1.0000033e-06
0.9964377,1.0,1.0000033e-06
0.9955265,1.0,1.0000032e-06
0.9957436,1.0,1.0000031e-06
0.995956,1.0,1.000003e-06
0.9947923,1.0,1.0000028e-06
0.9949241,1.0,1.0000028e-06
0.994899,1.0,1.0000027e-06
0.9954085,1.0,1.0000026e-06
0.9946983,1.0,1.0000026e-06
0.9949839,1.0,1.0000025e-06
0.99464923,1.0,1.0000025e-06
0.99569106,1.0,1.0000024e-06
0.9952584,1.0,1.0000024e-06
0.9949621,1.0,1.0000023e-06
0.99506825,1.0,1.0000023e-06
0.994898,1.0,1.0000022e-06
0.9948217,1.0,1.0000022e-06
0.9953295,1.0,1.000002e-06
0.99433744,1.0,1.000002e-06
0.99509305,1.0,1.0000019e-06
0.9947604,1.0,1.0000019e-06
0.9944541,1.0,1.0000018e-06
0.99451375,1.0,1.0000018e-06
0.9947207,1.0,1.0000018e-06
0.99521,1.0,1.0000017e-06
0.9946814,1.0,1.0000017e-06
0.99453247,1.0,1.0000017e-06
0.9938425,1.0,1.0000016e-06
0.99501026,1.0,1.0000016e-06
0.99424464,1.0,1.0000016e-06
0.99428296,1.0,1.0000015e-06
0.9935849,1.0,1.0000015e-06
0.9935686,1.0,1.0000015e-06
0.99399763,1.0,1.0000015e-06
0.9941609,1.0,1.0000014e-06
0.99319345,1.0,1.0000014e-06
0.99353755,1.0,1.0000014e-06
0.993455,1.0,1.0000014e-06
0.9937167,1.0,1.0000014e-06
0.9933519,1.0,1.0000012e-06
0.993368,1.0,1.0000012e-06
0.99405897,1.0,1.0000012e-06
0.9933515,1.0,1.0000012e-06
0.99342877,1.0,1.0000012e-06
0.9934057,1.0,1.0000011e-06
0.99352694,1.0,1.0000011e-06
0.99311966,1.0,1.0000011e-06
0.9943496,1.0,1.0000011e-06
0.9934814,1.0,1.0000011e-06
0.99283034,1.0,1.0000011e-06
0.9935776,1.0,1.0000011e-06
0.9927063,1.0,1.0000011e-06
0.9933572,1.0,1.000001e-06
0.993061,1.0,1.000001e-06
0.9929988,1.0,1.000001e-06
0.99328804,1.0,1.000001e-06
0.9924927,1.0,1.000001e-06
0.99319345,1.0,1.000001e-06
0.9923119,1.0,1.000001e-06
0.99250644,1.0,1.000001e-06
0.99272984,1.0,1.000001e-06
0.99246025,1.0,1.000001e-06
0.9921186,1.0,1.000001e-06
0.8895214,1.0,1.000001e-06
0.9892593,1.0,1.000001e-06
0.9908912,1.0,1.0000009e-06
0.99070716,1.0,1.0000009e-06
0.9907013,1.0,1.0000009e-06
0.99103695,1.0,1.0000009e-06
0.99042386,1.0,1.0000009e-06
0.9913532,1.0,1.0000009e-06
0.99054736,1.0,1.0000009e-06
0.9913471,1.0,1.0000009e-06
0.99065626,1.0,1.0000009e-06
0.9910382,1.0,1.0000009e-06
0.9909403,1.0,1.0000009e-06
0.9905966,1.0,1.0000009e-06
0.9908252,1.0,1.0000009e-06
0.9907595,1.0,1.0000009e-06
0.9911151,1.0,1.0000009e-06
0.9908874,1.0,1.0000009e-06
0.99105865,1.0,1.0000009e-06
0.9908298,1.0,1.0000009e-06
0.9903041,1.0,1.0000009e-06
0.99048465,1.0,1.0000009e-06
0.99055463,1.0,1.000001e-06
0.9905307,1.0,1.000001e-06
0.9901457,1.0,1.000001e-06
0.9906282,1.0,1.000001e-06
0.9904271,1.0,1.000001e-06
0.9900352,1.0,1.000001e-06
0.99057627,1.0,1.000001e-06
0.99035746,1.0,1.000001e-06
0.9898268,1.0,1.000001e-06
0.9900327,1.0,1.000001e-06
0.9896911,1.0,1.000001e-06
0.99054426,1.0,1.000001e-06
0.9896335,1.0,1.000001e-06
0.99020964,1.0,1.000001e-06
0.98964214,1.0,1.0000011e-06
0.98996454,1.0,1.0000011e-06
0.9897104,1.0,1.0000011e-06
0.9896367,1.0,1.0000011e-06
0.98936874,1.0,1.0000011e-06
0.98999625,1.0,1.0000011e-06
0.98887235,1.0,1.0000011e-06
0.98984826,1.0,1.0000011e-06
0.9886815,1.0,1.0000012e-06
0.9892798,1.0,1.0000012e-06
0.9889451,1.0,1.0000012e-06
0.98933226,1.0,1.0000012e-06
0.98817796,1.0,1.0000012e-06
0.9886442,1.0,1.0000012e-06
0.9882261,1.0,1.0000014e-06
0.9884681,1.0,1.0000014e-06
0.9884797,1.0,1.0000014e-06
0.9877789,1.0,1.0000014e-06
0.9883226,1.0,1.0000014e-06
0.9884409,1.0,1.0000015e-06
0.988682,1.0,1.0000015e-06
0.98786575,1.0,1.0000015e-06
0.9882452,1.0,1.0000015e-06
0.98769706,1.0,1.0000016e-06
0.9886454,1.0,1.0000016e-06
0.9871722,1.0,1.0000016e-06
0.9884718,1.0,1.0000016e-06
0.9878512,1.0,1.0000017e-06
0.9879462,1.0,1.0000017e-06
0.9876696,1.0,1.0000017e-06
0.9877937,1.0,1.0000017e-06
0.9873725,1.0,1.0000018e-06
0.98739064,1.0,1.0000018e-06
0.98655707,1.0,1.0000018e-06
0.9878469,1.0,1.0000019e-06
0.9869183,1.0,1.0000019e-06
0.98757684,1.0,1.0000019e-06
0.9871636,1.0,1.000002e-06
0.9871829,1.0,1.000002e-06
0.9863778,1.0,1.0000022e-06
0.9872986,1.0,1.0000022e-06
0.98681295,1.0,1.0000022e-06
0.986834,1.0,1.0000023e-06
0.9868185,1.0,1.0000023e-06
0.9861306,1.0,1.0000024e-06
0.9863073,1.0,1.0000024e-06
0.9861157,1.0,1.0000024e-06
0.9869372,1.0,1.0000025e-06
0.98626876,1.0,1.0000025e-06
0.986731,1.0,1.0000026e-06
0.9858508,1.0,1.0000026e-06
0.9863444,1.0,1.0000027e-06
0.98643297,1.0,1.0000027e-06
0.9864646,1.0,1.0000028e-06
0.98545283,1.0,1.0000028e-06
0.986209,1.0,1.000003e-06
0.9856149,1.0,1.000003e-06
0.9861458,1.0,1.0000031e-06
0.9862511,1.0,1.0000031e-06
0.985947,1.0,1.0000032e-06
0.98548776,1.0,1.0000032e-06
0.98590404,1.0,1.0000033e-06
0.9852141,1.0,1.0000033e-06
0.9854767,1.0,1.0000034e-06
0.98553133,1.0,1.0000035e-06
0.9857,1.0,1.0000035e-06
0.98543745,1.0,1.0000036e-06
0.9854086,1.0,1.0000036e-06
0.98447263,1.0,1.0000037e-06
0.9847808,1.0,1.0000039e-06
0.98419416,1.0,1.0000039e-06
0.9847661,1.0,1.000004e-06
0.9838121,1.0,1.000004e-06
0.9845337,1.0,1.0000041e-06
0.9843753,1.0,1.0000042e-06
0.9849292,1.0,1.0000042e-06
0.98434526,1.0,1.0000043e-06
0.9845446,1.0,1.0000043e-06
0.9841238,1.0,1.0000044e-06
0.98422563,1.0,1.0000045e-06
0.98385376,1.0,1.0000045e-06
0.9845648,1.0,1.0000047e-06
0.9836761,1.0,1.0000047e-06
0.9841183,1.0,1.0000048e-06
0.9835189,1.0,1.0000049e-06
0.9841543,1.0,1.0000049e-06
0.9834436,1.0,1.000005e-06
0.98419297,1.0,1.000005e-06
0.98325336,1.0,1.0000051e-06
0.98365283,1.0,1.0000052e-06
0.98254836,1.0,1.0000052e-06
0.9835278,1.0,1.0000053e-06
0.98323923,1.0,1.0000053e-06
0.98362005,1.0,1.0000055e-06
0.9831365,1.0,1.0000056e-06
0.9837615,1.0,1.0000056e-06
0.983029,1.0,1.0000057e-06
0.98284775,1.0,1.0000057e-06
0.9826101,1.0,1.0000058e-06
0.98298603,1.0,1.0000058e-06
0.9823132,1.0,1.0000059e-06
0.9832178,1.0,1.0000059e-06
0.9820559,1.0,1.000006e-06
0.982147,1.0,1.000006e-06
0.98264754,1.0,1.0000061e-06
0.98197377,1.0,1.0000061e-06
0.9821209,1.0,1.0000063e-06
0.9826301,1.0,1.0000063e-06
0.98201364,1.0,1.0000063e-06
0.98122007,1.0,1.0000064e-06
0.98195493,1.0,1.0000064e-06
0.9817897,1.0,1.0000065e-06
0.9821402,1.0,1.0000065e-06
0.9818762,1.0,1.0000065e-06
0.98125225,1.0,1.0000066e-06
0.9819322,1.0,1.0000066e-06
0.981674,1.0,1.0000066e-06
0.98124117,1.0,1.0000067e-06
0.980777,1.0,1.0000067e-06
0.9808866,1.0,1.0000067e-06
0.9807658,1.0,1.0000067e-06
0.9809903,1.0,1.0000068e-06
0.9810805,1.0,1.0000068e-06
0.98052937,1.0,1.0000068e-06
0.9803774,1.0,1.0000068e-06
0.980447,1.0,1.0000068e-06
0.9809955,1.0,1.0000069e-06
0.9797038,1.0,1.0000069e-06
0.9805512,1.0,1.0000069e-06
0.9792355,1.0,1.0000069e-06
0.98017615,1.0,1.0000069e-06
0.9799176,1.0,1.0000069e-06
0.97952735,1.0,1.0000069e-06
0.97977054,1.0,1.0000069e-06
0.9797803,1.0,1.0000069e-06
0.97906876,1.0,1.0000069e-06
0.9798645,1.0,1.0000069e-06
0.9787216,1.0,1.0000069e-06
0.97972107,1.0,1.0000069e-06
0.9793066,1.0,1.0000069e-06
0.97979486,1.0,1.0000069e-06
0.9794592,1.0,1.0000069e-06
0.9789967,1.0,1.0000069e-06
0.97930175,1.0,1.0000069e-06
0.9792397,1.0,1.0000069e-06
0.9785672,1.0,1.0000068e-06
0.9782203,1.0,1.0000068e-06
0.9790318,1.0,1.0000068e-06
0.97809076,1.0,1.0000068e-06
0.9785804,1.0,1.0000068e-06
0.97860146,1.0,1.0000068e-06
0.97829396,1.0,1.0000067e-06
0.97818345,1.0,1.0000067e-06
0.9778319,1.0,1.0000067e-06
0.9781558,1.0,1.0000067e-06
0.9776513,1.0,1.0000066e-06
0.97747916,1.0,1.0000066e-06
0.97795004,1.0,1.0000066e-06
0.97704625,1.0,1.0000066e-06
0.9774661,1.0,1.0000065e-06
0.9767709,1.0,1.0000065e-06
0.9772685,1.0,1.0000065e-06
0.97726095,1.0,1.0000064e-06
0.97735673,1.0,1.0000064e-06
0.97693473,1.0,1.0000064e-06
0.9767508,1.0,1.0000063e-06
0.97673637,1.0,1.0000063e-06
0.9767672,1.0,1.0000063e-06
0.97650427,1.0,1.0000061e-06
0.97674483,1.0,1.0000061e-06
0.97646147,1.0,1.0000061e-06
0.97574294,1.0,1.000006e-06
0.975961,1.0,1.000006e-06
0.97536004,1.0,1.0000059e-06
0.97556317,1.0,1.0000059e-06
0.97607625,1.0,1.0000059e-06
0.9750377,1.0,1.0000058e-06
0.9755395,1.0,1.0000058e-06
0.9752379,1.0,1.0000058e-06
0.97499394,1.0,1.0000057e-06
0.9752716,1.0,1.0000057e-06
0.97485757,1.0,1.0000056e-06
0.9750153,1.0,1.0000056e-06
0.9748831,1.0,1.0000056e-06
0.97479177,1.0,1.0000055e-06
0.97398615,1.0,1.0000055e-06
0.974165,1.0,1.0000053e-06
0.9732867,1.0,1.0000053e-06
0.973464,1.0,1.0000052e-06
0.97327447,1.0,1.0000052e-06
0.97321177,1.0,1.0000052e-06
0.97305775,1.0,1.0000051e-06
0.97346956,1.0,1.0000051e-06
0.97293395,1.0,1.000005e-06
0.9733313,1.0,1.000005e-06
0.9733415,1.0,1.000005e-06
0.9723132,1.0,1.0000049e-06
0.97259885,1.0,1.0000049e-06
0.97247535,1.0,1.0000048e-06
0.9726125,1.0,1.0000048e-06
0.9719727,1.0,1.0000047e-06
0.9722272,1.0,1.0000047e-06
0.9715443,1.0,1.0000047e-06
0.9709691,1.0,1.0000045e-06
0.97190076,1.0,1.0000045e-06
0.97087604,1.0,1.0000044e-06
0.97082996,1.0,1.0000044e-06
0.97131306,1.0,1.0000044e-06
0.97076553,1.0,1.0000043e-06
0.9706203,1.0,1.0000043e-06
0.9699631,1.0,1.0000043e-06
0.97038025,1.0,1.0000042e-06
0.97027355,1.0,1.0000042e-06
0.9698633,1.0,1.0000041e-06
0.96910787,1.0,1.0000041e-06
0.9699252,1.0,1.0000041e-06
0.96909744,1.0,1.000004e-06
0.9690994,1.0,1.000004e-06
0.9690984,1.0,1.0000039e-06
0.96876943,1.0,1.0000039e-06
0.9687034,1.0,1.0000039e-06
0.9689009,1.0,1.0000037e-06
0.96819854,1.0,1.0000037e-06
0.9679092,1.0,1.0000037e-06
0.96795887,1.0,1.0000036e-06
0.96794456,1.0,1.0000036e-06
0.9678715,1.0,1.0000036e-06
0.96736836,1.0,1.0000035e-06
0.96788764,1.0,1.0000035e-06
0.96704125,1.0,1.0000035e-06
0.9668169,1.0,1.0000034e-06
0.9669853,1.0,1.0000034e-06
0.9667841,1.0,1.0000034e-06
0.96685344,1.0,1.0000033e-06
0.9664307,1.0,1.0000033e-06
0.96651083,1.0,1.0000033e-06
0.96620077,1.0,1.0000032e-06
0.966346,1.0,1.0000032e-06
0.9660188,1.0,1.0000032e-06
0.96593654,1.0,1.0000031e-06
0.9656046,1.0,1.0000031e-06
0.9651603,1.0,1.0000031e-06
0.9646849,1.0,1.0000031e-06
0.96449053,1.0,1.000003e-06
0.9644358,1.0,1.000003e-06
0.96430784,1.0,1.000003e-06
0.96492857,1.0,1.0000028e-06
0.9646511,1.0,1.0000028e-06
0.9639384,1.0,1.0000028e-06
0.96393126,1.0,1.0000028e-06
0.9642814,1.0,1.0000027e-06
0.9636599,1.0,1.0000027e-06
0.9641147,1.0,1.0000027e-06
0.96323836,1.0,1.0000026e-06
0.9635567,1.0,1.0000026e-06
0.96396023,1.0,1.0000026e-06
0.9629537,1.0,1.0000026e-06
0.9635272,1.0,1.0000025e-06
0.9630505,1.0,1.0000025e-06
0.9624131,1.0,1.0000025e-06
0.96273696,1.0,1.0000025e-06
0.962224,1.0,1.0000024e-06
0.9616068,1.0,1.0000024e-06
0.96206105,1.0,1.0000024e-06
0.96145433,1.0,1.0000024e-06
0.96160334,1.0,1.0000024e-06
0.96198857,1.0,1.0000023e-06
0.96112746,1.0,1.0000023e-06
0.96121824,1.0,1.0000023e-06
0.9612164,1.0,1.0000023e-06
0.96039957,1.0,1.0000022e-06
0.96057385,1.0,1.0000022e-06
0.9609697,1.0,1.0000022e-06
0.95983565,1.0,1.0000022e-06
0.96064717,1.0,1.0000022e-06
0.95927304,1.0,1.000002e-06
0.9588977,1.0,1.000002e-06
0.95918816,1.0,1.000002e-06
0.95929855,1.0,1.000002e-06
0.9590486,1.0,1.000002e-06
0.958739,1.0,1.000002e-06
0.9587433,1.0,1.0000019e-06
0.95913285,1.0,1.0000019e-06
0.9590164,1.0,1.0000019e-06
0.95866776,1.0,1.0000019e-06
0.95861155,1.0,1.0000019e-06
0.95841926,1.0,1.0000018e-06
0.9585071,1.0,1.0000018e-06
0.9581428,1.0,1.0000018e-06
0.9577528,1.0,1.0000018e-06
0.9575073,1.0,1.0000018e-06
0.9580668,1.0,1.0000018e-06
0.95717555,1.0,1.0000017e-06
0.9569856,1.0,1.0000017e-06
0.95680696,1.0,1.0000017e-06
0.9567735,1.0,1.0000017e-06
0.956745,1.0,1.0000017e-06
0.9568095,1.0,1.0000017e-06
0.9560544,1.0,1.0000017e-06
0.9559462,1.0,1.0000016e-06
0.9561797,1.0,1.0000016e-06
0.9556096,1.0,1.0000016e-06
0.955753,1.0,1.0000016e-06
0.95600194,1.0,1.0000016e-06
0.95521003,1.0,1.0000016e-06
0.95509195,1.0,1.0000016e-06
0.9552871,1.0,1.0000016e-06
0.9543009,1.0,1.0000015e-06
0.95448494,1.0,1.0000015e-06
0.95409054,1.0,1.0000015e-06
0.95413834,1.0,1.0000015e-06
0.95461214,1.0,1.0000015e-06
0.95401335,1.0,1.0000015e-06
0.9539327,1.0,1.0000015e-06
0.9538841,1.0,1.0000015e-06
0.95433486,1.0,1.0000015e-06
0.95366883,1.0,1.0000014e-06
0.9531876,1.0,1.0000014e-06
0.9536622,1.0,1.0000014e-06
0.9532951,1.0,1.0000014e-06
0.95274585,1.0,1.0000014e-06
0.95296574,1.0,1.0000014e-06
0.95291233,1.0,1.0000014e-06
0.9525988,1.0,1.0000014e-06
0.95220035,1.0,1.0000014e-06
0.9525186,1.0,1.0000012e-06
0.95198596,1.0,1.0000012e-06
0.95128757,1.0,1.0000012e-06
0.95154816,1.0,1.0000012e-06
0.9521312,1.0,1.0000012e-06
0.952119,1.0,1.0000012e-06
0.9514472,1.0,1.0000012e-06
0.9512098,1.0,1.0000012e-06
0.9513623,1.0,1.0000012e-06
0.9510366,1.0,1.0000012e-06
0.95053285,1.0,1.0000012e-06
0.95035636,1.0,1.0000012e-06
0.9498945,1.0,1.0000011e-06
0.9503987,1.0,1.0000011e-06
0.9503033,1.0,1.0000011e-06
0.949936,1.0,1.0000011e-06
0.94947696,1.0,1.0000011e-06
0.94876015,1.0,1.0000011e-06
0.9495977,1.0,1.0000011e-06
0.94905406,1.0,1.0000011e-06
0.9486895,1.0,1.0000011e-06
0.9490827,1.0,1.0000011e-06
0.949264,1.0,1.0000011e-06
0.94888395,1.0,1.0000011e-06
0.9481055,1.0,1.0000011e-06
0.9486318,1.0,1.0000011e-06
0.9487334,1.0,1.0000011e-06
0.94795316,1.0,1.000001e-06
0.9478881,1.0,1.000001e-06
0.9481374,1.0,1.000001e-06
0.9474537,1.0,1.000001e-06
0.9469742,1.0,1.000001e-06
0.94730896,1.0,1.000001e-06
0.94731027,1.0,1.000001e-06
0.9467623,1.0,1.000001e-06
0.9473181,1.0,1.000001e-06
0.94643,1.0,1.000001e-06
0.9463162,1.0,1.000001e-06
0.9461313,1.0,1.000001e-06
0.9466411,1.0,1.000001e-06
0.9460191,1.0,1.000001e-06
0.94547635,1.0,1.000001e-06
0.9451572,1.0,1.000001e-06
0.9452311,1.0,1.000001e-06
0.94543904,1.0,1.000001e-06
0.9451063,1.0,1.000001e-06
0.9448575,1.0,1.000001e-06
0.9441807,1.0,1.000001e-06
0.9449603,1.0,1.000001e-06
0.9444864,1.0,1.000001e-06
0.9439708,1.0,1.0000009e-06
0.9440695,1.0,1.0000009e-06
0.943813,1.0,1.0000009e-06
0.9430897,1.0,1.0000009e-06
0.94314003,1.0,1.0000009e-06
0.94351083,1.0,1.0000009e-06
0.94264877,1.0,1.0000009e-06
0.9428481,1.0,1.0000009e-06
0.9419362,1.0,1.0000009e-06
0.9422744,1.0,1.0000009e-06
0.94261956,1.0,1.0000009e-06
0.9422553,1.0,1.0000009e-06
0.941516,1.0,1.0000009e-06
0.94119966,1.0,1.0000009e-06
0.9415305,1.0,1.0000009e-06
0.94149804,1.0,1.0000009e-06
0.9414403,1.0,1.0000009e-06
0.9415635,1.0,1.0000009e-06
0.9409461,1.0,1.0000009e-06
0.9408156,1.0,1.0000009e-06
0.9404503,1.0,1.0000009e-06
0.9404435,1.0,1.0000009e-06
0.94038457,1.0,1.0000009e-06
0.9402644,1.0,1.0000009e-06
0.94009,1.0,1.0000009e-06
0.93949646,1.0,1.0000009e-06
0.93943053,1.0,1.0000009e-06
0.9393177,1.0,1.0000009e-06
0.9393719,1.0,1.0000009e-06
0.93895173,1.0,1.0000009e-06
0.93886226,1.0,1.0000009e-06
0.939135,1.0,1.0000009e-06
0.9387153,1.0,1.0000009e-06
0.9382655,1.0,1.0000009e-06
0.93819976,1.0,1.0000009e-06
0.9384612,1.0,1.0000009e-06
0.93818086,1.0,1.0000009e-06
0.9374463,1.0,1.0000009e-06
0.93727154,1.0,1.0000009e-06
0.937433,1.0,1.0000009e-06
0.93771017,1.0,1.0000009e-06
0.9367319,1.0,1.0000009e-06
0.9373716,1.0,1.0000009e-06
0.9368636,1.0,1.0000009e-06
0.93650913,1.0,1.0000009e-06
0.93633646,1.0,1.0000009e-06
0.9360681,1.0,1.0000009e-06
0.9363208,1.0,1.0000009e-06
0.93564457,1.0,1.0000009e-06
0.93562466,1.0,1.0000009e-06
0.9349033,1.0,1.0000009e-06
0.9353732,1.0,1.0000009e-06
0.9344588,1.0,1.0000009e-06
0.93523544,1.0,1.0000009e-06
0.93473274,1.0,1.0000009e-06
0.9340526,1.0,1.0000009e-06
0.9340869,1.0,1.0000009e-06
0.93414384,1.0,1.0000009e-06
0.9331752,1.0,1.0000009e-06
0.9336531,1.0,1.0000009e-06
0.93323743,1.0,1.0000009e-06
0.9330198,1.0,1.000001e-06
0.9334454,1.0,1.000001e-06
0.93334913,1.0,1.000001e-06
0.93326956,1.0,1.000001e-06
0.9331569,1.0,1.000001e-06
0.9329288,1.0,1.000001e-06
0.932468,1.0,1.000001e-06
0.9324067,1.0,1.000001e-06
0.93262273,1.0,1.000001e-06
0.9317035,1.0,1.000001e-06
0.931682,1.0,1.000001e-06
0.93162626,1.0,1.000001e-06
0.9315857,1.0,1.000001e-06
0.9309909,1.0,1.000001e-06
0.9311781,1.0,1.000001e-06
0.9307904,1.0,1.000001e-06
0.9309456,1.0,1.000001e-06
0.930374,1.0,1.000001e-06
0.93050563,1.0,1.000001e-06
0.93018275,1.0,1.000001e-06
0.92952734,1.0,1.0000011e-06
0.9298442,1.0,1.0000011e-06
0.9290722,1.0,1.0000011e-06
0.929398,1.0,1.0000011e-06
0.9285358,1.0,1.0000011e-06
0.92861086,1.0,1.0000011e-06
0.9285133,1.0,1.0000011e-06
0.9286424,1.0,1.0000011e-06
0.92785305,1.0,1.0000011e-06
0.92769784,1.0,1.0000011e-06
0.92776966,1.0,1.0000011e-06
0.9281594,1.0,1.0000011e-06
0.92750657,1.0,1.0000011e-06
0.9271584,1.0,1.0000012e-06
0.9268559,1.0,1.0000012e-06
0.926666,1.0,1.0000012e-06
0.92688197,1.0,1.0000012e-06
0.9266366,1.0,1.0000012e-06
0.92677623,1.0,1.0000012e-06
0.92636305,1.0,1.0000012e-06
0.9260699,1.0,1.0000012e-06
0.9258054,1.0,1.0000012e-06
0.9248846,1.0,1.0000014e-06
0.925623,1.0,1.0000014e-06
0.9254624,1.0,1.0000014e-06
0.92480195,1.0,1.0000014e-06
0.92464155,1.0,1.0000014e-06
0.9244956,1.0,1.0000014e-06
0.9245088,1.0,1.0000014e-06
0.9247433,1.0,1.0000014e-06
0.9243182,1.0,1.0000015e-06
0.9234911,1.0,1.0000015e-06
0.9236983,1.0,1.0000015e-06
0.92401606,1.0,1.0000015e-06
0.92380035,1.0,1.0000015e-06
0.9231227,1.0,1.0000015e-06
0.92338765,1.0,1.0000016e-06
0.92294466,1.0,1.0000016e-06
0.9227956,1.0,1.0000016e-06
0.9223488,1.0,1.0000016e-06
0.9218468,1.0,1.0000016e-06
0.9224317,1.0,1.0000017e-06
0.92166376,1.0,1.0000017e-06
0.92120034,1.0,1.0000017e-06
0.9212169,1.0,1.0000017e-06
0.9211739,1.0,1.0000017e-06
0.9215474,1.0,1.0000018e-06
0.92106277,1.0,1.0000018e-06
0.92096066,1.0,1.0000018e-06
0.9205813,1.0,1.0000018e-06
0.9198838,1.0,1.0000018e-06
0.9197495,1.0,1.0000019e-06
0.9193739,1.0,1.0000019e-06
0.9191773,1.0,1.0000019e-06
0.9195093,1.0,1.0000019e-06
0.91929156,1.0,1.000002e-06
0.918841,1.0,1.000002e-06
0.9185233,1.0,1.000002e-06
0.91873556,1.0,1.0000022e-06
0.918681,1.0,1.0000022e-06
0.9184776,1.0,1.0000022e-06
0.91769147,1.0,1.0000022e-06
0.91763014,1.0,1.0000023e-06
0.9175158,1.0,1.0000023e-06
0.9172018,1.0,1.0000023e-06
0.91709,1.0,1.0000024e-06
0.91694117,1.0,1.0000024e-06
0.916694,1.0,1.0000024e-06
0.91678756,1.0,1.0000025e-06
0.9164374,1.0,1.0000025e-06
0.91581917,1.0,1.0000025e-06
0.91599894,1.0,1.0000026e-06
0.915604,1.0,1.0000026e-06
0.9156579,1.0,1.0000027e-06
0.91531736,1.0,1.0000027e-06
0.9149554,1.0,1.0000027e-06
0.9142394,1.0,1.0000028e-06
0.914075,1.0,1.0000028e-06
0.9145507,1.0,1.000003e-06
0.91385126,1.0,1.000003e-06
0.91363734,1.0,1.0000031e-06
0.91392636,1.0,1.0000031e-06
0.9139827,1.0,1.0000032e-06
0.9139286,1.0,1.0000032e-06
0.9134012,1.0,1.0000033e-06
0.91333216,1.0,1.0000033e-06
0.9128525,1.0,1.0000034e-06
0.9122641,1.0,1.0000034e-06
0.9126475,1.0,1.0000035e-06
0.9117472,1.0,1.0000036e-06
0.9120176,1.0,1.0000036e-06
0.91184586,1.0,1.0000037e-06
0.9111991,1.0,1.0000037e-06
0.911173,1.0,1.0000039e-06
0.9106837,1.0,1.000004e-06
0.9105251,1.0,1.000004e-06
0.9101911,1.0,1.0000041e-06
0.91032004,1.0,1.0000042e-06
0.91048926,1.0,1.0000042e-06
0.90994775,1.0,1.0000043e-06
0.91009223,1.0,1.0000044e-06
0.9096137,1.0,1.0000045e-06
0.90961087,1.0,1.0000047e-06
0.90903467,1.0,1.0000047e-06
0.90781313,1.0,1.0000048e-06
0.90849805,1.0,1.0000049e-06
0.9081008,1.0,1.000005e-06
0.90750206,1.0,1.0000051e-06
0.9075408,1.0,1.0000052e-06
0.90749854,1.0,1.0000053e-06
0.90729517,1.0,1.0000055e-06
0.90740365,1.0,1.0000056e-06
0.90697277,1.0,1.0000057e-06
0.9071506,1.0,1.0000058e-06
0.9066711,1.0,1.0000059e-06
0.9066347,1.0,1.000006e-06
0.9066038,1.0,1.0000061e-06
0.9062204,1.0,1.0000063e-06
0.9059135,1.0,1.0000064e-06
0.90593356,1.0,1.0000065e-06
0.90490806,1.0,1.0000067e-06
0.90480596,1.0,1.0000068e-06
0.90503657,1.0,1.0000069e-06
0.9041428,1.0,1.0000072e-06
0.9042695,1.0,1.0000073e-06
0.90393806,1.0,1.0000074e-06
0.903986,1.0,1.0000076e-06
0.90389633,1.0,1.0000077e-06
0.90337574,1.0,1.000008e-06
0.9034529,1.0,1.0000081e-06
0.9030873,1.0,1.0000083e-06
0.9025971,1.0,1.0000084e-06
0.90230983,1.0,1.0000086e-06
0.90215844,1.0,1.0000089e-06
0.9024093,1.0,1.000009e-06
0.9016837,1.0,1.0000092e-06
0.90142894,1.0,1.0000094e-06
0.9011448,1.0,1.0000097e-06
0.9005703,1.0,1.0000099e-06
0.9002666,1.0,1.0000101e-06
0.9003415,1.0,1.0000103e-06
0.9001824,1.0,1.0000106e-06
0.89975077,1.0,1.0000108e-06
0.89969563,1.0,1.000011e-06
0.8994497,1.0,1.0000113e-06
0.89926016,1.0,1.0000115e-06
0.8992284,1.0,1.0000117e-06
0.8987086,1.0,1.000012e-06
0.89858055,1.0,1.0000123e-06
0.89845747,1.0,1.0000126e-06
0.89859146,1.0,1.0000128e-06
0.8978683,1.0,1.0000132e-06
0.8977226,1.0,1.0000134e-06
0.8973097,1.0,1.0000138e-06
0.8976016,1.0,1.0000141e-06
0.8969627,1.0,1.0000143e-06
0.89637345,1.0,1.0000147e-06
0.8967467,1.0,1.000015e-06
0.8963076,1.0,1.0000153e-06
0.89539677,1.0,1.0000157e-06
0.89578533,1.0,1.000016e-06
0.8955002,1.0,1.0000164e-06
0.89474946,1.0,1.0000168e-06
0.8951899,1.0,1.0000172e-06
0.89487803,1.0,1.0000175e-06
0.8946625,1.0,1.000018e-06
0.89418846,1.0,1.0000183e-06
0.8938082,1.0,1.0000188e-06
0.8938799,1.0,1.0000192e-06
0.8932605,1.0,1.0000196e-06
0.8927928,1.0,1.00002e-06
0.8927323,1.0,1.0000205e-06
0.89259285,1.0,1.0000209e-06
0.8920944,1.0,1.0000215e-06
0.8918167,1.0,1.0000219e-06
0.8910666,1.0,1.0000224e-06
0.8911073,1.0,1.000023e-06
0.8909333,1.0,1.0000234e-06
0.8908706,1.0,1.000024e-06
0.8896861,1.0,1.0000244e-06
0.89014566,1.0,1.000025e-06
0.8898046,1.0,1.0000256e-06
0.8898698,1.0,1.0000261e-06
0.8881507,1.0,1.0000267e-06
0.8876933,1.0,1.0000273e-06
0.8876592,1.0,1.000028e-06
0.8872204,1.0,1.0000285e-06
0.8867581,1.0,1.0000292e-06
0.88651943,1.0,1.0000298e-06
0.88627446,1.0,1.0000304e-06
0.8861401,1.0,1.000031e-06
0.88563126,1.0,1.0000317e-06
0.88545805,1.0,1.0000324e-06
0.88554025,1.0,1.000033e-06
0.8851831,1.0,1.0000336e-06
0.88446176,1.0,1.0000344e-06
0.88431895,1.0,1.0000351e-06
0.8761336,1.0,1.0000358e-06
0.8791762,1.0,1.0000366e-06
0.87938815,1.0,1.0000373e-06
0.8789597,1.0,1.0000382e-06
0.8780052,1.0,1.0000389e-06
0.8769917,1.0,1.0000397e-06
0.8767862,1.0,1.0000404e-06
0.8760634,1.0,1.0000412e-06
0.875961,1.0,1.0000418e-06
0.8750307,1.0,1.0000426e-06
0.87470514,1.0,1.0000434e-06
0.87410665,1.0,1.0000442e-06
0.8741845,1.0,1.000045e-06
0.87384015,1.0,1.0000458e-06
0.87398195,1.0,1.0000467e-06
0.8734278,1.0,1.0000475e-06
0.87321943,1.0,1.0000483e-06
0.87303156,1.0,1.0000492e-06
0.8723102,1.0,1.0000501e-06
0.87218654,1.0,1.000051e-06
0.8715922,1.0,1.0000521e-06
0.87127835,1.0,1.000053e-06
0.870186,1.0,1.000054e-06
0.8694859,1.0,1.000055e-06
0.8688914,1.0,1.000056e-06
0.8685831,1.0,1.0000571e-06
0.86764246,1.0,1.0000581e-06
0.8675973,1.0,1.0000592e-06
0.8671691,1.0,1.0000603e-06
0.86700296,1.0,1.0000613e-06
0.8665042,1.0,1.0000623e-06
0.8659778,1.0,1.0000633e-06
0.865251,1.0,1.0000645e-06
0.8648706,1.0,1.0000655e-06
0.86410403,1.0,1.0000667e-06
0.8637982,1.0,1.0000679e-06
0.86331856,1.0,1.0000691e-06
0.863332,1.0,1.0000704e-06
0.8629309,1.0,1.0000716e-06
0.8626569,1.0,1.0000729e-06
0.8622492,1.0,1.0000741e-06
0.8617791,1.0,1.0000755e-06
0.8612648,1.0,1.0000768e-06
0.86073434,1.0,1.0000781e-06
0.8602239,1.0,1.0000796e-06
0.85967016,1.0,1.0000808e-06
0.859445,1.0,1.0000822e-06
0.8594434,1.0,1.0000836e-06
0.85910416,1.0,1.0000851e-06
0.85890836,1.0,1.0000867e-06
0.8587469,1.0,1.0000883e-06
0.8583236,1.0,1.0000899e-06
0.85800505,1.0,1.0000917e-06
0.8569725,1.0,1.0000936e-06
0.8571281,1.0,1.0000954e-06
0.8563211,1.0,1.0000972e-06
0.85605407,1.0,1.0000991e-06
0.8549737,1.0,1.0001011e-06
0.85422915,1.0,1.0001031e-06
0.8532651,1.0,1.0001052e-06
0.85299534,1.0,1.0001072e-06
0.85232633,1.0,1.0001093e-06
1.0,1.0,1.0000746e-06
1.0,1.0,1.0000746e-06
1.0,1.0,1.0000746e-06
1.0,1.0,1.0000746e-06
1.0,1.0,1.0000746e-06
1.0,1.0,1.0000745e-06
1.0,1.0,1.0000745e-06
1.0,1.0,1.0000743e-06
1.0,1.0,1.0000743e-06
1.0,1.0,1.0000743e-06
1.0,1.0,1.0000742e-06
1.0,1.0,1.0000741e-06
1.0,1.0,1.0000741e-06
1.0,1.0,1.000074e-06
1.0,1.0,1.0000739e-06
1.0,1.0,1.0000738e-06
1.0,1.0,1.0000737e-06
1.0,1.0,1.0000736e-06
1.0,1.0,1.0000734e-06
1.0,1.0,1.0000732e-06
1.0,1.0,1.0000731e-06
1.0,1.0,1.000073e-06
1.0,1.0,1.0000728e-06
1.0,1.0,1.0000726e-06
1.0,1.0,1.0000724e-06
1.0,1.0,1.0000722e-06
1.0,1.0,1.0000721e-06
1.0,1.0,1.0000718e-06
1.0,1.0,1.0000716e-06
1.0,1.0,1.0000714e-06
1.0,1.0,1.0000712e-06
1.0,1.0,1.0000709e-06
1.0,1.0,1.0000706e-06
1.0,1.0,1.0000704e-06
1.0,1.0,1.0000701e-06
1.0,1.0,1.0000698e-06
1.0,1.0,1.0000696e-06
1.0,1.0,1.0000692e-06
1.0,1.0,1.0000689e-06
1.0,1.0,1.0000686e-06
1.0,1.0,1.0000683e-06
1.0,1.0,1.000068e-06
1.0,1.0,1.0000676e-06
1.0,1.0,1.0000673e-06
1.0,1.0,1.000067e-06
1.0,1.0,1.0000665e-06
1.0,1.0,1.0000662e-06
1.0,1.0,1.0000658e-06
1.0,1.0,1.0000654e-06
1.0,1.0,1.000065e-06
1.0,1.0,1.0000646e-06
1.0,1.0,1.0000641e-06
1.0,1.0,1.0000638e-06
1.0,1.0,1.0000633e-06
1.0,1.0,1.0000629e-06
1.0,1.0,1.0000624e-06
1.0,1.0,1.000062e-06
1.0,1.0,1.0000615e-06
1.0,1.0,1.000061e-06
1.0,1.0,1.0000605e-06
1.0,1.0,1.00006e-06
1.0,1.0,1.0000596e-06
1.0,1.0,1.000059e-06
1.0,1.0,1.0000585e-06
1.0,1.0,1.000058e-06
1.0,1.0,1.0000575e-06
1.0,1.0,1.000057e-06
1.0,1.0,1.0000564e-06
1.0,1.0,1.0000559e-06
1.0,1.0,1.0000554e-06
1.0,1.0,1.0000548e-06
1.0,1.0,1.0000542e-06
1.0,1.0,1.0000537e-06
1.0,1.0,1.0000531e-06
1.0,1.0,1.0000525e-06
1.0,1.0,1.000052e-06
1.0,1.0,1.0000514e-06
1.0,1.0,1.0000508e-06
1.0,1.0,1.0000502e-06
1.0,1.0,1.0000496e-06
1.0,1.0,1.000049e-06
1.0,1.0,1.0000484e-06
1.0,1.0,1.0000479e-06
1.0,1.0,1.0000472e-06
1.0,1.0,1.0000466e-06
1.0,1.0,1.0000459e-06
1.0,1.0,1.0000454e-06
1.0,1.0,1.0000448e-06
1.0,1.0,1.0000441e-06
1.0,1.0,1.0000435e-06
1.0,1.0,1.0000429e-06
1.0,1.0,1.0000423e-06
1.0,1.0,1.0000416e-06
1.0,1.0,1.000041e-06
1.0,1.0,1.0000404e-06
1.0,1.0,1.0000398e-06
1.0,1.0,1.0000391e-06
1.0,1.0,1.0000385e-06
1.0,1.0,1.000038e-06
1.0,1.0,1.0000373e-06
1.0,1.0,1.0000367e-06
1.0,1.0,1.000036e-06
1.0,1.0,1.0000355e-06
1.0,1.0,1.0000349e-06
1.0,1.0,1.0000342e-06
1.0,1.0,1.0000336e-06
0.9999173,1.0,1.0000331e-06
0.9997907,1.0,1.0000324e-06
0.9998417,1.0,1.0000318e-06
0.99970496,1.0,1.0000313e-06
0.99962395,1.0,1.0000307e-06
0.9995663,1.0,1.0000301e-06
0.9995969,1.0,1.0000294e-06
0.99955076,1.0,1.0000289e-06
0.99956787,1.0,1.0000283e-06
0.9994489,1.0,1.0000277e-06
0.9995729,1.0,1.0000272e-06
0.99961984,1.0,1.0000266e-06
0.9995382,1.0,1.000026e-06
0.9994848,1.0,1.0000256e-06
0.9994833,1.0,1.000025e-06
0.99940455,1.0,1.0000244e-06
0.99932843,1.0,1.0000239e-06
0.99927783,1.0,1.0000234e-06
0.9992865,1.0,1.0000228e-06
0.99930555,1.0,1.0000224e-06
0.99926144,1.0,1.0000218e-06
0.99923,1.0,1.0000214e-06
0.99911463,1.0,1.0000209e-06
0.99907386,1.0,1.0000203e-06
0.99890625,1.0,1.0000199e-06
0.9988996,1.0,1.0000194e-06
0.9988324,1.0,1.000019e-06
0.9988412,1.0,1.0000185e-06
0.99869615,1.0,1.0000181e-06
0.9986854,1.0,1.0000176e-06
0.9986367,1.0,1.0000172e-06
0.9984755,1.0,1.0000168e-06
0.99840343,1.0,1.0000164e-06
0.9982841,1.0,1.0000159e-06
0.9982498,1.0,1.0000156e-06
0.9980403,1.0,1.0000151e-06
0.9980068,1.0,1.0000148e-06
0.99789053,1.0,1.0000143e-06
0.99801624,1.0,1.000014e-06
0.99688786,1.0,1.0000136e-06
0.9980238,1.0,1.0000133e-06
0.99802226,1.0,1.000013e-06
0.99788475,1.0,1.0000126e-06
0.9978893,1.0,1.0000123e-06
0.9978343,1.0,1.0000119e-06
0.9977451,1.0,1.0000116e-06
0.99761647,1.0,1.0000113e-06
0.9976296,1.0,1.0000109e-06
0.99772775,1.0,1.0000107e-06
0.99772286,1.0,1.0000103e-06
0.9976079,1.0,1.0000101e-06
0.9976765,1.0,1.0000098e-06
0.99766946,1.0,1.0000095e-06
0.99765414,1.0,1.0000092e-06
0.99762565,1.0,1.000009e-06
0.99751306,1.0,1.0000088e-06
0.9975523,1.0,1.0000085e-06
0.99742097,1.0,1.0000082e-06
0.997427,1.0,1.000008e-06
0.99729764,1.0,1.0000077e-06
0.9972382,1.0,1.0000075e-06
0.99723774,1.0,1.0000073e-06
0.99709195,1.0,1.0000072e-06
0.99722165,1.0,1.0000069e-06
0.9971591,1.0,1.0000067e-06
0.99707186,1.0,1.0000065e-06
0.9969502,1.0,1.0000064e-06
0.9969625,1.0,1.0000061e-06
0.99694574,1.0,1.0000059e-06
0.99576014,1.0,1.0000058e-06
0.9967862,1.0,1.0000056e-06
0.99682194,1.0,1.0000055e-06
0.9967225,1.0,1.0000053e-06
0.9967423,1.0,1.0000051e-06
0.9966661,1.0,1.000005e-06
0.99667615,1.0,1.0000049e-06
0.9966377,1.0,1.0000047e-06
0.99648905,1.0,1.0000045e-06
0.9964451,1.0,1.0000044e-06
0.9964194,1.0,1.0000043e-06
0.99633217,1.0,1.0000042e-06
0.9963015,1.0,1.0000041e-06
0.9962314,1.0,1.000004e-06
0.9961713,1.0,1.0000039e-06
0.9961581,1.0,1.0000037e-06
0.9961087,1.0,1.0000036e-06
0.9960425,1.0,1.0000035e-06
0.9960635,1.0,1.0000034e-06
0.9960476,1.0,1.0000033e-06
0.9960066,1.0,1.0000032e-06
0.9960017,1.0,1.0000032e-06
0.995877,1.0,1.0000031e-06
0.99582475,1.0,1.000003e-06
0.99586797,1.0,1.0000028e-06
0.9957509,1.0,1.0000028e-06
0.9956621,1.0,1.0000027e-06
0.99563414,1.0,1.0000026e-06
0.99559224,1.0,1.0000026e-06
0.9955724,1.0,1.0000025e-06
0.9943998,1.0,1.0000025e-06
0.9954519,1.0,1.0000024e-06
0.9953726,1.0,1.0000024e-06
0.9953331,1.0,1.0000023e-06
0.99525946,1.0,1.0000023e-06
0.99523675,1.0,1.0000022e-06
0.9951983,1.0,1.0000022e-06
0.9951574,1.0,1.000002e-06
0.99510473,1.0,1.000002e-06
0.9949233,1.0,1.0000019e-06
0.99473345,1.0,1.0000019e-06
0.99465907,1.0,1.0000018e-06
0.99467474,1.0,1.0000018e-06
0.99447733,1.0,1.0000018e-06
0.99451977,1.0,1.0000017e-06
0.99459976,1.0,1.0000017e-06
0.99454725,1.0,1.0000017e-06
0.9944742,1.0,1.0000016e-06
0.9944744,1.0,1.0000016e-06
0.9942595,1.0,1.0000016e-06
0.99429697,1.0,1.0000015e-06
0.9942504,1.0,1.0000015e-06
0.9942319,1.0,1.0000015e-06
0.99415344,1.0,1.0000015e-06
0.99404806,1.0,1.0000014e-06
0.9939386,1.0,1.0000014e-06
0.9938261,1.0,1.0000014e-06
0.9938409,1.0,1.0000014e-06
0.9937539,1.0,1.0000014e-06
0.9936766,1.0,1.0000012e-06
0.99352056,1.0,1.0000012e-06
0.9936354,1.0,1.0000012e-06
0.99352264,1.0,1.0000012e-06
0.99350023,1.0,1.0000012e-06
0.99342704,1.0,1.0000011e-06
0.99329776,1.0,1.0000011e-06
0.9934393,1.0,1.0000011e-06
0.9932731,1.0,1.0000011e-06
0.99312574,1.0,1.0000011e-06
0.9931164,1.0,1.0000011e-06
0.99296093,1.0,1.0000011e-06
0.992965,1.0,1.0000011e-06
0.99287987,1.0,1.000001e-06
0.99289626,1.0,1.000001e-06
0.9928629,1.0,1.000001e-06
0.99280477,1.0,1.000001e-06
0.99289215,1.0,1.000001e-06
0.9927337,1.0,1.000001e-06
0.9926898,1.0,1.000001e-06
0.99251723,1.0,1.000001e-06
0.9924886,1.0,1.000001e-06
0.99251676,1.0,1.000001e-06
0.99244267,1.0,1.000001e-06
0.992378,1.0,1.000001e-06
0.992361,1.0,1.000001e-06
0.99230134,1.0,1.0000009e-06
0.99222404,1.0,1.0000009e-06
0.99211067,1.0,1.0000009e-06
0.9921061,1.0,1.0000009e-06
0.9919869,1.0,1.0000009e-06
0.9918853,1.0,1.0000009e-06
0.9917243,1.0,1.0000009e-06
0.9916669,1.0,1.0000009e-06
0.9916213,1.0,1.0000009e-06
0.9914594,1.0,1.0000009e-06
0.9915275,1.0,1.0000009e-06
0.99145967,1.0,1.0000009e-06
0.9914264,1.0,1.0000009e-06
0.991436,1.0,1.0000009e-06
0.99128765,1.0,1.0000009e-06
0.99118584,1.0,1.0000009e-06
0.99122554,1.0,1.0000009e-06
0.9910184,1.0,1.0000009e-06
0.9909097,1.0,1.0000009e-06
0.9910454,1.0,1.0000009e-06
0.9909098,1.0,1.000001e-06
0.99089617,1.0,1.000001e-06
0.9908443,1.0,1.000001e-06
0.9907478,1.0,1.000001e-06
0.9907261,1.0,1.000001e-06
0.9906554,1.0,1.000001e-06
0.99056906,1.0,1.000001e-06
0.9905047,1.0,1.000001e-06
0.9904522,1.0,1.000001e-06
0.99036217,1.0,1.000001e-06
0.99033904,1.0,1.000001e-06
0.99020386,1.0,1.000001e-06
0.9901928,1.0,1.000001e-06
0.9901194,1.0,1.000001e-06
0.9899927,1.0,1.0000011e-06
0.9898838,1.0,1.0000011e-06
0.9887361,1.0,1.0000011e-06
0.9897131,1.0,1.0000011e-06
0.9896648,1.0,1.0000011e-06
0.98954403,1.0,1.0000011e-06
0.9895456,1.0,1.0000011e-06
0.9895111,1.0,1.0000011e-06
0.9894875,1.0,1.0000012e-06
0.98938686,1.0,1.0000012e-06
0.98937935,1.0,1.0000012e-06
0.98925203,1.0,1.0000012e-06
0.98924744,1.0,1.0000012e-06
0.98917526,1.0,1.0000012e-06
0.98912656,1.0,1.0000014e-06
0.9890375,1.0,1.0000014e-06
0.9889582,1.0,1.0000014e-06
0.9888611,1.0,1.0000014e-06
0.98877454,1.0,1.0000014e-06
0.9887361,1.0,1.0000015e-06
0.98872703,1.0,1.0000015e-06
0.98865366,1.0,1.0000015e-06
0.98847324,1.0,1.0000015e-06
0.9884301,1.0,1.0000016e-06
0.98826003,1.0,1.0000016e-06
0.9883221,1.0,1.0000016e-06
0.9881809,1.0,1.0000016e-06
0.98809403,1.0,1.0000017e-06
0.9881545,1.0,1.0000017e-06
0.98811895,1.0,1.0000017e-06
0.98796856,1.0,1.0000017e-06
0.987743,1.0,1.0000018e-06
0.98778504,1.0,1.0000018e-06
0.98758084,1.0,1.0000018e-06
0.9875168,1.0,1.0000019e-06
0.987633,1.0,1.0000019e-06
0.98735774,1.0,1.0000019e-06
0.9873551,1.0,1.000002e-06
0.9873367,1.0,1.000002e-06
0.9873327,1.0,1.000002e-06
0.9873035,1.0,1.0000022e-06
0.9871467,1.0,1.0000022e-06
0.9871238,1.0,1.0000023e-06
0.9870708,1.0,1.0000023e-06
0.9870506,1.0,1.0000023e-06
0.98692983,1.0,1.0000024e-06
0.9869181,1.0,1.0000024e-06
0.9867599,1.0,1.0000025e-06
0.98672,1.0,1.0000025e-06
0.9864797,1.0,1.0000026e-06
0.98651034,1.0,1.0000026e-06
0.9864129,1.0,1.0000027e-06
0.98637795,1.0,1.0000027e-06
0.9862593,1.0,1.0000028e-06
0.98626554,1.0,1.0000028e-06
0.98615336,1.0,1.000003e-06
0.9859852,1.0,1.000003e-06
0.98602086,1.0,1.0000031e-06
0.9859629,1.0,1.0000031e-06
0.98584694,1.0,1.0000032e-06
0.9857066,1.0,1.0000032e-06
0.9857478,1.0,1.0000033e-06
0.9856495,1.0,1.0000033e-06
0.9855967,1.0,1.0000034e-06
0.98553604,1.0,1.0000035e-06
0.9855193,1.0,1.0000035e-06
0.98535115,1.0,1.0000036e-06
0.9852688,1.0,1.0000036e-06
0.985136,1.0,1.0000037e-06
0.98511183,1.0,1.0000039e-06
0.98501015,1.0,1.0000039e-06
0.984957,1.0,1.000004e-06
0.9848201,1.0,1.000004e-06
0.98474026,1.0,1.0000041e-06
0.9848521,1.0,1.0000042e-06
0.9847501,1.0,1.0000042e-06
0.984636,1.0,1.0000043e-06
0.98458844,1.0,1.0000043e-06
0.98451024,1.0,1.0000044e-06
0.9844299,1.0,1.0000045e-06
0.9843841,1.0,1.0000045e-06
0.9842135,1.0,1.0000047e-06
0.98415565,1.0,1.0000048e-06
0.98400617,1.0,1.0000048e-06
0.9839841,1.0,1.0000049e-06
0.983825,1.0,1.0000049e-06
0.9837326,1.0,1.000005e-06
0.983614,1.0,1.0000051e-06
0.9835679,1.0,1.0000051e-06
0.98345673,1.0,1.0000052e-06
0.9833163,1.0,1.0000052e-06
0.98319215,1.0,1.0000053e-06
0.9831526,1.0,1.0000053e-06
0.9830135,1.0,1.0000055e-06
0.98276013,1.0,1.0000056e-06
0.9827826,1.0,1.0000056e-06
0.98267615,1.0,1.0000057e-06
0.98265326,1.0,1.0000057e-06
0.9825927,1.0,1.0000058e-06
0.98237574,1.0,1.0000058e-06
0.98241305,1.0,1.0000059e-06
0.9822591,1.0,1.0000059e-06
0.98226434,1.0,1.000006e-06
0.9823222,1.0,1.000006e-06
0.9821314,1.0,1.0000061e-06
0.98211277,1.0,1.0000061e-06
0.98205054,1.0,1.0000063e-06
0.98202306,1.0,1.0000063e-06
0.9818777,1.0,1.0000064e-06
0.9817815,1.0,1.0000064e-06
0.981704,1.0,1.0000064e-06
0.98168117,1.0,1.0000065e-06
0.98150486,1.0,1.0000065e-06
0.981408,1.0,1.0000065e-06
0.9813677,1.0,1.0000066e-06
0.98128325,1.0,1.0000066e-06
0.9812811,1.0,1.0000066e-06
0.98116124,1.0,1.0000067e-06
0.98103195,1.0,1.0000067e-06
0.9810474,1.0,1.0000067e-06
0.9809265,1.0,1.0000068e-06
0.9808805,1.0,1.0000068e-06
0.9806529,1.0,1.0000068e-06
0.98062867,1.0,1.0000068e-06
0.9805029,1.0,1.0000068e-06
0.980356,1.0,1.0000069e-06
0.9803413,1.0,1.0000069e-06
0.9802345,1.0,1.0000069e-06
0.9801582,1.0,1.0000069e-06
0.98001045,1.0,1.0000069e-06
0.9799053,1.0,1.0000069e-06
0.97969973,1.0,1.0000069e-06
0.9795346,1.0,1.0000069e-06
0.9793845,1.0,1.0000069e-06
0.9792253,1.0,1.0000069e-06
0.9791789,1.0,1.0000069e-06
0.97910494,1.0,1.0000069e-06
0.9788767,1.0,1.0000069e-06
0.97887516,1.0,1.0000069e-06
0.9787552,1.0,1.0000069e-06
0.9786443,1.0,1.0000069e-06
0.97852904,1.0,1.0000069e-06
0.978423,1.0,1.0000069e-06
0.97830033,1.0,1.0000069e-06
0.9781988,1.0,1.0000069e-06
0.9780174,1.0,1.0000069e-06
0.97793156,1.0,1.0000068e-06
0.9778128,1.0,1.0000068e-06
0.97768724,1.0,1.0000068e-06
0.9775144,1.0,1.0000068e-06
0.9774839,1.0,1.0000068e-06
0.97741723,1.0,1.0000067e-06
0.97728145,1.0,1.0000067e-06
0.97719514,1.0,1.0000067e-06
0.9770949,1.0,1.0000067e-06
0.97700274,1.0,1.0000067e-06
0.97685045,1.0,1.0000066e-06
0.97662544,1.0,1.0000066e-06
0.9765802,1.0,1.0000066e-06
0.976485,1.0,1.0000065e-06
0.9763083,1.0,1.0000065e-06
0.97613907,1.0,1.0000065e-06
0.97593707,1.0,1.0000064e-06
0.97582275,1.0,1.0000064e-06
0.9756818,1.0,1.0000064e-06
0.97550315,1.0,1.0000063e-06
0.97541285,1.0,1.0000063e-06
0.97523683,1.0,1.0000063e-06
0.97508836,1.0,1.0000061e-06
0.9750677,1.0,1.0000061e-06
0.97507066,1.0,1.0000061e-06
0.9748653,1.0,1.000006e-06
0.97473776,1.0,1.000006e-06
0.9743864,1.0,1.0000059e-06
0.9744666,1.0,1.0000059e-06
0.9743608,1.0,1.0000059e-06
0.9742871,1.0,1.0000058e-06
0.97404486,1.0,1.0000058e-06
0.97397304,1.0,1.0000057e-06
0.97399014,1.0,1.0000057e-06
0.97372925,1.0,1.0000057e-06
0.9735713,1.0,1.0000056e-06
0.97348875,1.0,1.0000056e-06
0.973368,1.0,1.0000055e-06
0.9733252,1.0,1.0000055e-06
0.97322667,1.0,1.0000055e-06
0.9730888,1.0,1.0000053e-06
0.9729751,1.0,1.0000053e-06
0.97169006,1.0,1.0000052e-06
0.97266334,1.0,1.0000052e-06
0.9725321,1.0,1.0000052e-06
0.97237355,1.0,1.0000051e-06
0.97227395,1.0,1.0000051e-06
0.97209674,1.0,1.000005e-06
0.97192323,1.0,1.000005e-06
0.9716895,1.0,1.0000049e-06
0.97158307,1.0,1.0000049e-06
0.97154105,1.0,1.0000049e-06
0.9713582,1.0,1.0000048e-06
0.9711869,1.0,1.0000048e-06
0.97112554,1.0,1.0000047e-06
0.97094357,1.0,1.0000047e-06
0.9708429,1.0,1.0000047e-06
0.9706608,1.0,1.0000045e-06
0.9705806,1.0,1.0000045e-06
0.9704795,1.0,1.0000044e-06
0.970347,1.0,1.0000044e-06
0.9701793,1.0,1.0000044e-06
0.96996593,1.0,1.0000043e-06
0.9699543,1.0,1.0000043e-06
0.9697656,1.0,1.0000042e-06
0.96962273,1.0,1.0000042e-06
0.96946406,1.0,1.0000042e-06
0.96941483,1.0,1.0000041e-06
0.9693871,1.0,1.0000041e-06
0.9692048,1.0,1.000004e-06
0.96907574,1.0,1.000004e-06
0.9690002,1.0,1.000004e-06
0.96875,1.0,1.0000039e-06
0.96871716,1.0,1.0000039e-06
0.96735626,1.0,1.0000039e-06
0.9684574,1.0,1.0000037e-06
0.96831787,1.0,1.0000037e-06
0.9680402,1.0,1.0000037e-06
0.96797377,1.0,1.0000036e-06
0.96779895,1.0,1.0000036e-06
0.9676223,1.0,1.0000036e-06
0.96756566,1.0,1.0000035e-06
0.96734476,1.0,1.0000035e-06
0.9671715,1.0,1.0000034e-06
0.966966,1.0,1.0000034e-06
0.9667882,1.0,1.0000034e-06
0.9666664,1.0,1.0000034e-06
0.9665483,1.0,1.0000033e-06
0.9661837,1.0,1.0000033e-06
0.9661559,1.0,1.0000033e-06
0.9660478,1.0,1.0000032e-06
0.96592474,1.0,1.0000032e-06
0.9657511,1.0,1.0000032e-06
0.96563303,1.0,1.0000031e-06
0.96549237,1.0,1.0000031e-06
0.96528536,1.0,1.0000031e-06
0.96503264,1.0,1.000003e-06
0.9649667,1.0,1.000003e-06
0.96479774,1.0,1.000003e-06
0.9646825,1.0,1.000003e-06
0.9645578,1.0,1.0000028e-06
0.96430594,1.0,1.0000028e-06
0.9641525,1.0,1.0000028e-06
0.96414727,1.0,1.0000027e-06
0.9639217,1.0,1.0000027e-06
0.96375674,1.0,1.0000027e-06
0.96327955,1.0,1.0000027e-06
0.96341115,1.0,1.0000026e-06
0.9631648,1.0,1.0000026e-06
0.9630227,1.0,1.0000026e-06
0.9629307,1.0,1.0000026e-06
0.9627399,1.0,1.0000025e-06
0.96264386,1.0,1.0000025e-06
0.9624285,1.0,1.0000025e-06
0.962253,1.0,1.0000025e-06
0.96206474,1.0,1.0000024e-06
0.9618152,1.0,1.0000024e-06
0.9615314,1.0,1.0000024e-06
0.96150434,1.0,1.0000024e-06
0.96135086,1.0,1.0000024e-06
0.9611881,1.0,1.0000023e-06
0.96108097,1.0,1.0000023e-06
0.96078277,1.0,1.0000023e-06
0.9605253,1.0,1.0000023e-06
0.9605006,1.0,1.0000022e-06
0.9603854,1.0,1.0000022e-06
0.96021247,1.0,1.0000022e-06
0.9599755,1.0,1.0000022e-06
0.9597381,1.0,1.0000022e-06
0.95968974,1.0,1.000002e-06
0.9593519,1.0,1.000002e-06
0.9592101,1.0,1.000002e-06
0.9590403,1.0,1.000002e-06
0.9588104,1.0,1.000002e-06
0.95863086,1.0,1.000002e-06
0.9583241,1.0,1.0000019e-06
0.95816106,1.0,1.0000019e-06
0.95792145,1.0,1.0000019e-06
0.95773554,1.0,1.0000019e-06
0.9574711,1.0,1.0000019e-06
0.95708436,1.0,1.0000018e-06
0.9568591,1.0,1.0000018e-06
0.95673597,1.0,1.0000018e-06
0.9564568,1.0,1.0000018e-06
0.95629627,1.0,1.0000018e-06
0.956087,1.0,1.0000018e-06
0.9558093,1.0,1.0000017e-06
0.955612,1.0,1.0000017e-06
0.95528054,1.0,1.0000017e-06
0.955116,1.0,1.0000017e-06
0.9547821,1.0,1.0000017e-06
0.95455635,1.0,1.0000017e-06
0.9543037,1.0,1.0000017e-06
0.954076,1.0,1.0000016e-06
0.95382035,1.0,1.0000016e-06
0.9535786,1.0,1.0000016e-06
0.9534587,1.0,1.0000016e-06
0.9533183,1.0,1.0000016e-06
0.9529641,1.0,1.0000016e-06
0.9527758,1.0,1.0000016e-06
0.9524493,1.0,1.0000016e-06
0.9521886,1.0,1.0000015e-06
0.9518719,1.0,1.0000015e-06
0.9516603,1.0,1.0000015e-06
0.951372,1.0,1.0000015e-06
0.9510759,1.0,1.0000015e-06
0.9509667,1.0,1.0000015e-06
0.9508154,1.0,1.0000015e-06
0.95045364,1.0,1.0000015e-06
0.95018864,1.0,1.0000014e-06
0.9498329,1.0,1.0000014e-06
0.94953173,1.0,1.0000014e-06
0.9492545,1.0,1.0000014e-06
0.94899535,1.0,1.0000014e-06
0.9487941,1.0,1.0000014e-06
0.94840646,1.0,1.0000014e-06
0.94809264,1.0,1.0000014e-06
0.9478806,1.0,1.0000014e-06
0.9475476,1.0,1.0000014e-06
0.94717556,1.0,1.0000012e-06
0.9469802,1.0,1.0000012e-06
0.94656247,1.0,1.0000012e-06
0.94618845,1.0,1.0000012e-06
0.9458966,1.0,1.0000012e-06
0.9456228,1.0,1.0000012e-06
0.94533044,1.0,1.0000012e-06
0.9450089,1.0,1.0000012e-06
0.9446328,1.0,1.0000012e-06
0.94431716,1.0,1.0000012e-06
0.9439709,1.0,1.0000012e-06
0.943539,1.0,1.0000012e-06
0.9433672,1.0,1.0000011e-06
0.9430462,1.0,1.0000011e-06
0.94281185,1.0,1.0000011e-06
0.9424859,1.0,1.0000011e-06
0.9422509,1.0,1.0000011e-06
0.94193965,1.0,1.0000011e-06
0.94155735,1.0,1.0000011e-06
0.9411882,1.0,1.0000011e-06
0.94087017,1.0,1.0000011e-06
0.94059044,1.0,1.0000011e-06
0.9402457,1.0,1.0000011e-06
0.9399275,1.0,1.0000011e-06
0.9395989,1.0,1.0000011e-06
0.93931764,1.0,1.0000011e-06
0.9377741,1.0,1.0000011e-06
0.93842053,1.0,1.000001e-06
0.93806034,1.0,1.000001e-06
0.9377501,1.0,1.000001e-06
0.9375104,1.0,1.000001e-06
0.93712914,1.0,1.000001e-06
0.9366966,1.0,1.000001e-06
0.9362483,1.0,1.000001e-06
0.9358912,1.0,1.000001e-06
0.9355281,1.0,1.000001e-06
0.93504864,1.0,1.000001e-06
0.93480796,1.0,1.000001e-06
0.93437684,1.0,1.000001e-06
0.9339878,1.0,1.000001e-06
0.9334303,1.0,1.000001e-06
0.9330107,1.0,1.000001e-06
0.93262506,1.0,1.000001e-06
0.9323365,1.0,1.000001e-06
0.9318661,1.0,1.000001e-06
0.93134445,1.0,1.000001e-06
0.93101794,1.0,1.000001e-06
0.9305947,1.0,1.000001e-06
0.9302262,1.0,1.000001e-06
0.9296853,1.0,1.0000009e-06
0.92925817,1.0,1.0000009e-06
0.928757,1.0,1.0000009e-06
0.9283543,1.0,1.0000009e-06
0.92806244,1.0,1.0000009e-06
0.9276768,1.0,1.0000009e-06
0.92724824,1.0,1.0000009e-06
0.9267492,1.0,1.0000009e-06
0.9263658,1.0,1.0000009e-06
0.92600137,1.0,1.0000009e-06
0.9255352,1.0,1.0000009e-06
0.92394876,1.0,1.0000009e-06
0.9246562,1.0,1.0000009e-06
0.92427146,1.0,1.0000009e-06
0.92369455,1.0,1.0000009e-06
0.92315483,1.0,1.0000009e-06
0.9226767,1.0,1.0000009e-06
0.9222672,1.0,1.0000009e-06
0.9218035,1.0,1.0000009e-06
0.9211968,1.0,1.0000009e-06
0.9208218,1.0,1.0000009e-06
0.92032695,1.0,1.0000009e-06
0.9198631,1.0,1.0000009e-06
0.91939974,1.0,1.0000009e-06
0.91884416,1.0,1.0000009e-06
0.9182801,1.0,1.0000009e-06
0.917638,1.0,1.0000009e-06
0.91704947,1.0,1.0000009e-06
0.91656667,1.0,1.0000009e-06
0.9160845,1.0,1.0000009e-06
0.9155299,1.0,1.0000009e-06
0.915054,1.0,1.0000009e-06
0.9143922,1.0,1.0000009e-06
0.91394156,1.0,1.0000009e-06
0.9135011,1.0,1.0000009e-06
0.91288936,1.0,1.0000009e-06
0.91228044,1.0,1.0000009e-06
0.9116963,1.0,1.0000009e-06
0.9111448,1.0,1.0000009e-06
0.9106176,1.0,1.0000009e-06
0.9098812,1.0,1.0000009e-06
0.909182,1.0,1.0000009e-06
0.90862507,1.0,1.0000009e-06
0.9079007,1.0,1.0000009e-06
0.9074577,1.0,1.0000009e-06
0.90675485,1.0,1.0000009e-06
0.9062126,1.0,1.0000009e-06
0.9054527,1.0,1.0000009e-06
0.9048948,1.0,1.0000009e-06
0.90424305,1.0,1.0000009e-06
0.90358365,1.0,1.0000009e-06
0.90286726,1.0,1.0000009e-06
0.9022156,1.0,1.0000009e-06
0.9015547,1.0,1.0000009e-06
0.9008947,1.0,1.0000009e-06
0.90019447,1.0,1.0000009e-06
0.8995327,1.0,1.0000009e-06
0.8988366,1.0,1.0000009e-06
0.8980858,1.0,1.0000009e-06
0.89734745,1.0,1.0000009e-06
0.89664596,1.0,1.0000009e-06
0.8958482,1.0,1.0000009e-06
0.8950517,1.0,1.0000009e-06
0.89425987,1.0,1.000001e-06
0.8936212,1.0,1.000001e-06
0.89284503,1.0,1.000001e-06
0.89210886,1.0,1.000001e-06
0.8913816,1.0,1.000001e-06
0.89060277,1.0,1.000001e-06
0.8898339,1.0,1.000001e-06
0.8889947,1.0,1.000001e-06
0.8881681,1.0,1.000001e-06
0.8873767,1.0,1.000001e-06
0.8865625,1.0,1.000001e-06
0.8856911,1.0,1.000001e-06
0.88499016,1.0,1.000001e-06
0.8842025,1.0,1.000001e-06
0.88328326,1.0,1.000001e-06
0.8824948,1.0,1.000001e-06
0.88162196,1.0,1.000001e-06
0.88086593,1.0,1.000001e-06
0.88004297,1.0,1.000001e-06
0.8792104,1.0,1.000001e-06
0.8782784,1.0,1.0000011e-06
0.87745816,1.0,1.0000011e-06
0.8765184,1.0,1.0000011e-06
0.87570107,1.0,1.0000011e-06
0.8747423,1.0,1.0000011e-06
0.8738747,1.0,1.0000011e-06
0.87300956,1.0,1.0000011e-06
0.8721402,1.0,1.0000011e-06
0.87118584,1.0,1.0000011e-06
0.8702611,1.0,1.0000011e-06
0.8693188,1.0,1.0000011e-06
0.86834085,1.0,1.0000011e-06
0.86747944,1.0,1.0000012e-06
0.8664518,1.0,1.0000012e-06
0.86560553,1.0,1.0000012e-06
0.8646401,1.0,1.0000012e-06
0.86362433,1.0,1.0000012e-06
0.8625671,1.0,1.0000012e-06
0.86163837,1.0,1.0000012e-06
0.86061996,1.0,1.0000012e-06
0.85957843,1.0,1.0000012e-06
0.85860145,1.0,1.0000012e-06
0.8574962,1.0,1.0000014e-06
0.8564701,1.0,1.0000014e-06
0.8554801,1.0,1.0000014e-06
0.854377,1.0,1.0000014e-06
0.8534613,1.0,1.0000014e-06
0.8523535,1.0,1.0000014e-06
0.8513786,1.0,1.0000014e-06
0.85026443,1.0,1.0000015e-06
0.8491844,1.0,1.0000015e-06
0.8481603,1.0,1.0000015e-06
0.84710014,1.0,1.0000015e-06
0.8459129,1.0,1.0000015e-06
0.844828,1.0,1.0000015e-06
0.84384966,1.0,1.0000015e-06
0.8427345,1.0,1.0000016e-06
0.8417174,1.0,1.0000016e-06
0.84059334,1.0,1.0000016e-06
0.8395096,1.0,1.0000016e-06
0.83835375,1.0,1.0000016e-06
0.83732533,1.0,1.0000017e-06
0.8362289,1.0,1.0000017e-06
0.83514893,1.0,1.0000017e-06
0.8340757,1.0,1.0000017e-06
0.8330278,1.0,1.0000017e-06
0.83195245,1.0,1.0000018e-06
0.8308787,1.0,1.0000018e-06
0.829806,1.0,1.0000018e-06
0.8287832,1.0,1.0000018e-06
0.8277449,1.0,1.0000018e-06
0.8277449,1.0,1.0000019e-06
0.8277449,1.0,1.0000019e-06
0.8277449,1.0,1.0000019e-06
0.8277449,1.0,1.0000019e-06
1.0,1.0,1.0000745e-06
1.0,1.0,1.0000745e-06
1.0,1.0,1.0000745e-06
1.0,1.0,1.0000745e-06
1.0,1.0,1.0000743e-06
1.0,1.0,1.0000743e-06
1.0,1.0,1.0000743e-06
1.0,1.0,1.0000743e-06
1.0,1.0,1.0000742e-06
1.0,1.0,1.0000742e-06
1.0,1.0,1.0000741e-06
1.0,1.0,1.000074e-06
1.0,1.0,1.000074e-06
1.0,1.0,1.0000739e-06
1.0,1.0,1.0000738e-06
1.0,1.0,1.0000737e-06
1.0,1.0,1.0000736e-06
1.0,1.0,1.0000734e-06
1.0,1.0,1.0000733e-06
1.0,1.0,1.0000732e-06
1.0,1.0,1.000073e-06
1.0,1.0,1.0000729e-06
1.0,1.0,1.0000726e-06
1.0,1.0,1.0000725e-06
1.0,1.0,1.0000723e-06
1.0,1.0,1.0000722e-06
1.0,1.0,1.000072e-06
1.0,1.0,1.0000717e-06
1.0,1.0,1.0000715e-06
1.0,1.0,1.0000713e-06
1.0,1.0,1.000071e-06
1.0,1.0,1.0000708e-06
1.0,1.0,1.0000706e-06
1.0,1.0,1.0000703e-06
1.0,1.0,1.00007e-06
1.0,1.0,1.0000698e-06
0.9999652,1.0,1.0000695e-06
0.99988025,1.0,1.0000691e-06
0.9998414,1.0,1.0000689e-06
0.9998015,1.0,1.0000686e-06
0.99974805,1.0,1.0000682e-06
0.99969006,1.0,1.0000679e-06
0.9996862,1.0,1.0000675e-06
0.9996825,1.0,1.0000672e-06
0.9995776,1.0,1.0000668e-06
0.99951285,1.0,1.0000665e-06
0.99943995,1.0,1.0000662e-06
0.999423,1.0,1.0000657e-06
0.99944675,1.0,1.0000654e-06
0.99940634,1.0,1.0000649e-06
0.9994134,1.0,1.0000646e-06
0.9993181,1.0,1.0000641e-06
0.9992888,1.0,1.0000637e-06
0.9992271,1.0,1.0000632e-06
0.9992003,1.0,1.0000628e-06
0.9991413,1.0,1.0000623e-06
0.9990345,1.0,1.0000618e-06
0.9990014,1.0,1.0000614e-06
0.9990406,1.0,1.0000609e-06
0.99900013,1.0,1.0000605e-06
0.99895096,1.0,1.00006e-06
0.99893296,1.0,1.0000595e-06
0.99890304,1.0,1.000059e-06
0.9988767,1.0,1.0000585e-06
0.99875313,1.0,1.000058e-06
0.99871874,1.0,1.0000575e-06
0.9986439,1.0,1.000057e-06
0.99861044,1.0,1.0000564e-06
0.99859387,1.0,1.0000559e-06
0.9985739,1.0,1.0000554e-06
0.9984798,1.0,1.0000548e-06
0.9985148,1.0,1.0000542e-06
0.9984591,1.0,1.0000537e-06
0.99839795,1.0,1.0000531e-06
0.99832106,1.0,1.0000525e-06
0.9982683,1.0,1.000052e-06
0.99821573,1.0,1.0000514e-06
0.99816924,1.0,1.0000508e-06
0.9981304,1.0,1.0000501e-06
0.99805677,1.0,1.0000496e-06
0.998067,1.0,1.000049e-06
0.99800086,1.0,1.0000484e-06
0.9979366,1.0,1.0000477e-06
0.9978825,1.0,1.0000472e-06
0.9977913,1.0,1.0000466e-06
0.9977365,1.0,1.0000459e-06
0.9977221,1.0,1.0000454e-06
0.99770445,1.0,1.0000448e-06
0.9976402,1.0,1.0000441e-06
0.99762535,1.0,1.0000435e-06
0.99759966,1.0,1.0000429e-06
0.99756306,1.0,1.0000423e-06
0.9974119,1.0,1.0000417e-06
0.9974119,1.0,1.000041e-06
0.9973412,1.0,1.0000405e-06
0.99736094,1.0,1.0000398e-06
0.9973063,1.0,1.0000392e-06
0.9972185,1.0,1.0000385e-06
0.99715185,1.0,1.000038e-06
0.9971125,1.0,1.0000373e-06
0.9971059,1.0,1.0000367e-06
0.9970507,1.0,1.0000361e-06
0.9969565,1.0,1.0000355e-06
0.9969236,1.0,1.0000349e-06
0.99682134,1.0,1.0000342e-06
0.9968001,1.0,1.0000336e-06
0.996737,1.0,1.0000331e-06
0.9966746,1.0,1.0000324e-06
0.9966199,1.0,1.0000318e-06
0.99655455,1.0,1.0000313e-06
0.9965241,1.0,1.0000307e-06
0.9964545,1.0,1.0000301e-06
0.996413,1.0,1.0000296e-06
0.9964309,1.0,1.0000289e-06
0.99655783,1.0,1.0000283e-06
0.9966381,1.0,1.0000277e-06
0.9965994,1.0,1.0000272e-06
0.9964225,1.0,1.0000267e-06
0.99623656,1.0,1.0000261e-06
0.9960996,1.0,1.0000256e-06
0.9959953,1.0,1.000025e-06
0.9960735,1.0,1.0000244e-06
0.996159,1.0,1.000024e-06
0.9962505,1.0,1.0000234e-06
0.9962673,1.0,1.000023e-06
0.9962066,1.0,1.0000224e-06
0.9961255,1.0,1.0000219e-06
0.9960528,1.0,1.0000214e-06
0.9959588,1.0,1.0000209e-06
0.9956734,1.0,1.0000205e-06
0.9955488,1.0,1.00002e-06
0.99552,1.0,1.0000194e-06
0.99542564,1.0,1.000019e-06
0.99536306,1.0,1.0000185e-06
0.9953159,1.0,1.0000181e-06
0.995215,1.0,1.0000176e-06
0.99516916,1.0,1.0000173e-06
0.99507815,1.0,1.0000168e-06
0.9950265,1.0,1.0000164e-06
0.9949602,1.0,1.000016e-06
0.99494207,1.0,1.0000156e-06
0.9949306,1.0,1.0000152e-06
0.99501276,1.0,1.0000148e-06
0.9950923,1.0,1.0000144e-06
0.9950524,1.0,1.000014e-06
0.99490094,1.0,1.0000136e-06
0.9946947,1.0,1.0000133e-06
0.9945012,1.0,1.000013e-06
0.9943529,1.0,1.0000126e-06
0.9945562,1.0,1.0000123e-06
0.99473995,1.0,1.0000119e-06
0.994851,1.0,1.0000116e-06
0.99487877,1.0,1.0000113e-06
0.9948799,1.0,1.000011e-06
0.99480474,1.0,1.0000107e-06
0.99470645,1.0,1.0000103e-06
0.99457157,1.0,1.0000101e-06
0.9941968,1.0,1.0000098e-06
0.9939057,1.0,1.0000095e-06
0.99382323,1.0,1.0000093e-06
0.9937463,1.0,1.000009e-06
0.9936616,1.0,1.0000088e-06
0.9935423,1.0,1.0000085e-06
0.9934652,1.0,1.0000083e-06
0.9933908,1.0,1.0000081e-06
0.9932925,1.0,1.0000078e-06
0.9932504,1.0,1.0000076e-06
0.99325496,1.0,1.0000074e-06
0.9932086,1.0,1.0000072e-06
0.9932723,1.0,1.0000069e-06
0.99330175,1.0,1.0000067e-06
0.9934039,1.0,1.0000066e-06
0.99334556,1.0,1.0000064e-06
0.9931039,1.0,1.0000061e-06
0.99286646,1.0,1.000006e-06
0.99270576,1.0,1.0000058e-06
0.9925933,1.0,1.0000057e-06
0.9926012,1.0,1.0000055e-06
0.9926893,1.0,1.0000053e-06
0.9927082,1.0,1.0000051e-06
0.9927675,1.0,1.000005e-06
0.9927661,1.0,1.0000049e-06
0.99264973,1.0,1.0000048e-06
0.9925453,1.0,1.0000045e-06
0.9924567,1.0,1.0000044e-06
0.9921169,1.0,1.0000043e-06
0.9919287,1.0,1.0000042e-06
0.9918891,1.0,1.0000041e-06
0.9917894,1.0,1.000004e-06
0.9916975,1.0,1.0000039e-06
0.9915818,1.0,1.0000037e-06
0.99148023,1.0,1.0000036e-06
0.9914044,1.0,1.0000035e-06
0.9912944,1.0,1.0000034e-06
0.9912304,1.0,1.0000033e-06
0.99123067,1.0,1.0000033e-06
0.99118376,1.0,1.0000032e-06
0.99114454,1.0,1.0000031e-06
0.99118036,1.0,1.000003e-06
0.9912377,1.0,1.000003e-06
0.991129,1.0,1.0000028e-06
0.9909205,1.0,1.0000027e-06
0.9906593,1.0,1.0000027e-06
0.9905287,1.0,1.0000026e-06
0.9903814,1.0,1.0000025e-06
0.99039954,1.0,1.0000025e-06
0.99049145,1.0,1.0000024e-06
0.99054945,1.0,1.0000024e-06
0.9905446,1.0,1.0000023e-06
0.99049544,1.0,1.0000023e-06
0.99038833,1.0,1.0000022e-06
0.9902672,1.0,1.0000022e-06
0.9901925,1.0,1.000002e-06
0.9898618,1.0,1.000002e-06
0.9895818,1.0,1.0000019e-06
0.98946196,1.0,1.0000019e-06
0.98936784,1.0,1.0000019e-06
0.98928,1.0,1.0000018e-06
0.9891774,1.0,1.0000018e-06
0.98906666,1.0,1.0000017e-06
0.988952,1.0,1.0000017e-06
0.98879975,1.0,1.0000017e-06
0.9886794,1.0,1.0000016e-06
0.98860216,1.0,1.0000016e-06
0.9885019,1.0,1.0000016e-06
0.9884337,1.0,1.0000016e-06
0.9884194,1.0,1.0000015e-06
0.98844355,1.0,1.0000015e-06
0.9883077,1.0,1.0000015e-06
0.9881087,1.0,1.0000014e-06
0.98797643,1.0,1.0000014e-06
0.9878212,1.0,1.0000014e-06
0.9876733,1.0,1.0000014e-06
0.98765266,1.0,1.0000014e-06
0.987692,1.0,1.0000012e-06
0.9877249,1.0,1.0000012e-06
0.98771864,1.0,1.0000012e-06
0.9877172,1.0,1.0000012e-06
0.9876411,1.0,1.0000012e-06
0.98756784,1.0,1.0000012e-06
0.9874992,1.0,1.0000011e-06
0.9871418,1.0,1.0000011e-06
0.9867285,1.0,1.0000011e-06
0.9865267,1.0,1.0000011e-06
0.98642194,1.0,1.0000011e-06
0.9862486,1.0,1.0000011e-06
0.98613703,1.0,1.0000011e-06
0.9860088,1.0,1.000001e-06
0.98587507,1.0,1.000001e-06
0.98574525,1.0,1.000001e-06
0.9856217,1.0,1.000001e-06
0.9854959,1.0,1.000001e-06
0.9853604,1.0,1.000001e-06
0.985207,1.0,1.000001e-06
0.9851419,1.0,1.000001e-06
0.9850231,1.0,1.000001e-06
0.98488104,1.0,1.000001e-06
0.9847514,1.0,1.000001e-06
0.98459095,1.0,1.000001e-06
0.9844374,1.0,1.000001e-06
0.98425764,1.0,1.000001e-06
0.9842406,1.0,1.0000009e-06
0.9841995,1.0,1.0000009e-06
0.9840846,1.0,1.0000009e-06
0.984025,1.0,1.0000009e-06
0.98397744,1.0,1.0000009e-06
0.9838337,1.0,1.0000009e-06
0.98368406,1.0,1.0000009e-06
0.98359495,1.0,1.0000009e-06
0.9832415,1.0,1.0000009e-06
0.98299253,1.0,1.0000009e-06
0.98279077,1.0,1.0000009e-06
0.98265475,1.0,1.0000009e-06
0.9824874,1.0,1.0000009e-06
0.98231953,1.0,1.0000009e-06
0.9821751,1.0,1.0000009e-06
0.982038,1.0,1.0000009e-06
0.98183507,1.0,1.0000009e-06
0.9817045,1.0,1.0000009e-06
0.9815064,1.0,1.000001e-06
0.9812984,1.0,1.000001e-06
0.9816754,1.0,1.000001e-06
0.9820646,1.0,1.000001e-06
0.9822286,1.0,1.000001e-06
0.98209846,1.0,1.000001e-06
0.98189414,1.0,1.000001e-06
0.981613,1.0,1.000001e-06
0.981524,1.0,1.000001e-06
0.98141307,1.0,1.000001e-06
0.98156774,1.0,1.000001e-06
0.98147976,1.0,1.000001e-06
0.98159605,1.0,1.000001e-06
0.98157495,1.0,1.000001e-06
0.98138136,1.0,1.0000011e-06
0.98118436,1.0,1.0000011e-06
0.9812001,1.0,1.0000011e-06
0.9810932,1.0,1.0000011e-06
0.9808135,1.0,1.0000011e-06
0.9803971,1.0,1.0000011e-06
0.9798779,1.0,1.0000011e-06
0.9796037,1.0,1.0000011e-06
0.9793208,1.0,1.0000012e-06
0.97905827,1.0,1.0000012e-06
0.9787349,1.0,1.0000012e-06
0.9785963,1.0,1.0000012e-06
0.9784734,1.0,1.0000012e-06
0.9781986,1.0,1.0000012e-06
0.9780866,1.0,1.0000014e-06
0.9774927,1.0,1.0000014e-06
0.97765577,1.0,1.0000014e-06
0.9774372,1.0,1.0000014e-06
0.9774042,1.0,1.0000014e-06
0.97703266,1.0,1.0000015e-06
0.9767876,1.0,1.0000015e-06
0.9766956,1.0,1.0000015e-06
0.97626615,1.0,1.0000015e-06
0.9761917,1.0,1.0000016e-06
0.9762175,1.0,1.0000016e-06
0.9759415,1.0,1.0000016e-06
0.9758984,1.0,1.0000016e-06
0.97594345,1.0,1.0000017e-06
0.97563446,1.0,1.0000017e-06
0.9756785,1.0,1.0000017e-06
0.97543526,1.0,1.0000018e-06
0.97536165,1.0,1.0000018e-06
0.97448117,1.0,1.0000018e-06
0.97427547,1.0,1.0000019e-06
0.9738786,1.0,1.0000019e-06
0.9737664,1.0,1.0000019e-06
0.97315407,1.0,1.000002e-06
0.9729384,1.0,1.000002e-06
0.97272116,1.0,1.000002e-06
0.97270185,1.0,1.0000022e-06
0.97247064,1.0,1.0000022e-06
0.97220975,1.0,1.0000023e-06
0.9717803,1.0,1.0000023e-06
0.97160774,1.0,1.0000023e-06
0.97152805,1.0,1.0000024e-06
0.97132474,1.0,1.0000024e-06
0.9708647,1.0,1.0000025e-06
0.9709416,1.0,1.0000025e-06
0.9703908,1.0,1.0000026e-06
0.9700827,1.0,1.0000026e-06
0.96973956,1.0,1.0000027e-06
0.96960115,1.0,1.0000027e-06
0.96909297,1.0,1.0000028e-06
0.9692152,1.0,1.0000028e-06
0.96895003,1.0,1.000003e-06
0.9688958,1.0,1.000003e-06
0.9685757,1.0,1.0000031e-06
0.96844447,1.0,1.0000031e-06
0.9682629,1.0,1.0000032e-06
0.9677332,1.0,1.0000032e-06
0.96761084,1.0,1.0000033e-06
0.96716017,1.0,1.0000033e-06
0.9665201,1.0,1.0000034e-06
0.96625125,1.0,1.0000035e-06
0.96555823,1.0,1.0000035e-06
0.9655401,1.0,1.0000036e-06
0.9649118,1.0,1.0000036e-06
0.96465755,1.0,1.0000037e-06
0.9643453,1.0,1.0000039e-06
0.96407276,1.0,1.0000039e-06
0.96391606,1.0,1.000004e-06
0.9634018,1.0,1.000004e-06
0.9631564,1.0,1.0000041e-06
0.96297264,1.0,1.0000042e-06
0.96252793,1.0,1.0000042e-06
0.9620988,1.0,1.0000043e-06
0.9620019,1.0,1.0000044e-06
0.96133107,1.0,1.0000044e-06
0.9609262,1.0,1.0000045e-06
0.9605176,1.0,1.0000045e-06
0.9600585,1.0,1.0000047e-06
0.95993274,1.0,1.0000048e-06
0.95982146,1.0,1.0000048e-06
0.9595191,1.0,1.0000049e-06
0.95922613,1.0,1.000005e-06
0.95891774,1.0,1.000005e-06
0.9585003,1.0,1.0000051e-06
0.9582696,1.0,1.0000051e-06
0.9578343,1.0,1.0000052e-06
0.95702964,1.0,1.0000053e-06
0.9564809,1.0,1.0000053e-06
0.9558486,1.0,1.0000055e-06
0.95533246,1.0,1.0000056e-06
0.95501834,1.0,1.0000056e-06
0.95445675,1.0,1.0000057e-06
0.95420706,1.0,1.0000057e-06
0.95379406,1.0,1.0000058e-06
0.9534789,1.0,1.0000059e-06
0.95284224,1.0,1.0000059e-06
0.9525593,1.0,1.000006e-06
0.9520088,1.0,1.000006e-06
0.9514916,1.0,1.0000061e-06
0.95113355,1.0,1.0000061e-06
0.9506497,1.0,1.0000063e-06
0.9503641,1.0,1.0000063e-06
0.94965667,1.0,1.0000064e-06
0.9492113,1.0,1.0000064e-06
0.9486165,1.0,1.0000065e-06
0.9481594,1.0,1.0000065e-06
0.94764745,1.0,1.0000065e-06
0.94741994,1.0,1.0000066e-06
0.9468643,1.0,1.0000066e-06
0.9464336,1.0,1.0000067e-06
0.94604844,1.0,1.0000067e-06
0.945557,1.0,1.0000067e-06
0.94516116,1.0,1.0000068e-06
0.94449174,1.0,1.0000068e-06
0.9439531,1.0,1.0000068e-06
0.9432283,1.0,1.0000069e-06
0.9425132,1.0,1.0000069e-06
0.9416477,1.0,1.0000069e-06
0.9411305,1.0,1.0000069e-06
0.94035596,1.0,1.000007e-06
0.93980324,1.0,1.000007e-06
0.939235,1.0,1.000007e-06
0.93869865,1.0,1.000007e-06
0.938064,1.0,1.000007e-06
0.9373664,1.0,1.0000072e-06
0.9367764,1.0,1.0000072e-06
0.93606454,1.0,1.0000072e-06
0.93565494,1.0,1.0000072e-06
0.9349527,1.0,1.0000072e-06
0.9343459,1.0,1.0000072e-06
0.93351537,1.0,1.0000072e-06
0.93287456,1.0,1.0000072e-06
0.9321618,1.0,1.0000072e-06
0.93139046,1.0,1.0000072e-06
0.93063915,1.0,1.0000072e-06
0.9302497,1.0,1.0000072e-06
0.92981374,1.0,1.0000072e-06
0.9292004,1.0,1.0000072e-06
0.9288193,1.0,1.0000072e-06
0.92820114,1.0,1.0000072e-06
0.9272246,1.0,1.0000072e-06
0.9269424,1.0,1.0000072e-06
0.92609096,1.0,1.000007e-06
0.9253599,1.0,1.000007e-06
0.92432535,1.0,1.000007e-06
0.9235099,1.0,1.000007e-06
0.92255884,1.0,1.000007e-06
0.92191565,1.0,1.000007e-06
0.9209931,1.0,1.000007e-06
0.9204255,1.0,1.0000069e-06
0.9191369,1.0,1.0000069e-06
0.91792357,1.0,1.0000069e-06
0.9157966,1.0,1.0000069e-06
0.9136231,1.0,1.0000068e-06
0.9151465,1.0,1.0000068e-06
0.9135653,1.0,1.0000068e-06
0.9133782,1.0,1.0000067e-06
0.91245764,1.0,1.0000067e-06
0.9116906,1.0,1.0000067e-06
0.91105783,1.0,1.0000066e-06
0.91002065,1.0,1.0000066e-06
0.90918314,1.0,1.0000066e-06
0.90859956,1.0,1.0000065e-06
0.9075584,1.0,1.0000065e-06
0.906653,1.0,1.0000064e-06
0.90601474,1.0,1.0000064e-06
0.9054446,1.0,1.0000064e-06
0.90451205,1.0,1.0000063e-06
0.9039422,1.0,1.0000063e-06
0.903092,1.0,1.0000063e-06
0.9023321,1.0,1.0000061e-06
0.90164536,1.0,1.0000061e-06
0.9008175,1.0,1.000006e-06
0.8998745,1.0,1.000006e-06
0.8986965,1.0,1.0000059e-06
0.89785486,1.0,1.0000059e-06
0.89681816,1.0,1.0000059e-06
0.8961025,1.0,1.0000058e-06
0.89528143,1.0,1.0000058e-06
0.89435995,1.0,1.0000057e-06
0.8932738,1.0,1.0000057e-06
0.8924043,1.0,1.0000056e-06
0.89158607,1.0,1.0000056e-06
0.89059466,1.0,1.0000056e-06
0.88973737,1.0,1.0000055e-06
0.8889819,1.0,1.0000055e-06
0.8881053,1.0,1.0000053e-06
0.88722265,1.0,1.0000053e-06
0.886271,1.0,1.0000052e-06
0.8852985,1.0,1.0000052e-06
0.8844718,1.0,1.0000051e-06
0.8834894,1.0,1.0000051e-06
0.8824401,1.0,1.000005e-06
0.8815317,1.0,1.000005e-06
0.8806571,1.0,1.000005e-06
0.879759,1.0,1.0000049e-06
0.8787809,1.0,1.0000049e-06
0.87793034,1.0,1.0000048e-06
0.8768705,1.0,1.0000048e-06
0.8760593,1.0,1.0000047e-06
0.87525797,1.0,1.0000047e-06
0.8740975,1.0,1.0000047e-06
0.87320536,1.0,1.0000045e-06
0.87189674,1.0,1.0000045e-06
0.87106824,1.0,1.0000044e-06
0.87002945,1.0,1.0000044e-06
0.86900157,1.0,1.0000044e-06
0.8679357,1.0,1.0000043e-06
0.8671187,1.0,1.0000043e-06
0.86617666,1.0,1.0000042e-06
0.8652126,1.0,1.0000042e-06
0.86420244,1.0,1.0000042e-06
0.863255,1.0,1.0000041e-06
0.8622536,1.0,1.0000041e-06
0.8612866,1.0,1.000004e-06
0.8601924,1.0,1.000004e-06
0.8593728,1.0,1.000004e-06
0.85831857,1.0,1.0000039e-06
0.8574592,1.0,1.0000039e-06
0.85653245,1.0,1.0000039e-06
0.8555456,1.0,1.0000037e-06
0.8546635,1.0,1.0000037e-06
0.8537367,1.0,1.0000036e-06
0.85269094,1.0,1.0000036e-06
0.8517439,1.0,1.0000036e-06
0.85110456,1.0,1.0000035e-06
0.8499451,1.0,1.0000035e-06
0.84922945,1.0,1.0000035e-06
0.84824014,1.0,1.0000034e-06
0.8473247,1.0,1.0000034e-06
0.84637004,1.0,1.0000034e-06
0.84553593,1.0,1.0000033e-06
0.84460837,1.0,1.0000033e-06
0.8434511,1.0,1.0000033e-06
0.84250796,1.0,1.0000032e-06
0.8417628,1.0,1.0000032e-06
0.84058326,1.0,1.0000032e-06
0.83946204,1.0,1.0000032e-06
0.8387859,1.0,1.0000031e-06
0.8377604,1.0,1.0000031e-06
0.83674246,1.0,1.0000031e-06
0.835549,1.0,1.000003e-06
0.8348986,1.0,1.000003e-06
0.8337009,1.0,1.000003e-06
0.83292925,1.0,1.0000028e-06
0.8317246,1.0,1.0000028e-06
0.83098966,1.0,1.0000028e-06
0.8296159,1.0,1.0000028e-06
0.8288742,1.0,1.0000027e-06
0.8276695,1.0,1.0000027e-06
0.82750285,1.0,1.0000027e-06
0.82587236,1.0,1.0000027e-06
0.82489353,1.0,1.0000026e-06
0.82376075,1.0,1.0000026e-06
0.8234383,1.0,1.0000026e-06
0.822023,1.0,1.0000026e-06
0.8211482,1.0,1.0000025e-06
0.82048506,1.0,1.0000025e-06
0.81916434,1.0,1.0000025e-06
0.8181638,1.0,1.0000025e-06
0.8175084,1.0,1.0000024e-06
0.81613606,1.0,1.0000024e-06
0.81530076,1.0,1.0000024e-06
0.81394917,1.0,1.0000024e-06
0.8134081,1.0,1.0000023e-06
0.8122079,1.0,1.0000023e-06
0.8112536,1.0,1.0000023e-06
0.81008506,1.0,1.0000023e-06
1.0,1.0,1.0000745e-06
1.0,1.0,1.0000745e-06
1.0,1.0,1.0000745e-06
1.0,1.0,1.0000745e-06
1.0,1.0,1.0000745e-06
1.0,1.0,1.0000745e-06
1.0,1.0,1.0000743e-06
1.0,1.0,1.0000743e-06
1.0,1.0,1.0000742e-06
1.0,1.0,1.0000742e-06
1.0,1.0,1.0000741e-06
1.0,1.0,1.000074e-06
1.0,1.0,1.000074e-06
1.0,1.0,1.0000739e-06
1.0,1.0,1.0000738e-06
1.0,1.0,1.0000737e-06
1.0,1.0,1.0000736e-06
1.0,1.0,1.0000734e-06
1.0,1.0,1.0000733e-06
1.0,1.0,1.0000732e-06
1.0,1.0,1.000073e-06
1.0,1.0,1.0000729e-06
1.0,1.0,1.0000726e-06
1.0,1.0,1.0000725e-06
1.0,1.0,1.0000723e-06
1.0,1.0,1.0000722e-06
1.0,1.0,1.000072e-06
1.0,1.0,1.0000717e-06
1.0,1.0,1.0000715e-06
1.0,1.0,1.0000713e-06
1.0,1.0,1.000071e-06
1.0,1.0,1.0000708e-06
1.0,1.0,1.0000706e-06
1.0,1.0,1.0000703e-06
1.0,1.0,1.00007e-06
1.0,1.0,1.0000697e-06
1.0,1.0,1.0000695e-06
1.0,1.0,1.0000691e-06
1.0,1.0,1.0000689e-06
1.0,1.0,1.0000686e-06
1.0,1.0,1.0000682e-06
1.0,1.0,1.0000679e-06
1.0,1.0,1.0000675e-06
0.99988586,1.0,1.0000672e-06
1.0,1.0,1.0000668e-06
0.9999729,1.0,1.0000665e-06
0.99947757,1.0,1.000066e-06
0.9995975,1.0,1.0000657e-06
0.9996017,1.0,1.0000654e-06
0.9989932,1.0,1.0000649e-06
0.99926966,1.0,1.0000645e-06
0.99926,1.0,1.0000641e-06
0.99859726,1.0,1.0000637e-06
0.99882275,1.0,1.0000632e-06
0.9989176,1.0,1.0000628e-06
0.99834305,1.0,1.0000623e-06
0.9985018,1.0,1.0000618e-06
0.9985208,1.0,1.0000614e-06
0.99826807,1.0,1.0000609e-06
0.9985655,1.0,1.0000605e-06
0.99848396,1.0,1.00006e-06
0.99807507,1.0,1.0000595e-06
0.99806,1.0,1.000059e-06
0.9981891,1.0,1.0000585e-06
0.99777097,1.0,1.000058e-06
0.9977765,1.0,1.0000574e-06
0.99704254,1.0,1.000057e-06
0.9973416,1.0,1.0000564e-06
0.9973344,1.0,1.0000558e-06
0.9967325,1.0,1.0000554e-06
0.99706864,1.0,1.0000548e-06
0.99700713,1.0,1.0000542e-06
0.9963703,1.0,1.0000537e-06
0.99666697,1.0,1.0000531e-06
0.9967502,1.0,1.0000525e-06
0.9960395,1.0,1.000052e-06
0.9962147,1.0,1.0000514e-06
0.99606526,1.0,1.0000508e-06
0.995778,1.0,1.0000501e-06
0.9960398,1.0,1.0000496e-06
0.9959968,1.0,1.000049e-06
0.99552494,1.0,1.0000484e-06
0.99569696,1.0,1.0000477e-06
0.9954779,1.0,1.0000472e-06
0.99525195,1.0,1.0000466e-06
0.9952888,1.0,1.0000459e-06
0.99462724,1.0,1.0000454e-06
0.9949044,1.0,1.0000448e-06
0.9947609,1.0,1.0000441e-06
0.9941056,1.0,1.0000435e-06
0.99430025,1.0,1.0000429e-06
0.9943704,1.0,1.0000423e-06
0.993663,1.0,1.0000416e-06
0.9940686,1.0,1.000041e-06
0.99407554,1.0,1.0000404e-06
0.9933057,1.0,1.0000398e-06
0.99367446,1.0,1.0000391e-06
0.9933582,1.0,1.0000385e-06
0.99297935,1.0,1.000038e-06
0.9931455,1.0,1.0000373e-06
0.993031,1.0,1.0000367e-06
0.9926013,1.0,1.000036e-06
0.9927023,1.0,1.0000355e-06
0.99234957,1.0,1.0000349e-06
0.99226284,1.0,1.0000342e-06
0.9922309,1.0,1.0000336e-06
0.99180293,1.0,1.0000331e-06
0.9917871,1.0,1.0000324e-06
0.9917081,1.0,1.0000318e-06
0.9910554,1.0,1.0000313e-06
0.9913698,1.0,1.0000307e-06
0.9911938,1.0,1.00003e-06
0.99053043,1.0,1.0000294e-06
0.9908508,1.0,1.0000289e-06
0.9907466,1.0,1.0000283e-06
0.99003834,1.0,1.0000277e-06
0.99026775,1.0,1.0000272e-06
0.9901996,1.0,1.0000266e-06
0.9897568,1.0,1.000026e-06
0.9898857,1.0,1.0000256e-06
0.98991925,1.0,1.000025e-06
0.98938245,1.0,1.0000244e-06
0.9894609,1.0,1.000024e-06
0.98946464,1.0,1.0000234e-06
0.9890101,1.0,1.0000228e-06
0.98887515,1.0,1.0000224e-06
0.98838717,1.0,1.0000218e-06
0.9883378,1.0,1.0000214e-06
0.98835087,1.0,1.0000209e-06
0.98771334,1.0,1.0000203e-06
0.98788786,1.0,1.0000199e-06
0.98801905,1.0,1.0000194e-06
0.9873022,1.0,1.000019e-06
0.9875325,1.0,1.0000185e-06
0.98756367,1.0,1.0000181e-06
0.9867488,1.0,1.0000176e-06
0.98701924,1.0,1.0000172e-06
0.9868301,1.0,1.0000168e-06
0.9863639,1.0,1.0000164e-06
0.9864568,1.0,1.0000159e-06
0.9861886,1.0,1.0000156e-06
0.9858481,1.0,1.0000151e-06
0.9858065,1.0,1.0000148e-06
0.9854892,1.0,1.0000143e-06
0.9853457,1.0,1.000014e-06
0.98522407,1.0,1.0000136e-06
0.9846127,1.0,1.0000133e-06
0.98459786,1.0,1.000013e-06
0.98445076,1.0,1.0000126e-06
0.9839122,1.0,1.0000123e-06
0.98397636,1.0,1.0000119e-06
0.9837995,1.0,1.0000116e-06
0.983299,1.0,1.0000113e-06
0.9834968,1.0,1.0000109e-06
0.9834641,1.0,1.0000107e-06
0.9827348,1.0,1.0000103e-06
0.9829017,1.0,1.0000101e-06
0.9827532,1.0,1.0000098e-06
0.98230094,1.0,1.0000095e-06
0.9824325,1.0,1.0000092e-06
0.9821895,1.0,1.000009e-06
0.98178697,1.0,1.0000088e-06
0.9816549,1.0,1.0000085e-06
0.9816235,1.0,1.0000082e-06
0.9811693,1.0,1.000008e-06
0.9810075,1.0,1.0000077e-06
0.98061705,1.0,1.0000075e-06
0.9804772,1.0,1.0000074e-06
0.98050356,1.0,1.0000072e-06
0.97982264,1.0,1.0000069e-06
0.9799493,1.0,1.0000067e-06
0.97980857,1.0,1.0000065e-06
0.97921425,1.0,1.0000064e-06
0.9792719,1.0,1.0000061e-06
0.97908235,1.0,1.000006e-06
0.9784358,1.0,1.0000058e-06
0.9785723,1.0,1.0000057e-06
0.9784128,1.0,1.0000055e-06
0.9779706,1.0,1.0000053e-06
0.978031,1.0,1.0000051e-06
0.9778392,1.0,1.000005e-06
0.9774473,1.0,1.0000049e-06
0.97734296,1.0,1.0000047e-06
0.97721964,1.0,1.0000045e-06
0.97692025,1.0,1.0000044e-06
0.97677433,1.0,1.0000043e-06
0.97606236,1.0,1.0000042e-06
0.9760215,1.0,1.0000041e-06
0.97592676,1.0,1.000004e-06
0.97534925,1.0,1.0000039e-06
0.97550684,1.0,1.0000037e-06
0.9754198,1.0,1.0000036e-06
0.97463655,1.0,1.0000035e-06
0.9746585,1.0,1.0000034e-06
0.9744876,1.0,1.0000033e-06
0.9676465,1.0,1.0000032e-06
0.9699893,1.0,1.0000032e-06
0.97252846,1.0,1.0000031e-06
0.9725749,1.0,1.000003e-06
0.97311944,1.0,1.0000028e-06
0.97308326,1.0,1.0000028e-06
0.9726854,1.0,1.0000027e-06
0.9729082,1.0,1.0000026e-06
0.97269505,1.0,1.0000026e-06
0.9723104,1.0,1.0000025e-06
0.9723359,1.0,1.0000025e-06
0.97222316,1.0,1.0000024e-06
0.97187686,1.0,1.0000024e-06
0.9718156,1.0,1.0000023e-06
0.97138596,1.0,1.0000023e-06
0.97126895,1.0,1.0000022e-06
0.9711266,1.0,1.0000022e-06
0.97062045,1.0,1.000002e-06
0.97055703,1.0,1.000002e-06
0.9703387,1.0,1.0000019e-06
0.9697318,1.0,1.0000019e-06
0.9698685,1.0,1.0000018e-06
0.96972847,1.0,1.0000018e-06
0.9690968,1.0,1.0000018e-06
0.96926504,1.0,1.0000017e-06
0.9690143,1.0,1.0000017e-06
0.96841145,1.0,1.0000017e-06
0.9685407,1.0,1.0000016e-06
0.9682716,1.0,1.0000016e-06
0.9678321,1.0,1.0000016e-06
0.96764946,1.0,1.0000015e-06
0.96726865,1.0,1.0000015e-06
0.9670408,1.0,1.0000015e-06
0.9668831,1.0,1.0000015e-06
0.9662023,1.0,1.0000014e-06
0.9662297,1.0,1.0000014e-06
0.966,1.0,1.0000014e-06
0.96533746,1.0,1.0000014e-06
0.9654575,1.0,1.0000014e-06
0.9651217,1.0,1.0000012e-06
0.96455914,1.0,1.0000012e-06
0.96447074,1.0,1.0000012e-06
0.96421677,1.0,1.0000012e-06
0.96380794,1.0,1.0000012e-06
0.96370673,1.0,1.0000011e-06
0.9633573,1.0,1.0000011e-06
0.9629631,1.0,1.0000011e-06
0.9628766,1.0,1.0000011e-06
0.9621932,1.0,1.0000011e-06
0.9621082,1.0,1.0000011e-06
0.9619096,1.0,1.0000011e-06
0.9611382,1.0,1.0000011e-06
0.96120673,1.0,1.000001e-06
0.96099657,1.0,1.000001e-06
0.9601464,1.0,1.000001e-06
0.960271,1.0,1.000001e-06
0.9599916,1.0,1.000001e-06
0.9595018,1.0,1.000001e-06
0.9593506,1.0,1.000001e-06
0.95898086,1.0,1.000001e-06
0.9584768,1.0,1.000001e-06
0.95837206,1.0,1.000001e-06
0.9578765,1.0,1.000001e-06
0.9573175,1.0,1.000001e-06
0.957154,1.0,1.000001e-06
0.9563397,1.0,1.0000009e-06
0.95615077,1.0,1.0000009e-06
0.9562396,1.0,1.0000009e-06
0.9553743,1.0,1.0000009e-06
0.9554498,1.0,1.0000009e-06
0.95531267,1.0,1.0000009e-06
0.95441496,1.0,1.0000009e-06
0.95433795,1.0,1.0000009e-06
0.9540198,1.0,1.0000009e-06
0.9533854,1.0,1.0000009e-06
0.95313066,1.0,1.0000009e-06
0.95274585,1.0,1.0000009e-06
0.95227456,1.0,1.0000009e-06
0.9520404,1.0,1.0000009e-06
0.9511385,1.0,1.0000009e-06
0.9510856,1.0,1.0000009e-06
0.95065176,1.0,1.0000009e-06
0.9498752,1.0,1.0000009e-06
0.9498555,1.0,1.0000009e-06
0.9494734,1.0,1.0000009e-06
0.94874066,1.0,1.000001e-06
0.9485942,1.0,1.000001e-06
0.94800335,1.0,1.000001e-06
0.9474046,1.0,1.000001e-06
0.94715816,1.0,1.000001e-06
0.9466252,1.0,1.000001e-06
0.9460181,1.0,1.000001e-06
0.9457195,1.0,1.000001e-06
0.9450325,1.0,1.000001e-06
0.94496036,1.0,1.000001e-06
0.94464046,1.0,1.000001e-06
0.9436158,1.0,1.000001e-06
0.9435283,1.0,1.000001e-06
0.9432504,1.0,1.000001e-06
0.9422569,1.0,1.0000011e-06
0.94193685,1.0,1.0000011e-06
0.941753,1.0,1.0000011e-06
0.9407843,1.0,1.0000011e-06
0.9406897,1.0,1.0000011e-06
0.9398041,1.0,1.0000011e-06
0.93947357,1.0,1.0000011e-06
0.9391444,1.0,1.0000011e-06
0.93807995,1.0,1.0000012e-06
0.9376636,1.0,1.0000012e-06
0.9373058,1.0,1.0000012e-06
0.936625,1.0,1.0000012e-06
0.93638754,1.0,1.0000012e-06
0.93579036,1.0,1.0000012e-06
0.9350818,1.0,1.0000014e-06
0.93437684,1.0,1.0000014e-06
0.9342229,1.0,1.0000014e-06
0.9334592,1.0,1.0000014e-06
0.9328981,1.0,1.0000014e-06
0.9326295,1.0,1.0000015e-06
0.93158674,1.0,1.0000015e-06
0.93031836,1.0,1.0000015e-06
0.9300907,1.0,1.0000015e-06
0.92938405,1.0,1.0000016e-06
0.9287864,1.0,1.0000016e-06
0.92835206,1.0,1.0000016e-06
0.9272059,1.0,1.0000016e-06
0.92760444,1.0,1.0000017e-06
0.92648935,1.0,1.0000017e-06
0.92618555,1.0,1.0000017e-06
0.9256669,1.0,1.0000017e-06
0.9247803,1.0,1.0000018e-06
0.92461586,1.0,1.0000018e-06
0.9241498,1.0,1.0000018e-06
0.92320067,1.0,1.0000019e-06
0.9223451,1.0,1.0000019e-06
0.9219286,1.0,1.0000019e-06
0.9204686,1.0,1.000002e-06
0.91997933,1.0,1.000002e-06
0.9189187,1.0,1.0000022e-06
0.91905624,1.0,1.0000022e-06
0.9173264,1.0,1.0000022e-06
0.9176784,1.0,1.0000023e-06
0.91702783,1.0,1.0000023e-06
0.9164999,1.0,1.0000024e-06
0.9149974,1.0,1.0000024e-06
0.91462845,1.0,1.0000024e-06
0.91414267,1.0,1.0000025e-06
0.9127781,1.0,1.0000025e-06
0.9121463,1.0,1.0000026e-06
0.91158575,1.0,1.0000026e-06
0.9103866,1.0,1.0000027e-06
0.909538,1.0,1.0000027e-06
0.9093825,1.0,1.0000028e-06
0.9080351,1.0,1.0000028e-06
0.9071182,1.0,1.000003e-06
0.90683734,1.0,1.000003e-06
0.9054907,1.0,1.0000031e-06
0.90490067,1.0,1.0000031e-06
0.9038483,1.0,1.0000032e-06
0.9029084,1.0,1.0000032e-06
0.9020255,1.0,1.0000033e-06
0.9007539,1.0,1.0000034e-06
0.9000424,1.0,1.0000034e-06
0.899284,1.0,1.0000035e-06
0.89803624,1.0,1.0000035e-06
0.8972635,1.0,1.0000036e-06
0.8967963,1.0,1.0000036e-06
0.895314,1.0,1.0000037e-06
0.89460063,1.0,1.0000039e-06
0.89377797,1.0,1.0000039e-06
0.8924234,1.0,1.000004e-06
0.8917563,1.0,1.000004e-06
0.8905358,1.0,1.0000041e-06
0.8893557,1.0,1.0000042e-06
0.88868415,1.0,1.0000042e-06
0.8868498,1.0,1.0000043e-06
0.88607234,1.0,1.0000044e-06
0.88521147,1.0,1.0000044e-06
0.88360417,1.0,1.0000045e-06
0.8823082,1.0,1.0000045e-06
0.8812402,1.0,1.0000047e-06
0.8802378,1.0,1.0000048e-06
0.87896794,1.0,1.0000048e-06
0.877931,1.0,1.0000049e-06
0.87607443,1.0,1.0000049e-06
0.8750076,1.0,1.000005e-06
0.87368375,1.0,1.0000051e-06
0.8723404,1.0,1.0000051e-06
0.87099254,1.0,1.0000052e-06
0.86984247,1.0,1.0000052e-06
0.86819494,1.0,1.0000053e-06
0.8670147,1.0,1.0000055e-06
0.86550707,1.0,1.0000055e-06
0.86374897,1.0,1.0000056e-06
0.86295694,1.0,1.0000056e-06
0.8614501,1.0,1.0000057e-06
0.8595774,1.0,1.0000057e-06
0.8582505,1.0,1.0000058e-06
0.85692626,1.0,1.0000058e-06
0.8550428,1.0,1.0000059e-06
0.8541466,1.0,1.000006e-06
0.85216147,1.0,1.000006e-06
0.85054535,1.0,1.000006e-06
0.84904504,1.0,1.0000061e-06
0.8472586,1.0,1.0000061e-06
0.8459457,1.0,1.0000063e-06
0.8444689,1.0,1.0000063e-06
0.8426896,1.0,1.0000064e-06
0.841369,1.0,1.0000064e-06
0.8395835,1.0,1.0000065e-06
0.8380786,1.0,1.0000065e-06
0.8359119,1.0,1.0000065e-06
0.8344654,1.0,1.0000066e-06
0.8328819,1.0,1.0000066e-06
0.83090305,1.0,1.0000066e-06
0.829218,1.0,1.0000067e-06
0.82792073,1.0,1.0000067e-06
0.82620114,1.0,1.0000067e-06
0.82430845,1.0,1.0000067e-06
0.8225379,1.0,1.0000068e-06
0.82088655,1.0,1.0000068e-06
0.819117,1.0,1.0000068e-06
0.81766015,1.0,1.0000068e-06
0.81599826,1.0,1.0000069e-06
0.8143181,1.0,1.0000069e-06
0.8125764,1.0,1.0000069e-06
0.8107569,1.0,1.0000069e-06
0.80875546,1.0,1.0000069e-06
0.807102,1.0,1.0000069e-06
0.8052916,1.0,1.0000069e-06
0.802907,1.0,1.0000069e-06
0.8015804,1.0,1.0000069e-06
0.7998814,1.0,1.0000069e-06
0.79778636,1.0,1.0000069e-06
0.79574275,1.0,1.0000069e-06
0.7940967,1.0,1.0000069e-06
0.7919823,1.0,1.0000069e-06
0.79046196,1.0,1.0000069e-06
0.7883972,1.0,1.0000069e-06
0.78658277,1.0,1.0000069e-06
0.7847042,1.0,1.0000069e-06
0.78244126,1.0,1.0000069e-06
0.78095704,1.0,1.0000069e-06
0.7793545,1.0,1.0000069e-06
0.77745175,1.0,1.0000069e-06
0.77562433,1.0,1.0000069e-06
0.7736269,1.0,1.0000068e-06
0.7717741,1.0,1.0000068e-06
0.7699753,1.0,1.0000068e-06
0.7682186,1.0,1.0000068e-06
0.7662387,1.0,1.0000068e-06
0.76430666,1.0,1.0000067e-06
1.0,1.0,1.0000747e-06
1.0,1.0,1.0000747e-06
1.0,1.0,1.0000746e-06
1.0,1.0,1.0000746e-06
1.0,1.0,1.0000746e-06
1.0,1.0,1.0000746e-06
1.0,1.0,1.0000745e-06
1.0,1.0,1.0000745e-06
1.0,1.0,1.0000745e-06
1.0,1.0,1.0000743e-06
1.0,1.0,1.0000742e-06
1.0,1.0,1.0000742e-06
1.0,1.0,1.0000741e-06
1.0,1.0,1.000074e-06
1.0,1.0,1.0000739e-06
1.0,1.0,1.0000738e-06
1.0,1.0,1.0000737e-06
1.0,1.0,1.0000736e-06
1.0,1.0,1.0000734e-06
1.0,1.0,1.0000733e-06
1.0,1.0,1.0000732e-06
1.0,1.0,1.000073e-06
1.0,1.0,1.0000729e-06
1.0,1.0,1.0000726e-06
1.0,1.0,1.0000725e-06
1.0,1.0,1.0000723e-06
1.0,1.0,1.0000721e-06
1.0,1.0,1.0000718e-06
1.0,1.0,1.0000716e-06
1.0,1.0,1.0000714e-06
1.0,1.0,1.0000712e-06
1.0,1.0,1.0000709e-06
1.0,1.0,1.0000707e-06
1.0,1.0,1.0000705e-06
1.0,1.0,1.0000701e-06
1.0,1.0,1.0000699e-06
1.0,1.0,1.0000696e-06
1.0,1.0,1.0000692e-06
1.0,1.0,1.000069e-06
1.0,1.0,1.0000687e-06
1.0,1.0,1.0000683e-06
1.0,1.0,1.000068e-06
1.0,1.0,1.0000676e-06
1.0,1.0,1.0000673e-06
1.0,1.0,1.000067e-06
1.0,1.0,1.0000666e-06
1.0,1.0,1.0000663e-06
1.0,1.0,1.0000658e-06
1.0,1.0,1.0000655e-06
1.0,1.0,1.000065e-06
1.0,1.0,1.0000647e-06
1.0,1.0,1.0000642e-06
1.0,1.0,1.0000638e-06
1.0,1.0,1.0000633e-06
1.0,1.0,1.000063e-06
1.0,1.0,1.0000625e-06
1.0,1.0,1.0000621e-06
1.0,1.0,1.0000616e-06
1.0,1.0,1.000061e-06
1.0,1.0,1.0000606e-06
1.0,1.0,1.0000601e-06
1.0,1.0,1.0000596e-06
1.0,1.0,1.0000591e-06
1.0,1.0,1.0000587e-06
1.0,1.0,1.0000581e-06
1.0,1.0,1.0000575e-06
1.0,1.0,1.0000571e-06
1.0,1.0,1.0000565e-06
1.0,1.0,1.0000559e-06
1.0,1.0,1.0000555e-06
1.0,1.0,1.0000549e-06
1.0,1.0,1.0000543e-06
1.0,1.0,1.0000538e-06
1.0,1.0,1.0000532e-06
1.0,1.0,1.0000526e-06
1.0,1.0,1.0000521e-06
1.0,1.0,1.0000515e-06
1.0,1.0,1.0000509e-06
1.0,1.0,1.0000502e-06
1.0,1.0,1.0000497e-06
1.0,1.0,1.0000491e-06
1.0,1.0,1.0000485e-06
1.0,1.0,1.0000479e-06
1.0,1.0,1.0000473e-06
1.0,1.0,1.0000467e-06
1.0,1.0,1.000046e-06
1.0,1.0,1.0000455e-06
1.0,1.0,1.0000448e-06
1.0,1.0,1.0000442e-06
1.0,1.0,1.0000437e-06
0.9991296,1.0,1.000043e-06
1.0,1.0,1.0000424e-06
1.0,1.0,1.0000417e-06
1.0,1.0,1.0000412e-06
1.0,1.0,1.0000405e-06
1.0,1.0,1.0000399e-06
1.0,1.0,1.0000392e-06
1.0,1.0,1.0000387e-06
0.99998367,1.0,1.000038e-06
1.0,1.0,1.0000374e-06
0.9999764,1.0,1.0000368e-06
0.99990517,1.0,1.0000361e-06
0.99990386,1.0,1.0000356e-06
0.9998092,1.0,1.0000349e-06
0.99973625,1.0,1.0000343e-06
0.9996661,1.0,1.0000338e-06
0.9996741,1.0,1.0000331e-06
0.99962705,1.0,1.0000325e-06
0.9996224,1.0,1.000032e-06
0.9996353,1.0,1.0000314e-06
0.99954665,1.0,1.0000307e-06
0.99953467,1.0,1.0000301e-06
0.99948686,1.0,1.0000296e-06
0.99949974,1.0,1.000029e-06
0.9995336,1.0,1.0000284e-06
0.9995754,1.0,1.0000279e-06
0.9995769,1.0,1.0000273e-06
0.9996253,1.0,1.0000267e-06
0.99955463,1.0,1.0000261e-06
0.99952257,1.0,1.0000256e-06
0.99954,1.0,1.0000251e-06
0.9994648,1.0,1.0000246e-06
0.999483,1.0,1.000024e-06
0.9994659,1.0,1.0000235e-06
0.9995219,1.0,1.000023e-06
0.9995567,1.0,1.0000225e-06
0.999417,1.0,1.0000219e-06
0.99943763,1.0,1.0000215e-06
0.9993437,1.0,1.0000209e-06
0.99931204,1.0,1.0000205e-06
0.99929863,1.0,1.00002e-06
0.9992972,1.0,1.0000196e-06
0.9992251,1.0,1.0000191e-06
0.9992372,1.0,1.0000186e-06
0.9991604,1.0,1.0000182e-06
0.9990496,1.0,1.0000177e-06
0.9990151,1.0,1.0000173e-06
0.9989487,1.0,1.0000168e-06
0.99887323,1.0,1.0000165e-06
0.99885815,1.0,1.000016e-06
0.99878097,1.0,1.0000156e-06
0.9987301,1.0,1.0000152e-06
0.9986932,1.0,1.0000148e-06
0.9987377,1.0,1.0000144e-06
0.99884,1.0,1.0000141e-06
0.9988811,1.0,1.0000136e-06
0.99882954,1.0,1.0000133e-06
0.9988657,1.0,1.000013e-06
0.9988098,1.0,1.0000126e-06
0.9987776,1.0,1.0000123e-06
0.99882823,1.0,1.0000119e-06
0.9988396,1.0,1.0000116e-06
0.99885917,1.0,1.0000114e-06
0.9988477,1.0,1.000011e-06
0.9988239,1.0,1.0000107e-06
0.99874777,1.0,1.0000105e-06
0.9986782,1.0,1.0000101e-06
0.9986533,1.0,1.0000099e-06
0.99864465,1.0,1.0000095e-06
0.9987002,1.0,1.0000093e-06
0.9986466,1.0,1.000009e-06
0.99859935,1.0,1.0000088e-06
0.9985863,1.0,1.0000085e-06
0.99862164,1.0,1.0000083e-06
0.9985786,1.0,1.0000081e-06
0.99854624,1.0,1.0000078e-06
0.99850285,1.0,1.0000076e-06
0.99843585,1.0,1.0000074e-06
0.99839824,1.0,1.0000072e-06
0.99827504,1.0,1.0000069e-06
0.9983472,1.0,1.0000067e-06
0.9982497,1.0,1.0000066e-06
0.9981953,1.0,1.0000064e-06
0.99819803,1.0,1.0000061e-06
0.99822456,1.0,1.000006e-06
0.9981895,1.0,1.0000058e-06
0.9981498,1.0,1.0000057e-06
0.9980951,1.0,1.0000055e-06
0.99805427,1.0,1.0000053e-06
0.99802446,1.0,1.0000052e-06
0.9980546,1.0,1.000005e-06
0.9980016,1.0,1.0000049e-06
0.99799573,1.0,1.0000048e-06
0.99795014,1.0,1.0000047e-06
0.9979191,1.0,1.0000044e-06
0.99784887,1.0,1.0000043e-06
0.9978601,1.0,1.0000042e-06
0.9978329,1.0,1.0000041e-06
0.99782425,1.0,1.000004e-06
0.9977559,1.0,1.0000039e-06
0.9977162,1.0,1.0000037e-06
0.9977265,1.0,1.0000036e-06
0.997681,1.0,1.0000035e-06
0.9976689,1.0,1.0000034e-06
0.99766403,1.0,1.0000034e-06
0.9976431,1.0,1.0000033e-06
0.99760514,1.0,1.0000032e-06
0.99758476,1.0,1.0000031e-06
0.9975751,1.0,1.000003e-06
0.9974858,1.0,1.000003e-06
0.9974682,1.0,1.0000028e-06
0.99742115,1.0,1.0000027e-06
0.9973993,1.0,1.0000027e-06
0.9973495,1.0,1.0000026e-06
0.99730897,1.0,1.0000025e-06
0.9973243,1.0,1.0000025e-06
0.9972874,1.0,1.0000024e-06
0.9972999,1.0,1.0000024e-06
0.9972395,1.0,1.0000023e-06
0.99722594,1.0,1.0000023e-06
0.9972743,1.0,1.0000022e-06
0.9972108,1.0,1.0000022e-06
0.9971721,1.0,1.000002e-06
0.9971036,1.0,1.000002e-06
0.99708015,1.0,1.0000019e-06
0.9970978,1.0,1.0000019e-06
0.9970674,1.0,1.0000019e-06
0.996973,1.0,1.0000018e-06
0.9969634,1.0,1.0000018e-06
0.9969567,1.0,1.0000017e-06
0.9969383,1.0,1.0000017e-06
0.9969507,1.0,1.0000017e-06
0.9969008,1.0,1.0000016e-06
0.99684054,1.0,1.0000016e-06
0.9968119,1.0,1.0000016e-06
0.99678653,1.0,1.0000016e-06
0.9967363,1.0,1.0000015e-06
0.99670446,1.0,1.0000015e-06
0.99670976,1.0,1.0000015e-06
0.9966091,1.0,1.0000015e-06
0.9965544,1.0,1.0000014e-06
0.9965485,1.0,1.0000014e-06
0.996461,1.0,1.0000014e-06
0.99642104,1.0,1.0000014e-06
0.996442,1.0,1.0000012e-06
0.9963312,1.0,1.0000012e-06
0.9963168,1.0,1.0000012e-06
0.9962997,1.0,1.0000012e-06
0.9962976,1.0,1.0000012e-06
0.99627596,1.0,1.0000012e-06
0.99624866,1.0,1.0000011e-06
0.99616826,1.0,1.0000011e-06
0.99612933,1.0,1.0000011e-06
0.9961447,1.0,1.0000011e-06
0.99609363,1.0,1.0000011e-06
0.9960224,1.0,1.0000011e-06
0.9960214,1.0,1.0000011e-06
0.99605155,1.0,1.0000011e-06
0.99602085,1.0,1.000001e-06
0.99600375,1.0,1.000001e-06
0.9958913,1.0,1.000001e-06
0.9958102,1.0,1.000001e-06
0.9957749,1.0,1.000001e-06
0.99575305,1.0,1.000001e-06
0.9956923,1.0,1.000001e-06
0.9956465,1.0,1.000001e-06
0.9956139,1.0,1.000001e-06
0.9955595,1.0,1.000001e-06
0.9955523,1.0,1.000001e-06
0.99551034,1.0,1.000001e-06
0.99548197,1.0,1.000001e-06
0.99544084,1.0,1.000001e-06
0.9954018,1.0,1.000001e-06
0.995348,1.0,1.0000009e-06
0.9953034,1.0,1.0000009e-06
0.99527866,1.0,1.0000009e-06
0.99521077,1.0,1.0000009e-06
0.9951817,1.0,1.0000009e-06
0.9951632,1.0,1.0000009e-06
0.99511373,1.0,1.0000009e-06
0.99511147,1.0,1.0000009e-06
0.9951041,1.0,1.0000009e-06
0.9950125,1.0,1.0000009e-06
0.99424815,1.0,1.0000009e-06
0.9949765,1.0,1.0000009e-06
0.9949031,1.0,1.0000009e-06
0.99489033,1.0,1.0000009e-06
0.9949142,1.0,1.000001e-06
0.9948321,1.0,1.000001e-06
0.9948168,1.0,1.000001e-06
0.9947602,1.0,1.000001e-06
0.9947324,1.0,1.000001e-06
0.9946677,1.0,1.000001e-06
0.9945765,1.0,1.000001e-06
0.9945247,1.0,1.000001e-06
0.99450076,1.0,1.000001e-06
0.99446136,1.0,1.000001e-06
0.99439424,1.0,1.000001e-06
0.9943969,1.0,1.000001e-06
0.99429977,1.0,1.000001e-06
0.99433446,1.0,1.000001e-06
0.99424785,1.0,1.000001e-06
0.9941582,1.0,1.0000011e-06
0.9941153,1.0,1.0000011e-06
0.99405926,1.0,1.0000011e-06
0.9940626,1.0,1.0000011e-06
0.9939813,1.0,1.0000011e-06
0.9939449,1.0,1.0000011e-06
0.9938758,1.0,1.0000011e-06
0.9938476,1.0,1.0000011e-06
0.99385417,1.0,1.0000011e-06
0.99379385,1.0,1.0000012e-06
0.9937793,1.0,1.0000012e-06
0.9937946,1.0,1.0000012e-06
0.993786,1.0,1.0000012e-06
0.99376965,1.0,1.0000012e-06
0.9937307,1.0,1.0000012e-06
0.99369466,1.0,1.0000014e-06
0.99369943,1.0,1.0000014e-06
0.993639,1.0,1.0000014e-06
0.993552,1.0,1.0000014e-06
0.9935358,1.0,1.0000014e-06
0.99348104,1.0,1.0000015e-06
0.9934614,1.0,1.0000015e-06
0.99337333,1.0,1.0000015e-06
0.9933296,1.0,1.0000015e-06
0.9933163,1.0,1.0000016e-06
0.99322057,1.0,1.0000016e-06
0.9932748,1.0,1.0000016e-06
0.99320394,1.0,1.0000016e-06
0.993181,1.0,1.0000017e-06
0.99317086,1.0,1.0000017e-06
0.99306893,1.0,1.0000017e-06
0.9930188,1.0,1.0000017e-06
0.99295235,1.0,1.0000018e-06
0.992915,1.0,1.0000018e-06
0.9928308,1.0,1.0000018e-06
0.9927943,1.0,1.0000019e-06
0.99267304,1.0,1.0000019e-06
0.99272263,1.0,1.0000019e-06
0.99266607,1.0,1.000002e-06
0.9926623,1.0,1.000002e-06
0.9926465,1.0,1.0000022e-06
0.9925334,1.0,1.0000022e-06
0.99253786,1.0,1.0000022e-06
0.99248457,1.0,1.0000023e-06
0.99246365,1.0,1.0000023e-06
0.9923779,1.0,1.0000024e-06
0.99241436,1.0,1.0000024e-06
0.9923343,1.0,1.0000024e-06
0.99224335,1.0,1.0000025e-06
0.9921234,1.0,1.0000025e-06
0.9920916,1.0,1.0000026e-06
0.9919952,1.0,1.0000026e-06
0.99193484,1.0,1.0000027e-06
0.99191034,1.0,1.0000027e-06
0.99189025,1.0,1.0000028e-06
0.9917762,1.0,1.0000028e-06
0.9917569,1.0,1.000003e-06
0.9917618,1.0,1.000003e-06
0.99168295,1.0,1.0000031e-06
0.99160665,1.0,1.0000031e-06
0.9916134,1.0,1.0000032e-06
0.99153274,1.0,1.0000033e-06
0.9915118,1.0,1.0000033e-06
0.9914145,1.0,1.0000034e-06
0.9914011,1.0,1.0000034e-06
0.9913137,1.0,1.0000035e-06
0.9912682,1.0,1.0000035e-06
0.991199,1.0,1.0000036e-06
0.9911791,1.0,1.0000037e-06
0.99114186,1.0,1.0000037e-06
0.9910975,1.0,1.0000039e-06
0.9910406,1.0,1.0000039e-06
0.9909898,1.0,1.000004e-06
0.9909383,1.0,1.0000041e-06
0.99089617,1.0,1.0000041e-06
0.99083483,1.0,1.0000042e-06
0.9908101,1.0,1.0000043e-06
0.9907594,1.0,1.0000043e-06
0.99075794,1.0,1.0000044e-06
0.99070835,1.0,1.0000044e-06
0.9906698,1.0,1.0000045e-06
0.99051213,1.0,1.0000047e-06
0.99050516,1.0,1.0000047e-06
0.99043185,1.0,1.0000048e-06
0.9903654,1.0,1.0000049e-06
0.99026835,1.0,1.0000049e-06
0.9902405,1.0,1.000005e-06
0.9902029,1.0,1.0000051e-06
0.9901907,1.0,1.0000051e-06
0.9901286,1.0,1.0000052e-06
0.9900564,1.0,1.0000052e-06
0.989971,1.0,1.0000053e-06
0.98985183,1.0,1.0000055e-06
0.9897431,1.0,1.0000055e-06
0.98969144,1.0,1.0000056e-06
0.9895898,1.0,1.0000056e-06
0.9894996,1.0,1.0000057e-06
0.9894503,1.0,1.0000058e-06
0.98941654,1.0,1.0000058e-06
0.98935586,1.0,1.0000059e-06
0.9893334,1.0,1.0000059e-06
0.9893346,1.0,1.000006e-06
0.9893285,1.0,1.000006e-06
0.98925847,1.0,1.0000061e-06
0.9891936,1.0,1.0000061e-06
0.98919606,1.0,1.0000063e-06
0.989172,1.0,1.0000063e-06
0.98908037,1.0,1.0000064e-06
0.98902935,1.0,1.0000064e-06
0.98899317,1.0,1.0000065e-06
0.98891765,1.0,1.0000065e-06
0.988878,1.0,1.0000065e-06
0.9888267,1.0,1.0000066e-06
0.98870146,1.0,1.0000066e-06
0.9886237,1.0,1.0000067e-06
0.9886107,1.0,1.0000067e-06
0.98855156,1.0,1.0000067e-06
0.98843724,1.0,1.0000068e-06
0.9885191,1.0,1.0000068e-06
0.98832875,1.0,1.0000068e-06
0.9871242,1.0,1.0000069e-06
0.98822856,1.0,1.0000069e-06
0.98812073,1.0,1.0000069e-06
0.98809844,1.0,1.0000069e-06
0.9880344,1.0,1.000007e-06
0.9879505,1.0,1.000007e-06
0.9878634,1.0,1.000007e-06
0.98777777,1.0,1.000007e-06
0.9876855,1.0,1.000007e-06
0.9876246,1.0,1.000007e-06
0.9875232,1.0,1.000007e-06
0.98751986,1.0,1.0000072e-06
0.9874328,1.0,1.0000072e-06
0.9873647,1.0,1.0000072e-06
0.98731923,1.0,1.0000072e-06
0.98723125,1.0,1.0000072e-06
0.98725164,1.0,1.0000072e-06
0.9871261,1.0,1.0000072e-06
0.9870946,1.0,1.0000072e-06
0.98697335,1.0,1.0000072e-06
0.9869049,1.0,1.0000072e-06
0.9868825,1.0,1.0000072e-06
0.9867752,1.0,1.0000072e-06
0.9866851,1.0,1.0000072e-06
0.9865813,1.0,1.000007e-06
0.9865196,1.0,1.000007e-06
0.986464,1.0,1.000007e-06
0.9863758,1.0,1.000007e-06
0.98632425,1.0,1.000007e-06
0.98622406,1.0,1.000007e-06
0.98614275,1.0,1.000007e-06
0.98608065,1.0,1.0000069e-06
0.9859666,1.0,1.0000069e-06
0.9858664,1.0,1.0000069e-06
0.9857793,1.0,1.0000069e-06
0.9856671,1.0,1.0000068e-06
0.9855512,1.0,1.0000068e-06
0.98544806,1.0,1.0000068e-06
0.9853035,1.0,1.0000068e-06
0.98517996,1.0,1.0000067e-06
0.9851317,1.0,1.0000067e-06
0.9850849,1.0,1.0000067e-06
0.9850138,1.0,1.0000066e-06
0.98496807,1.0,1.0000066e-06
0.9849673,1.0,1.0000066e-06
0.9849206,1.0,1.0000065e-06
0.9849049,1.0,1.0000065e-06
0.9848728,1.0,1.0000065e-06
0.98482066,1.0,1.0000064e-06
0.9847704,1.0,1.0000064e-06
0.9847163,1.0,1.0000064e-06
0.9845763,1.0,1.0000063e-06
0.9845202,1.0,1.0000063e-06
0.9844852,1.0,1.0000061e-06
0.9843919,1.0,1.0000061e-06
0.98430353,1.0,1.0000061e-06
0.9841827,1.0,1.000006e-06
0.984138,1.0,1.000006e-06
0.98396236,1.0,1.000006e-06
0.9839043,1.0,1.0000059e-06
0.98384154,1.0,1.0000059e-06
0.9837485,1.0,1.0000058e-06
0.98361814,1.0,1.0000058e-06
0.98354316,1.0,1.0000057e-06
0.9834438,1.0,1.0000057e-06
0.9833664,1.0,1.0000057e-06
0.98326695,1.0,1.0000056e-06
0.98316336,1.0,1.0000056e-06
0.98306006,1.0,1.0000055e-06
0.98302805,1.0,1.0000055e-06
0.9828969,1.0,1.0000053e-06
0.9828203,1.0,1.0000053e-06
0.9827302,1.0,1.0000053e-06
0.98269004,1.0,1.0000052e-06
0.98262805,1.0,1.0000052e-06
0.9825358,1.0,1.0000051e-06
0.9824925,1.0,1.0000051e-06
0.982432,1.0,1.000005e-06
0.9823332,1.0,1.000005e-06
0.98225856,1.0,1.000005e-06
0.98218524,1.0,1.0000049e-06
0.9821662,1.0,1.0000049e-06
0.9821054,1.0,1.0000048e-06
0.98199767,1.0,1.0000048e-06
0.9819987,1.0,1.0000048e-06
0.98198503,1.0,1.0000047e-06
0.9818655,1.0,1.0000047e-06
0.981824,1.0,1.0000045e-06
0.9817045,1.0,1.0000045e-06
0.9816033,1.0,1.0000045e-06
0.9815567,1.0,1.0000044e-06
0.9814147,1.0,1.0000044e-06
0.98139304,1.0,1.0000043e-06
0.98129815,1.0,1.0000043e-06
0.98121154,1.0,1.0000043e-06
0.9811309,1.0,1.0000042e-06
0.98102987,1.0,1.0000042e-06
0.98092073,1.0,1.0000041e-06
0.98080647,1.0,1.0000041e-06
0.98080635,1.0,1.0000041e-06
0.98068756,1.0,1.000004e-06
0.9805633,1.0,1.000004e-06
0.9804898,1.0,1.0000039e-06
0.9803154,1.0,1.0000039e-06
0.98026323,1.0,1.0000039e-06
0.980224,1.0,1.0000037e-06
0.9801154,1.0,1.0000037e-06
0.9800444,1.0,1.0000037e-06
0.9800321,1.0,1.0000036e-06
0.9799052,1.0,1.0000036e-06
0.9797864,1.0,1.0000036e-06
0.97972107,1.0,1.0000035e-06
0.9796565,1.0,1.0000035e-06
0.97955877,1.0,1.0000035e-06
0.97945994,1.0,1.0000034e-06
0.97935057,1.0,1.0000034e-06
0.97927916,1.0,1.0000034e-06
0.97917944,1.0,1.0000033e-06
0.97907203,1.0,1.0000033e-06
0.9789509,1.0,1.0000033e-06
0.9788563,1.0,1.0000032e-06
0.978789,1.0,1.0000032e-06
0.9786738,1.0,1.0000032e-06
0.9786157,1.0,1.0000031e-06
0.97850144,1.0,1.0000031e-06
0.97838086,1.0,1.0000031e-06
0.9782765,1.0,1.0000031e-06
0.97814786,1.0,1.000003e-06
0.97811913,1.0,1.000003e-06
0.97800255,1.0,1.000003e-06
0.9779075,1.0,1.0000028e-06
0.9778119,1.0,1.0000028e-06
0.9777352,1.0,1.0000028e-06
0.97758925,1.0,1.0000028e-06
0.9775201,1.0,1.0000027e-06
0.9774153,1.0,1.0000027e-06
0.9773096,1.0,1.0000027e-06
0.9771363,1.0,1.0000026e-06
0.97706944,1.0,1.0000026e-06
0.97694767,1.0,1.0000026e-06
0.97687554,1.0,1.0000026e-06
0.97676885,1.0,1.0000025e-06
0.9766589,1.0,1.0000025e-06
0.9765846,1.0,1.0000025e-06
0.9764883,1.0,1.0000025e-06
0.97640634,1.0,1.0000025e-06
0.9762659,1.0,1.0000024e-06
0.9761733,1.0,1.0000024e-06
0.9760688,1.0,1.0000024e-06
0.9759744,1.0,1.0000024e-06
0.97580814,1.0,1.0000023e-06
0.97567534,1.0,1.0000023e-06
0.97552973,1.0,1.0000023e-06
0.97538316,1.0,1.0000023e-06
0.9753136,1.0,1.0000023e-06
0.97518265,1.0,1.0000022e-06
0.975043,1.0,1.0000022e-06
0.97492695,1.0,1.0000022e-06
0.9748127,1.0,1.0000022e-06
0.97468436,1.0,1.0000022e-06
0.9745733,1.0,1.000002e-06
0.9744351,1.0,1.000002e-06
0.97429913,1.0,1.000002e-06
0.9741162,1.0,1.000002e-06
0.9740685,1.0,1.000002e-06
0.9739214,1.0,1.0000019e-06
0.97383666,1.0,1.0000019e-06
0.97371143,1.0,1.0000019e-06
0.97360885,1.0,1.0000019e-06
0.9734876,1.0,1.0000019e-06
0.97340804,1.0,1.0000019e-06
0.97326475,1.0,1.0000018e-06
0.97314817,1.0,1.0000018e-06
0.9730438,1.0,1.0000018e-06
0.97289073,1.0,1.0000018e-06
0.97272646,1.0,1.0000018e-06
0.9725897,1.0,1.0000018e-06
0.9724235,1.0,1.0000017e-06
0.97223836,1.0,1.0000017e-06
0.972127,1.0,1.0000017e-06
0.97195286,1.0,1.0000017e-06
0.97182274,1.0,1.0000017e-06
0.97172713,1.0,1.0000017e-06
0.9715491,1.0,1.0000017e-06
0.9714143,1.0,1.0000016e-06
0.9712231,1.0,1.0000016e-06
0.97105193,1.0,1.0000016e-06
0.97093314,1.0,1.0000016e-06
0.9707801,1.0,1.0000016e-06
0.9706583,1.0,1.0000016e-06
0.97047704,1.0,1.0000016e-06
0.97031164,1.0,1.0000015e-06
0.97016335,1.0,1.0000015e-06
0.96999997,1.0,1.0000015e-06
0.9698239,1.0,1.0000015e-06
0.9696653,1.0,1.0000015e-06
0.969516,1.0,1.0000015e-06
0.9693789,1.0,1.0000015e-06
0.96920586,1.0,1.0000015e-06
0.96910334,1.0,1.0000015e-06
0.9689179,1.0,1.0000014e-06
0.9687704,1.0,1.0000014e-06
0.9685698,1.0,1.0000014e-06
0.9684337,1.0,1.0000014e-06
0.9682556,1.0,1.0000014e-06
0.96810627,1.0,1.0000014e-06
0.9679039,1.0,1.0000014e-06
0.96776116,1.0,1.0000014e-06
0.96763915,1.0,1.0000014e-06
0.96747744,1.0,1.0000014e-06
0.9672789,1.0,1.0000012e-06
0.9671569,1.0,1.0000012e-06
0.96700644,1.0,1.0000012e-06
0.9668609,1.0,1.0000012e-06
0.96672314,1.0,1.0000012e-06
0.96649534,1.0,1.0000012e-06
0.9663298,1.0,1.0000012e-06
0.96615046,1.0,1.0000012e-06
0.9660139,1.0,1.0000012e-06
0.96583456,1.0,1.0000012e-06
0.96559983,1.0,1.0000012e-06
0.9654196,1.0,1.0000012e-06
0.96528023,1.0,1.0000011e-06
0.96506953,1.0,1.0000011e-06
0.96489435,1.0,1.0000011e-06
0.96469015,1.0,1.0000011e-06
0.9645054,1.0,1.0000011e-06
0.9642949,1.0,1.0000011e-06
0.96413976,1.0,1.0000011e-06
0.9639637,1.0,1.0000011e-06
0.96375084,1.0,1.0000011e-06
0.9634723,1.0,1.0000011e-06
0.9633288,1.0,1.0000011e-06
0.9631404,1.0,1.0000011e-06
0.96296406,1.0,1.0000011e-06
0.9627493,1.0,1.0000011e-06
0.96255773,1.0,1.0000011e-06
0.9623566,1.0,1.0000011e-06
0.96218413,1.0,1.000001e-06
0.96199536,1.0,1.000001e-06
0.9618209,1.0,1.000001e-06
0.96157783,1.0,1.000001e-06
0.96137744,1.0,1.000001e-06
0.9611752,1.0,1.000001e-06
0.96098095,1.0,1.000001e-06
0.96085715,1.0,1.000001e-06
0.9606807,1.0,1.000001e-06
0.96052253,1.0,1.000001e-06
0.9603034,1.0,1.000001e-06
0.9600969,1.0,1.000001e-06
0.9598755,1.0,1.000001e-06
0.9596604,1.0,1.000001e-06
0.95947164,1.0,1.000001e-06
0.95928097,1.0,1.000001e-06
0.95902264,1.0,1.000001e-06
0.9587931,1.0,1.000001e-06
0.9586233,1.0,1.000001e-06
0.9583585,1.0,1.000001e-06
0.9581421,1.0,1.000001e-06
0.9579287,1.0,1.000001e-06
0.95765007,1.0,1.000001e-06
0.9574656,1.0,1.000001e-06
0.95726126,1.0,1.000001e-06
0.95698196,1.0,1.000001e-06
0.95670545,1.0,1.0000009e-06
0.95651984,1.0,1.0000009e-06
0.9563397,1.0,1.0000009e-06
0.95608103,1.0,1.0000009e-06
0.95588094,1.0,1.0000009e-06
0.95563525,1.0,1.0000009e-06
0.9553548,1.0,1.0000009e-06
0.95515347,1.0,1.0000009e-06
0.95497626,1.0,1.0000009e-06
0.9546595,1.0,1.0000009e-06
0.95439935,1.0,1.0000009e-06
0.9541823,1.0,1.0000009e-06
0.9539655,1.0,1.0000009e-06
0.9536639,1.0,1.0000009e-06
0.95336765,1.0,1.0000009e-06
0.95317364,1.0,1.0000009e-06
0.95290816,1.0,1.0000009e-06
0.9526583,1.0,1.0000009e-06
0.9523615,1.0,1.0000009e-06
0.95207006,1.0,1.0000009e-06
0.9517843,1.0,1.0000009e-06
0.95146394,1.0,1.0000009e-06
0.95118684,1.0,1.0000009e-06
0.9509159,1.0,1.0000009e-06
0.9506243,1.0,1.0000009e-06
0.9503123,1.0,1.0000009e-06
0.9500549,1.0,1.0000009e-06
0.94975674,1.0,1.0000009e-06
0.9495024,1.0,1.0000009e-06
0.9492171,1.0,1.0000009e-06
0.94885945,1.0,1.0000009e-06
0.948558,1.0,1.0000009e-06
0.94825995,1.0,1.0000009e-06
0.9479839,1.0,1.0000009e-06
0.9476202,1.0,1.0000009e-06
0.9473638,1.0,1.0000009e-06
0.94701916,1.0,1.0000009e-06
0.94671774,1.0,1.0000009e-06
0.946449,1.0,1.0000009e-06
0.94608873,1.0,1.0000009e-06
0.9458094,1.0,1.0000009e-06
0.94545287,1.0,1.0000009e-06
0.945114,1.0,1.0000009e-06
0.94482815,1.0,1.0000009e-06
0.9444839,1.0,1.0000009e-06
0.94419837,1.0,1.0000009e-06
0.9438953,1.0,1.0000009e-06
0.94351816,1.0,1.000001e-06
0.9432145,1.0,1.000001e-06
0.9429094,1.0,1.000001e-06
0.9425885,1.0,1.000001e-06
0.94220483,1.0,1.000001e-06
0.9417761,1.0,1.000001e-06
0.94139767,1.0,1.000001e-06
0.94107306,1.0,1.000001e-06
0.9406864,1.0,1.000001e-06
0.9403442,1.0,1.000001e-06
0.93994933,1.0,1.000001e-06
0.9395183,1.0,1.000001e-06
0.9391814,1.0,1.000001e-06
0.9387864,1.0,1.000001e-06
0.93836033,1.0,1.000001e-06
0.9379732,1.0,1.000001e-06
0.9376006,1.0,1.000001e-06
0.93712884,1.0,1.000001e-06
0.93668425,1.0,1.000001e-06
0.9362673,1.0,1.000001e-06
0.9358325,1.0,1.000001e-06
0.9354039,1.0,1.000001e-06
0.9349809,1.0,1.000001e-06
0.93451804,1.0,1.0000011e-06
0.9340625,1.0,1.0000011e-06
0.9336037,1.0,1.0000011e-06
0.9331788,1.0,1.0000011e-06
0.93266875,1.0,1.0000011e-06
0.93227583,1.0,1.0000011e-06
0.9318103,1.0,1.0000011e-06
0.9313462,1.0,1.0000011e-06
0.9308791,1.0,1.0000011e-06
0.93039834,1.0,1.0000011e-06
0.92983896,1.0,1.0000011e-06
0.9293687,1.0,1.0000011e-06
0.92884725,1.0,1.0000011e-06
0.9283598,1.0,1.0000012e-06
0.9278374,1.0,1.0000012e-06
0.92730206,1.0,1.0000012e-06
0.9267777,1.0,1.0000012e-06
0.92629117,1.0,1.0000012e-06
0.92573637,1.0,1.0000012e-06
0.9252312,1.0,1.0000012e-06
0.924684,1.0,1.0000012e-06
0.92412573,1.0,1.0000012e-06
0.92359746,1.0,1.0000012e-06
0.92304915,1.0,1.0000014e-06
0.92248523,1.0,1.0000014e-06
0.9219125,1.0,1.0000014e-06
0.9213154,1.0,1.0000014e-06
0.92068595,1.0,1.0000014e-06
0.9201351,1.0,1.0000014e-06
0.9194885,1.0,1.0000014e-06
0.918817,1.0,1.0000014e-06
0.9181642,1.0,1.0000015e-06
0.9175726,1.0,1.0000015e-06
0.9168775,1.0,1.0000015e-06
0.9161977,1.0,1.0000015e-06
0.9155193,1.0,1.0000015e-06
0.9148851,1.0,1.0000015e-06
0.91421765,1.0,1.0000015e-06
0.9134518,1.0,1.0000016e-06
0.9127555,1.0,1.0000016e-06
0.9120363,1.0,1.0000016e-06
0.911301,1.0,1.0000016e-06
0.9105546,1.0,1.0000016e-06
0.9097813,1.0,1.0000017e-06
0.90909284,1.0,1.0000017e-06
0.90834725,1.0,1.0000017e-06
0.90751517,1.0,1.0000017e-06
0.90669054,1.0,1.0000017e-06
0.90588737,1.0,1.0000018e-06
0.90513253,1.0,1.0000018e-06
0.9042757,1.0,1.0000018e-06
0.90346813,1.0,1.0000018e-06
0.90255314,1.0,1.0000018e-06
0.90173537,1.0,1.0000019e-06
0.9008935,1.0,1.0000019e-06
0.89996696,1.0,1.0000019e-06
0.8990677,1.0,1.0000019e-06
0.89816034,1.0,1.000002e-06
0.89731973,1.0,1.000002e-06
0.8963734,1.0,1.000002e-06
0.89549726,1.0,1.000002e-06
0.89455265,1.0,1.0000022e-06
0.8936813,1.0,1.0000022e-06
0.89264804,1.0,1.0000022e-06
0.8917717,1.0,1.0000023e-06
0.89071304,1.0,1.0000023e-06
0.8898037,1.0,1.0000023e-06
0.8888271,1.0,1.0000024e-06
0.88791126,1.0,1.0000024e-06
0.8869199,1.0,1.0000024e-06
0.8859012,1.0,1.0000025e-06
0.884856,1.0,1.0000025e-06
0.8838534,1.0,1.0000025e-06
0.88283056,1.0,1.0000026e-06
0.88177794,1.0,1.0000026e-06
0.8808402,1.0,1.0000026e-06
0.8797374,1.0,1.0000027e-06
0.87865937,1.0,1.0000027e-06
0.8776808,1.0,1.0000028e-06
0.87665254,1.0,1.0000028e-06
0.8755324,1.0,1.000003e-06
0.8745346,1.0,1.000003e-06
0.8734366,1.0,1.000003e-06
0.87234914,1.0,1.0000031e-06
0.8713323,1.0,1.0000031e-06
0.8702556,1.0,1.0000032e-06
0.869153,1.0,1.0000032e-06
0.8681202,1.0,1.0000033e-06
0.86703503,1.0,1.0000034e-06
0.86591864,1.0,1.0000034e-06
0.8648808,1.0,1.0000035e-06
0.86375946,1.0,1.0000035e-06
0.86268497,1.0,1.0000036e-06
0.8616732,1.0,1.0000036e-06
0.86058307,1.0,1.0000037e-06
0.85954005,1.0,1.0000039e-06
0.8584243,1.0,1.0000039e-06
0.8584243,1.0,1.000004e-06
0.8584243,1.0,1.0000041e-06
0.8584243,1.0,1.0000041e-06
0.8584243,1.0,1.0000042e-06
0.8584243,1.0,1.0000043e-06
0.8584243,1.0,1.0000044e-06
0.8584243,1.0,1.0000044e-06
0.8584243,1.0,1.0000045e-06
0.8584243,1.0,1.0000047e-06
0.8584243,1.0,1.0000048e-06
0.8584243,1.0,1.0000049e-06
0.8584243,1.0,1.0000049e-06
0.8584243,1.0,1.000005e-06
0.8584243,1.0,1.0000051e-06
0.8584243,1.0,1.0000052e-06
0.8584243,1.0,1.0000053e-06
0.8584243,1.0,1.0000055e-06
0.8584243,1.0,1.0000056e-06
0.8584243,1.0,1.0000057e-06
0.8584243,1.0,1.0000058e-06
0.8584243,1.0,1.0000059e-06
0.8584243,1.0,1.000006e-06
0.8584243,1.0,1.0000061e-06
0.8584243,1.0,1.0000064e-06
0.8584243,1.0,1.0000065e-06
0.8584243,1.0,1.0000066e-06
0.8584243,1.0,1.0000067e-06
0.8584243,1.0,1.0000068e-06
0.8584243,1.0,1.000007e-06
0.8584243,1.0,1.0000072e-06
0.8584243,1.0,1.0000073e-06
0.8584243,1.0,1.0000075e-06
0.8584243,1.0,1.0000076e-06
0.8584243,1.0,1.0000078e-06
0.8584243,1.0,1.000008e-06
0.8584243,1.0,1.0000082e-06
0.8584243,1.0,1.0000083e-06
1.0,1.0,1.000075e-06
1.0,1.0,1.000075e-06
1.0,1.0,1.000075e-06
1.0,1.0,1.000075e-06
1.0,1.0,1.0000749e-06
1.0,1.0,1.0000749e-06
1.0,1.0,1.0000749e-06
1.0,1.0,1.0000748e-06
1.0,1.0,1.0000748e-06
1.0,1.0,1.0000747e-06
1.0,1.0,1.0000747e-06
1.0,1.0,1.0000746e-06
1.0,1.0,1.0000745e-06
1.0,1.0,1.0000743e-06
1.0,1.0,1.0000742e-06
1.0,1.0,1.0000742e-06
1.0,1.0,1.0000741e-06
1.0,1.0,1.0000739e-06
1.0,1.0,1.0000738e-06
1.0,1.0,1.0000737e-06
1.0,1.0,1.0000736e-06
1.0,1.0,1.0000733e-06
1.0,1.0,1.0000732e-06
1.0,1.0,1.000073e-06
1.0,1.0,1.0000729e-06
1.0,1.0,1.0000726e-06
1.0,1.0,1.0000724e-06
1.0,1.0,1.0000722e-06
1.0,1.0,1.000072e-06
1.0,1.0,1.0000717e-06
1.0,1.0,1.0000715e-06
1.0,1.0,1.0000713e-06
1.0,1.0,1.000071e-06
1.0,1.0,1.0000708e-06
1.0,1.0,1.0000705e-06
1.0,1.0,1.0000703e-06
1.0,1.0,1.0000699e-06
1.0,1.0,1.0000697e-06
1.0,1.0,1.0000693e-06
1.0,1.0,1.000069e-06
1.0,1.0,1.0000687e-06
0.99992824,1.0,1.0000683e-06
0.9998451,1.0,1.000068e-06
0.9997669,1.0,1.0000676e-06
0.9997671,1.0,1.0000673e-06
0.9997561,1.0,1.000067e-06
0.9997923,1.0,1.0000666e-06
0.9996798,1.0,1.0000662e-06
0.9996426,1.0,1.0000658e-06
0.9995764,1.0,1.0000654e-06
0.9994804,1.0,1.000065e-06
0.99937886,1.0,1.0000646e-06
0.99943614,1.0,1.0000641e-06
0.9993587,1.0,1.0000637e-06
0.99934465,1.0,1.0000632e-06
0.9993449,1.0,1.0000628e-06
0.9992257,1.0,1.0000623e-06
0.99912834,1.0,1.0000618e-06
0.99916023,1.0,1.0000614e-06
0.9991305,1.0,1.0000609e-06
0.9989886,1.0,1.0000605e-06
0.99900913,1.0,1.0000599e-06
0.9989875,1.0,1.0000595e-06
0.9990856,1.0,1.0000589e-06
0.9990795,1.0,1.0000584e-06
0.99893546,1.0,1.0000579e-06
0.9989289,1.0,1.0000573e-06
0.9989476,1.0,1.0000568e-06
0.99890715,1.0,1.0000563e-06
0.99883384,1.0,1.0000557e-06
0.9988618,1.0,1.0000551e-06
0.99882156,1.0,1.0000546e-06
0.9987847,1.0,1.000054e-06
0.99887234,1.0,1.0000534e-06
0.9987536,1.0,1.0000529e-06
0.9987454,1.0,1.0000523e-06
0.9986299,1.0,1.0000517e-06
0.99857146,1.0,1.0000512e-06
0.9986345,1.0,1.0000506e-06
0.9985843,1.0,1.00005e-06
0.9984905,1.0,1.0000493e-06
0.99845,1.0,1.0000488e-06
0.9984792,1.0,1.0000482e-06
0.9983962,1.0,1.0000475e-06
0.99828976,1.0,1.000047e-06
0.9982142,1.0,1.0000464e-06
0.9980497,1.0,1.0000457e-06
0.998055,1.0,1.0000451e-06
0.9979889,1.0,1.0000444e-06
0.99792916,1.0,1.0000439e-06
0.99785197,1.0,1.0000432e-06
0.99778575,1.0,1.0000426e-06
0.997807,1.0,1.000042e-06
0.99773467,1.0,1.0000414e-06
0.99769616,1.0,1.0000407e-06
0.99768275,1.0,1.0000401e-06
0.99766666,1.0,1.0000394e-06
0.9977544,1.0,1.0000389e-06
0.99769855,1.0,1.0000382e-06
0.99775094,1.0,1.0000376e-06
0.99767935,1.0,1.0000371e-06
0.9975282,1.0,1.0000364e-06
0.99746114,1.0,1.0000358e-06
0.9975105,1.0,1.0000351e-06
0.9974338,1.0,1.0000346e-06
0.997419,1.0,1.000034e-06
0.99737066,1.0,1.0000333e-06
0.9973441,1.0,1.0000327e-06
0.99720347,1.0,1.0000322e-06
0.9972357,1.0,1.0000315e-06
0.99705434,1.0,1.0000309e-06
0.9970764,1.0,1.0000304e-06
0.9970112,1.0,1.0000298e-06
0.9969178,1.0,1.0000292e-06
0.99693906,1.0,1.0000286e-06
0.99681175,1.0,1.0000281e-06
0.9967471,1.0,1.0000275e-06
0.9967846,1.0,1.0000269e-06
0.9965801,1.0,1.0000264e-06
0.99657315,1.0,1.0000258e-06
0.9965168,1.0,1.0000252e-06
0.9965824,1.0,1.0000248e-06
0.9963807,1.0,1.0000242e-06
0.99637824,1.0,1.0000236e-06
0.99635625,1.0,1.0000232e-06
0.99632776,1.0,1.0000226e-06
0.9961859,1.0,1.0000222e-06
0.9962142,1.0,1.0000216e-06
0.99619967,1.0,1.0000211e-06
0.9962507,1.0,1.0000207e-06
0.9961158,1.0,1.0000201e-06
0.99617386,1.0,1.0000197e-06
0.99614793,1.0,1.0000192e-06
0.9959554,1.0,1.0000188e-06
0.9960135,1.0,1.0000183e-06
0.9959135,1.0,1.0000178e-06
0.9959696,1.0,1.0000174e-06
0.9957471,1.0,1.0000169e-06
0.9957562,1.0,1.0000166e-06
0.99579555,1.0,1.0000161e-06
0.99576545,1.0,1.0000157e-06
0.9957633,1.0,1.0000153e-06
0.9957527,1.0,1.0000149e-06
0.9957095,1.0,1.0000145e-06
0.995597,1.0,1.0000142e-06
0.99551016,1.0,1.0000139e-06
0.9954056,1.0,1.0000134e-06
0.9953565,1.0,1.0000131e-06
0.99515885,1.0,1.0000127e-06
0.99531376,1.0,1.0000124e-06
0.9951779,1.0,1.000012e-06
0.99526095,1.0,1.0000117e-06
0.99510694,1.0,1.0000115e-06
0.9950053,1.0,1.0000111e-06
0.99488294,1.0,1.0000108e-06
0.9949028,1.0,1.0000105e-06
0.9947581,1.0,1.0000102e-06
0.99466485,1.0,1.0000099e-06
0.9946469,1.0,1.0000097e-06
0.9947322,1.0,1.0000094e-06
0.9947528,1.0,1.0000091e-06
0.99472183,1.0,1.0000089e-06
0.99470925,1.0,1.0000086e-06
0.99465436,1.0,1.0000084e-06
0.99469763,1.0,1.0000081e-06
0.99456155,1.0,1.0000078e-06
0.9945826,1.0,1.0000076e-06
0.9944777,1.0,1.0000075e-06
0.9945025,1.0,1.0000073e-06
0.99448675,1.0,1.000007e-06
0.9944468,1.0,1.0000068e-06
0.9944234,1.0,1.0000066e-06
0.99433285,1.0,1.0000065e-06
0.99430114,1.0,1.0000063e-06
0.9942354,1.0,1.000006e-06
0.99425316,1.0,1.0000059e-06
0.99410254,1.0,1.0000057e-06
0.99419343,1.0,1.0000056e-06
0.9940781,1.0,1.0000055e-06
0.9940427,1.0,1.0000052e-06
0.99403584,1.0,1.0000051e-06
0.9940272,1.0,1.000005e-06
0.99400824,1.0,1.0000048e-06
0.9939262,1.0,1.0000047e-06
0.99386257,1.0,1.0000045e-06
0.99381536,1.0,1.0000044e-06
0.9937079,1.0,1.0000043e-06
0.9936712,1.0,1.0000042e-06
0.9936002,1.0,1.000004e-06
0.99352664,1.0,1.0000039e-06
0.9934288,1.0,1.0000039e-06
0.99339527,1.0,1.0000037e-06
0.99337304,1.0,1.0000036e-06
0.9933577,1.0,1.0000035e-06
0.993282,1.0,1.0000034e-06
0.99320936,1.0,1.0000033e-06
0.99313384,1.0,1.0000032e-06
0.9930967,1.0,1.0000032e-06
0.9930713,1.0,1.0000031e-06
0.9930219,1.0,1.000003e-06
0.99300396,1.0,1.0000028e-06
0.9928875,1.0,1.0000028e-06
0.99297285,1.0,1.0000027e-06
0.9928256,1.0,1.0000026e-06
0.99280816,1.0,1.0000026e-06
0.99263376,1.0,1.0000025e-06
0.9926025,1.0,1.0000025e-06
0.9926125,1.0,1.0000024e-06
0.99248224,1.0,1.0000024e-06
0.99248844,1.0,1.0000023e-06
0.9923862,1.0,1.0000022e-06
0.99246174,1.0,1.0000022e-06
0.9923325,1.0,1.0000022e-06
0.9923462,1.0,1.000002e-06
0.9923733,1.0,1.000002e-06
0.9921971,1.0,1.0000019e-06
0.9922176,1.0,1.0000019e-06
0.99216247,1.0,1.0000018e-06
0.9921341,1.0,1.0000018e-06
0.99200714,1.0,1.0000018e-06
0.99195486,1.0,1.0000017e-06
0.99199724,1.0,1.0000017e-06
0.9918493,1.0,1.0000017e-06
0.99179417,1.0,1.0000016e-06
0.9917612,1.0,1.0000016e-06
0.9916545,1.0,1.0000016e-06
0.9916687,1.0,1.0000016e-06
0.9916496,1.0,1.0000015e-06
0.9915738,1.0,1.0000015e-06
0.99145645,1.0,1.0000015e-06
0.99139625,1.0,1.0000015e-06
0.9913583,1.0,1.0000014e-06
0.99138254,1.0,1.0000014e-06
0.99123055,1.0,1.0000014e-06
0.9912152,1.0,1.0000014e-06
0.9911804,1.0,1.0000012e-06
0.99118996,1.0,1.0000012e-06
0.9911341,1.0,1.0000012e-06
0.9909696,1.0,1.0000012e-06
0.9910283,1.0,1.0000012e-06
0.99089795,1.0,1.0000012e-06
0.99087644,1.0,1.0000011e-06
0.99084896,1.0,1.0000011e-06
0.99083894,1.0,1.0000011e-06
0.99079406,1.0,1.0000011e-06
0.9907233,1.0,1.0000011e-06
0.9907005,1.0,1.0000011e-06
0.9906762,1.0,1.0000011e-06
0.99057966,1.0,1.0000011e-06
0.990497,1.0,1.0000011e-06
0.99042714,1.0,1.000001e-06
0.9903821,1.0,1.000001e-06
0.99036133,1.0,1.000001e-06
0.9903191,1.0,1.000001e-06
0.9902666,1.0,1.000001e-06
0.9902044,1.0,1.000001e-06
0.99001026,1.0,1.000001e-06
0.98994213,1.0,1.000001e-06
0.98984206,1.0,1.000001e-06
0.9898156,1.0,1.000001e-06
0.9897506,1.0,1.000001e-06
0.98983103,1.0,1.000001e-06
0.98964006,1.0,1.000001e-06
0.98976433,1.0,1.000001e-06
0.9896963,1.0,1.000001e-06
0.98953116,1.0,1.000001e-06
0.9895975,1.0,1.000001e-06
0.9894349,1.0,1.000001e-06
0.98951185,1.0,1.000001e-06
0.9894178,1.0,1.000001e-06
0.9892915,1.0,1.000001e-06
0.98923576,1.0,1.000001e-06
0.9891614,1.0,1.000001e-06
0.98916227,1.0,1.000001e-06
0.98911697,1.0,1.000001e-06
0.98910946,1.0,1.000001e-06
0.9890227,1.0,1.000001e-06
0.988967,1.0,1.000001e-06
0.9889189,1.0,1.000001e-06
0.9887485,1.0,1.000001e-06
0.9887099,1.0,1.000001e-06
0.98865956,1.0,1.000001e-06
0.98865765,1.0,1.000001e-06
0.9885478,1.0,1.000001e-06
0.988562,1.0,1.000001e-06
0.9884784,1.0,1.000001e-06
0.98843145,1.0,1.000001e-06
0.9883238,1.0,1.000001e-06
0.9883487,1.0,1.000001e-06
0.98823166,1.0,1.0000011e-06
0.9882596,1.0,1.0000011e-06
0.988198,1.0,1.0000011e-06
0.9880524,1.0,1.0000011e-06
0.98804903,1.0,1.0000011e-06
0.9880024,1.0,1.0000011e-06
0.9878517,1.0,1.0000011e-06
0.98789716,1.0,1.0000011e-06
0.9878447,1.0,1.0000011e-06
0.987675,1.0,1.0000012e-06
0.9876592,1.0,1.0000012e-06
0.98761034,1.0,1.0000012e-06
0.98760617,1.0,1.0000012e-06
0.987657,1.0,1.0000012e-06
0.98758453,1.0,1.0000012e-06
0.98742366,1.0,1.0000012e-06
0.98746467,1.0,1.0000014e-06
0.98729646,1.0,1.0000014e-06
0.9873838,1.0,1.0000014e-06
0.9872558,1.0,1.0000014e-06
0.9872637,1.0,1.0000014e-06
0.98714954,1.0,1.0000015e-06
0.9871864,1.0,1.0000015e-06
0.9869951,1.0,1.0000015e-06
0.9869525,1.0,1.0000015e-06
0.98685867,1.0,1.0000016e-06
0.986754,1.0,1.0000016e-06
0.98681325,1.0,1.0000016e-06
0.98664165,1.0,1.0000016e-06
0.9865583,1.0,1.0000017e-06
0.9865406,1.0,1.0000017e-06
0.9864775,1.0,1.0000017e-06
0.98641646,1.0,1.0000017e-06
0.98637724,1.0,1.0000018e-06
0.9863032,1.0,1.0000018e-06
0.98632395,1.0,1.0000018e-06
0.98616487,1.0,1.0000019e-06
0.9860836,1.0,1.0000019e-06
0.9860588,1.0,1.0000019e-06
0.985922,1.0,1.000002e-06
0.985985,1.0,1.000002e-06
0.9858982,1.0,1.0000022e-06
0.985862,1.0,1.0000022e-06
0.9858155,1.0,1.0000022e-06
0.9857205,1.0,1.0000023e-06
0.98566747,1.0,1.0000023e-06
0.9856496,1.0,1.0000024e-06
0.98563266,1.0,1.0000024e-06
0.9856447,1.0,1.0000024e-06
0.9856323,1.0,1.0000025e-06
0.98552877,1.0,1.0000025e-06
0.98553467,1.0,1.0000026e-06
0.9854232,1.0,1.0000026e-06
0.98549837,1.0,1.0000027e-06
0.98538154,1.0,1.0000027e-06
0.98530716,1.0,1.0000028e-06
0.9852249,1.0,1.0000028e-06
0.9851707,1.0,1.000003e-06
0.98505175,1.0,1.000003e-06
0.98506767,1.0,1.0000031e-06
0.9850501,1.0,1.0000031e-06
0.98499376,1.0,1.0000032e-06
0.9849035,1.0,1.0000033e-06
0.98493236,1.0,1.0000033e-06
0.98484415,1.0,1.0000034e-06
0.984809,1.0,1.0000034e-06
0.98472303,1.0,1.0000035e-06
0.9846409,1.0,1.0000035e-06
0.9845716,1.0,1.0000036e-06
0.98457384,1.0,1.0000037e-06
0.98445284,1.0,1.0000037e-06
0.9844497,1.0,1.0000039e-06
0.98438376,1.0,1.000004e-06
0.9842507,1.0,1.000004e-06
0.98419464,1.0,1.0000041e-06
0.9841282,1.0,1.0000041e-06
0.9840664,1.0,1.0000042e-06
0.9840843,1.0,1.0000043e-06
0.9840397,1.0,1.0000043e-06
0.9838998,1.0,1.0000044e-06
0.9839243,1.0,1.0000045e-06
0.9838561,1.0,1.0000045e-06
0.98370475,1.0,1.0000047e-06
0.98369837,1.0,1.0000048e-06
0.9836652,1.0,1.0000048e-06
0.9835904,1.0,1.0000049e-06
0.98352385,1.0,1.000005e-06
0.9834769,1.0,1.000005e-06
0.983399,1.0,1.0000051e-06
0.9833183,1.0,1.0000052e-06
0.98322845,1.0,1.0000052e-06
0.9831275,1.0,1.0000053e-06
0.98309326,1.0,1.0000055e-06
0.9829713,1.0,1.0000055e-06
0.9829352,1.0,1.0000056e-06
0.9829618,1.0,1.0000057e-06
0.9828812,1.0,1.0000057e-06
0.9827641,1.0,1.0000058e-06
0.9827293,1.0,1.0000058e-06
0.9827131,1.0,1.0000059e-06
0.9826821,1.0,1.000006e-06
0.98259574,1.0,1.000006e-06
0.9824839,1.0,1.0000061e-06
0.9824674,1.0,1.0000061e-06
0.9824587,1.0,1.0000063e-06
0.9822922,1.0,1.0000063e-06
0.9822716,1.0,1.0000064e-06
0.98224914,1.0,1.0000064e-06
0.9821471,1.0,1.0000065e-06
0.9821061,1.0,1.0000065e-06
0.9820156,1.0,1.0000066e-06
0.9820136,1.0,1.0000066e-06
0.9818768,1.0,1.0000067e-06
0.9818439,1.0,1.0000067e-06
0.9817594,1.0,1.0000068e-06
0.981722,1.0,1.0000068e-06
0.98164666,1.0,1.0000068e-06
0.9815562,1.0,1.0000069e-06
0.98156273,1.0,1.0000069e-06
0.9814623,1.0,1.000007e-06
0.9814718,1.0,1.000007e-06
0.981328,1.0,1.000007e-06
0.9812494,1.0,1.0000072e-06
0.9812471,1.0,1.0000072e-06
0.9811474,1.0,1.0000072e-06
0.98108155,1.0,1.0000072e-06
0.98099625,1.0,1.0000073e-06
0.9809187,1.0,1.0000073e-06
0.9809122,1.0,1.0000073e-06
0.98079365,1.0,1.0000073e-06
0.98070705,1.0,1.0000073e-06
0.98056585,1.0,1.0000074e-06
0.98054796,1.0,1.0000074e-06
0.98050493,1.0,1.0000074e-06
0.9804399,1.0,1.0000074e-06
0.980359,1.0,1.0000074e-06
0.980237,1.0,1.0000074e-06
0.9801656,1.0,1.0000074e-06
0.9800564,1.0,1.0000074e-06
0.98000073,1.0,1.0000074e-06
0.9798997,1.0,1.0000074e-06
0.9798649,1.0,1.0000074e-06
0.97965914,1.0,1.0000074e-06
0.9796896,1.0,1.0000074e-06
0.97964966,1.0,1.0000074e-06
0.97954005,1.0,1.0000074e-06
0.97949064,1.0,1.0000074e-06
0.9795419,1.0,1.0000074e-06
0.9794951,1.0,1.0000074e-06
0.97947043,1.0,1.0000073e-06
0.97931933,1.0,1.0000073e-06
0.9793064,1.0,1.0000073e-06
0.97929764,1.0,1.0000073e-06
0.9791935,1.0,1.0000073e-06
0.97913074,1.0,1.0000072e-06
0.9791196,1.0,1.0000072e-06
0.9790029,1.0,1.0000072e-06
0.9787856,1.0,1.0000072e-06
0.97884446,1.0,1.0000072e-06
0.97875637,1.0,1.000007e-06
0.97867256,1.0,1.000007e-06
0.9786317,1.0,1.000007e-06
0.9785393,1.0,1.0000069e-06
0.9784815,1.0,1.0000069e-06
0.97841525,1.0,1.0000069e-06
0.9783748,1.0,1.0000068e-06
0.97825134,1.0,1.0000068e-06
0.97816986,1.0,1.0000068e-06
0.97812325,1.0,1.0000068e-06
0.978033,1.0,1.0000067e-06
0.9779389,1.0,1.0000067e-06
0.9778774,1.0,1.0000066e-06
0.97783786,1.0,1.0000066e-06
0.97777647,1.0,1.0000066e-06
0.97764397,1.0,1.0000065e-06
0.9775778,1.0,1.0000065e-06
0.9775116,1.0,1.0000064e-06
0.9773501,1.0,1.0000064e-06
0.9771562,1.0,1.0000064e-06
0.97718364,1.0,1.0000063e-06
0.97707826,1.0,1.0000063e-06
0.97711384,1.0,1.0000061e-06
0.97698015,1.0,1.0000061e-06
0.97687894,1.0,1.0000061e-06
0.97674465,1.0,1.000006e-06
0.9767913,1.0,1.000006e-06
0.97671413,1.0,1.0000059e-06
0.97664183,1.0,1.0000059e-06
0.97654456,1.0,1.0000058e-06
0.97650653,1.0,1.0000058e-06
0.9763995,1.0,1.0000058e-06
0.97624004,1.0,1.0000057e-06
0.976118,1.0,1.0000057e-06
0.97614866,1.0,1.0000056e-06
0.97602195,1.0,1.0000056e-06
0.97596335,1.0,1.0000055e-06
0.97585374,1.0,1.0000055e-06
0.97577226,1.0,1.0000053e-06
0.9756201,1.0,1.0000053e-06
0.97556293,1.0,1.0000053e-06
0.97546875,1.0,1.0000052e-06
0.97543126,1.0,1.0000052e-06
0.97536117,1.0,1.0000051e-06
0.9751887,1.0,1.0000051e-06
0.9750992,1.0,1.000005e-06
0.97497857,1.0,1.000005e-06
0.9748695,1.0,1.000005e-06
0.97484577,1.0,1.0000049e-06
0.9746295,1.0,1.0000049e-06
0.97459036,1.0,1.0000048e-06
0.97442925,1.0,1.0000048e-06
0.9743789,1.0,1.0000047e-06
0.9743055,1.0,1.0000047e-06
0.9741567,1.0,1.0000045e-06
0.97412765,1.0,1.0000045e-06
0.9740445,1.0,1.0000045e-06
0.97399455,1.0,1.0000044e-06
0.9739263,1.0,1.0000044e-06
0.97386265,1.0,1.0000043e-06
0.9738149,1.0,1.0000043e-06
0.97375834,1.0,1.0000043e-06
0.97367054,1.0,1.0000042e-06
0.9736276,1.0,1.0000042e-06
0.9735748,1.0,1.0000041e-06
0.97349876,1.0,1.0000041e-06
0.97338283,1.0,1.0000041e-06
0.97322226,1.0,1.000004e-06
0.97318554,1.0,1.000004e-06
0.973164,1.0,1.0000039e-06
0.9731159,1.0,1.0000039e-06
0.9730076,1.0,1.0000039e-06
0.97300965,1.0,1.0000037e-06
0.97286695,1.0,1.0000037e-06
0.97275585,1.0,1.0000037e-06
0.97265524,1.0,1.0000036e-06
0.97257286,1.0,1.0000036e-06
0.9725626,1.0,1.0000036e-06
0.9723568,1.0,1.0000035e-06
0.97223115,1.0,1.0000035e-06
0.9722207,1.0,1.0000035e-06
0.9721285,1.0,1.0000034e-06
0.9720206,1.0,1.0000034e-06
0.97196776,1.0,1.0000033e-06
0.97181624,1.0,1.0000033e-06
0.97173804,1.0,1.0000033e-06
0.97161376,1.0,1.0000033e-06
0.97150224,1.0,1.0000032e-06
0.9713344,1.0,1.0000032e-06
0.97130495,1.0,1.0000032e-06
0.97124,1.0,1.0000031e-06
0.97113633,1.0,1.0000031e-06
0.9710579,1.0,1.0000031e-06
0.97099876,1.0,1.000003e-06
0.9709346,1.0,1.000003e-06
0.9709078,1.0,1.000003e-06
0.9707383,1.0,1.000003e-06
0.9706122,1.0,1.0000028e-06
0.9705706,1.0,1.0000028e-06
0.9704334,1.0,1.0000028e-06
0.97041255,1.0,1.0000027e-06
0.97037166,1.0,1.0000027e-06
0.9702055,1.0,1.0000027e-06
0.9701884,1.0,1.0000027e-06
0.9701183,1.0,1.0000026e-06
0.97008866,1.0,1.0000026e-06
0.96998453,1.0,1.0000026e-06
0.96989465,1.0,1.0000026e-06
0.96973264,1.0,1.0000025e-06
0.96963555,1.0,1.0000025e-06
0.96954644,1.0,1.0000025e-06
0.96958745,1.0,1.0000025e-06
0.96946913,1.0,1.0000024e-06
0.9693924,1.0,1.0000024e-06
0.96929306,1.0,1.0000024e-06
0.9692216,1.0,1.0000024e-06
0.9690521,1.0,1.0000024e-06
0.96896416,1.0,1.0000023e-06
0.968962,1.0,1.0000023e-06
0.9687577,1.0,1.0000023e-06
0.96879035,1.0,1.0000023e-06
0.9686676,1.0,1.0000022e-06
0.96854866,1.0,1.0000022e-06
0.9684751,1.0,1.0000022e-06
0.96832794,1.0,1.0000022e-06
0.9681529,1.0,1.0000022e-06
0.968031,1.0,1.000002e-06
0.96803164,1.0,1.000002e-06
0.96788204,1.0,1.000002e-06
0.9677595,1.0,1.000002e-06
0.9677051,1.0,1.000002e-06
0.9676646,1.0,1.000002e-06
0.9675264,1.0,1.0000019e-06
0.9674475,1.0,1.0000019e-06
0.9673826,1.0,1.0000019e-06
0.96722466,1.0,1.0000019e-06
0.96716684,1.0,1.0000019e-06
0.9670293,1.0,1.0000019e-06
0.96692866,1.0,1.0000018e-06
0.96678674,1.0,1.0000018e-06
0.96671736,1.0,1.0000018e-06
0.9666325,1.0,1.0000018e-06
0.96655136,1.0,1.0000018e-06
0.96648425,1.0,1.0000018e-06
0.9663373,1.0,1.0000017e-06
0.9662321,1.0,1.0000017e-06
0.96617216,1.0,1.0000017e-06
0.96609825,1.0,1.0000017e-06
0.965975,1.0,1.0000017e-06
0.9659003,1.0,1.0000017e-06
0.96578157,1.0,1.0000017e-06
0.9656283,1.0,1.0000016e-06
0.9655657,1.0,1.0000016e-06
0.96538204,1.0,1.0000016e-06
0.9653194,1.0,1.0000016e-06
0.96527344,1.0,1.0000016e-06
0.9650584,1.0,1.0000016e-06
0.96501195,1.0,1.0000016e-06
0.96492565,1.0,1.0000016e-06
0.9647968,1.0,1.0000015e-06
0.96468717,1.0,1.0000015e-06
0.9646004,1.0,1.0000015e-06
0.96444607,1.0,1.0000015e-06
0.9642998,1.0,1.0000015e-06
0.96429205,1.0,1.0000015e-06
0.96414286,1.0,1.0000015e-06
0.9640558,1.0,1.0000015e-06
0.9639206,1.0,1.0000015e-06
0.9638131,1.0,1.0000014e-06
0.9637285,1.0,1.0000014e-06
0.9636037,1.0,1.0000014e-06
0.9634562,1.0,1.0000014e-06
0.96334463,1.0,1.0000014e-06
0.96335167,1.0,1.0000014e-06
0.96311617,1.0,1.0000014e-06
0.96297187,1.0,1.0000014e-06
0.9628522,1.0,1.0000014e-06
0.96275884,1.0,1.0000014e-06
0.9627009,1.0,1.0000014e-06
0.9625808,1.0,1.0000012e-06
0.9623893,1.0,1.0000012e-06
0.96223515,1.0,1.0000012e-06
0.96213084,1.0,1.0000012e-06
0.9619924,1.0,1.0000012e-06
0.9618595,1.0,1.0000012e-06
0.9617413,1.0,1.0000012e-06
0.9616708,1.0,1.0000012e-06
0.9615388,1.0,1.0000012e-06
0.9613564,1.0,1.0000012e-06
0.9612749,1.0,1.0000012e-06
0.9611642,1.0,1.0000012e-06
0.9610423,1.0,1.0000012e-06
0.96087956,1.0,1.0000011e-06
0.96076363,1.0,1.0000011e-06
0.96056986,1.0,1.0000011e-06
0.9604477,1.0,1.0000011e-06
0.9602631,1.0,1.0000011e-06
0.9601504,1.0,1.0000011e-06
0.9600843,1.0,1.0000011e-06
0.95991117,1.0,1.0000011e-06
0.9597675,1.0,1.0000011e-06
0.95977527,1.0,1.0000011e-06
0.9595882,1.0,1.0000011e-06
0.9594872,1.0,1.0000011e-06
0.9593224,1.0,1.0000011e-06
0.9592107,1.0,1.0000011e-06
0.95915824,1.0,1.0000011e-06
0.9588744,1.0,1.0000011e-06
0.95871884,1.0,1.0000011e-06
0.9585938,1.0,1.000001e-06
0.95839775,1.0,1.000001e-06
0.95825535,1.0,1.000001e-06
0.9581136,1.0,1.000001e-06
0.9578262,1.0,1.000001e-06
0.957741,1.0,1.000001e-06
0.9576172,1.0,1.000001e-06
0.9574513,1.0,1.000001e-06
0.95722663,1.0,1.000001e-06
0.95713377,1.0,1.000001e-06
0.95689344,1.0,1.000001e-06
0.9567375,1.0,1.000001e-06
0.95654714,1.0,1.000001e-06
0.9562987,1.0,1.000001e-06
0.95619065,1.0,1.000001e-06
0.9561234,1.0,1.000001e-06
0.9559124,1.0,1.000001e-06
0.9557689,1.0,1.000001e-06
0.95560324,1.0,1.000001e-06
0.9554006,1.0,1.000001e-06
0.9552478,1.0,1.000001e-06
0.9550122,1.0,1.000001e-06
0.9549123,1.0,1.000001e-06
0.95473653,1.0,1.000001e-06
0.95463175,1.0,1.000001e-06
0.95435846,1.0,1.000001e-06
0.95418257,1.0,1.000001e-06
0.9539927,1.0,1.000001e-06
0.9539607,1.0,1.000001e-06
0.9536529,1.0,1.000001e-06
0.95351255,1.0,1.000001e-06
0.95326006,1.0,1.000001e-06
0.95313156,1.0,1.000001e-06
0.9529755,1.0,1.000001e-06
0.95276177,1.0,1.000001e-06
0.95260584,1.0,1.000001e-06
0.9523866,1.0,1.000001e-06
0.95218325,1.0,1.000001e-06
0.9520219,1.0,1.000001e-06
0.95176935,1.0,1.000001e-06
0.95169544,1.0,1.000001e-06
0.95145106,1.0,1.000001e-06
0.9512663,1.0,1.000001e-06
0.9510539,1.0,1.000001e-06
0.95090574,1.0,1.000001e-06
0.95065844,1.0,1.000001e-06
0.9504668,1.0,1.000001e-06
0.9502267,1.0,1.000001e-06
0.95006204,1.0,1.000001e-06
0.94991624,1.0,1.000001e-06
0.9495891,1.0,1.000001e-06
0.9494051,1.0,1.000001e-06
0.9491603,1.0,1.000001e-06
0.9488801,1.0,1.000001e-06
0.9486381,1.0,1.000001e-06
0.9484396,1.0,1.000001e-06
0.9482493,1.0,1.000001e-06
0.94802576,1.0,1.000001e-06
0.9478214,1.0,1.000001e-06
0.9475205,1.0,1.000001e-06
0.947318,1.0,1.000001e-06
0.9470875,1.0,1.000001e-06
0.94673735,1.0,1.000001e-06
0.946547,1.0,1.000001e-06
0.94636184,1.0,1.000001e-06
0.9461363,1.0,1.000001e-06
0.9458705,1.0,1.000001e-06
0.94551843,1.0,1.000001e-06
0.9453249,1.0,1.000001e-06
0.94511104,1.0,1.000001e-06
0.94488424,1.0,1.000001e-06
0.9445836,1.0,1.000001e-06
0.94435847,1.0,1.000001e-06
0.9441213,1.0,1.000001e-06
0.94383943,1.0,1.000001e-06
0.94350296,1.0,1.000001e-06
0.94324607,1.0,1.000001e-06
0.9429651,1.0,1.000001e-06
0.9427806,1.0,1.000001e-06
0.9424521,1.0,1.000001e-06
0.9422125,1.0,1.000001e-06
0.9419746,1.0,1.0000011e-06
0.9416779,1.0,1.0000011e-06
0.94137114,1.0,1.0000011e-06
0.94113386,1.0,1.0000011e-06
0.9407872,1.0,1.0000011e-06
0.94052434,1.0,1.0000011e-06
0.94012064,1.0,1.0000011e-06
0.939932,1.0,1.0000011e-06
0.9395111,1.0,1.0000011e-06
0.9393527,1.0,1.0000011e-06
0.93900394,1.0,1.0000011e-06
0.9387006,1.0,1.0000011e-06
0.9384235,1.0,1.0000011e-06
0.938145,1.0,1.0000011e-06
0.93777955,1.0,1.0000011e-06
0.93746644,1.0,1.0000012e-06
0.93713313,1.0,1.0000012e-06
0.93673795,1.0,1.0000012e-06
0.9363897,1.0,1.0000012e-06
0.93609136,1.0,1.0000012e-06
0.9357119,1.0,1.0000012e-06
0.93543357,1.0,1.0000012e-06
0.9350782,1.0,1.0000012e-06
0.9346675,1.0,1.0000012e-06
0.93436426,1.0,1.0000012e-06
0.9339523,1.0,1.0000014e-06
0.93364185,1.0,1.0000014e-06
0.9333254,1.0,1.0000014e-06
0.9328649,1.0,1.0000014e-06
0.932411,1.0,1.0000014e-06
0.9320355,1.0,1.0000014e-06
0.9316589,1.0,1.0000014e-06
0.93129104,1.0,1.0000014e-06
0.9308106,1.0,1.0000014e-06
0.93047035,1.0,1.0000015e-06
0.9300235,1.0,1.0000015e-06
0.9296316,1.0,1.0000015e-06
0.9291724,1.0,1.0000015e-06
0.92869806,1.0,1.0000015e-06
0.9282205,1.0,1.0000015e-06
0.92769843,1.0,1.0000015e-06
0.92720807,1.0,1.0000016e-06
0.92670447,1.0,1.0000016e-06
0.9263474,1.0,1.0000016e-06
0.9257752,1.0,1.0000016e-06
0.9252836,1.0,1.0000016e-06
0.9247825,1.0,1.0000016e-06
0.9242939,1.0,1.0000017e-06
0.9237735,1.0,1.0000017e-06
0.9232655,1.0,1.0000017e-06
0.9227057,1.0,1.0000017e-06
0.9222528,1.0,1.0000017e-06
0.92179155,1.0,1.0000018e-06
0.9211853,1.0,1.0000018e-06
0.9207056,1.0,1.0000018e-06
0.9201374,1.0,1.0000018e-06
0.91955274,1.0,1.0000019e-06
0.9189293,1.0,1.0000019e-06
0.91836923,1.0,1.0000019e-06
0.91763073,1.0,1.0000019e-06
0.9170385,1.0,1.0000019e-06
0.9163386,1.0,1.000002e-06
0.91558427,1.0,1.000002e-06
0.9148363,1.0,1.000002e-06
0.914193,1.0,1.0000022e-06
0.91354966,1.0,1.0000022e-06
0.91280335,1.0,1.0000022e-06
0.91209936,1.0,1.0000022e-06
0.91126144,1.0,1.0000023e-06
0.9104853,1.0,1.0000023e-06
0.9093538,1.0,1.0000023e-06
0.90901095,1.0,1.0000024e-06
0.9083004,1.0,1.0000024e-06
0.9075013,1.0,1.0000024e-06
0.90659714,1.0,1.0000025e-06
0.9057875,1.0,1.0000025e-06
0.90477794,1.0,1.0000025e-06
0.9040286,1.0,1.0000026e-06
0.9030995,1.0,1.0000026e-06
0.90221995,1.0,1.0000027e-06
0.9013401,1.0,1.0000027e-06
0.90025043,1.0,1.0000027e-06
0.8993437,1.0,1.0000028e-06
0.89833856,1.0,1.0000028e-06
0.89733034,1.0,1.000003e-06
0.8961648,1.0,1.000003e-06
0.89513063,1.0,1.000003e-06
0.8940257,1.0,1.0000031e-06
0.8929513,1.0,1.0000031e-06
0.891798,1.0,1.0000032e-06
0.890515,1.0,1.0000032e-06
0.8894788,1.0,1.0000033e-06
0.88812524,1.0,1.0000033e-06
0.88695675,1.0,1.0000034e-06
0.8856497,1.0,1.0000035e-06
0.8845563,1.0,1.0000035e-06
0.8833175,1.0,1.0000036e-06
0.8820845,1.0,1.0000036e-06
0.88078743,1.0,1.0000037e-06
0.87939584,1.0,1.0000037e-06
0.8779052,1.0,1.0000039e-06
0.87655073,1.0,1.000004e-06
0.8750775,1.0,1.000004e-06
0.87368965,1.0,1.0000041e-06
0.8722407,1.0,1.0000042e-06
0.87072366,1.0,1.0000043e-06
0.8692767,1.0,1.0000043e-06
0.8678154,1.0,1.0000044e-06
0.8663854,1.0,1.0000045e-06
0.8649625,1.0,1.0000047e-06
0.8632787,1.0,1.0000047e-06
0.8632787,1.0,1.0000048e-06
0.8632787,1.0,1.0000049e-06
0.8632787,1.0,1.000005e-06
0.8632787,1.0,1.0000051e-06
0.8632787,1.0,1.0000052e-06
0.8632787,1.0,1.0000053e-06
0.8632787,1.0,1.0000055e-06
0.8632787,1.0,1.0000056e-06
0.8632787,1.0,1.0000057e-06
0.8632787,1.0,1.0000058e-06
0.8632787,1.0,1.0000059e-06
0.8632787,1.0,1.000006e-06
0.8632787,1.0,1.0000061e-06
0.8632787,1.0,1.0000063e-06
0.8632787,1.0,1.0000064e-06
0.8632787,1.0,1.0000065e-06
0.8632787,1.0,1.0000066e-06
0.8632787,1.0,1.0000068e-06
0.8632787,1.0,1.0000069e-06
0.8632787,1.0,1.000007e-06
0.8632787,1.0,1.0000073e-06
0.8632787,1.0,1.0000074e-06
1.0,1.0,1.0000747e-06
1.0,1.0,1.0000747e-06
1.0,1.0,1.0000747e-06
1.0,1.0,1.0000746e-06
1.0,1.0,1.0000746e-06
1.0,1.0,1.0000746e-06
1.0,1.0,1.0000746e-06
1.0,1.0,1.0000745e-06
1.0,1.0,1.0000745e-06
1.0,1.0,1.0000743e-06
1.0,1.0,1.0000742e-06
1.0,1.0,1.0000742e-06
1.0,1.0,1.0000741e-06
1.0,1.0,1.000074e-06
1.0,1.0,1.0000739e-06
1.0,1.0,1.0000738e-06
1.0,1.0,1.0000737e-06
1.0,1.0,1.0000736e-06
1.0,1.0,1.0000734e-06
1.0,1.0,1.0000733e-06
1.0,1.0,1.0000731e-06
1.0,1.0,1.000073e-06
1.0,1.0,1.0000729e-06
1.0,1.0,1.0000726e-06
1.0,1.0,1.0000724e-06
1.0,1.0,1.0000723e-06
1.0,1.0,1.0000721e-06
1.0,1.0,1.0000718e-06
1.0,1.0,1.0000716e-06
1.0,1.0,1.0000714e-06
1.0,1.0,1.0000712e-06
1.0,1.0,1.0000709e-06
1.0,1.0,1.0000707e-06
1.0,1.0,1.0000704e-06
1.0,1.0,1.0000701e-06
1.0,1.0,1.0000699e-06
1.0,1.0,1.0000696e-06
1.0,1.0,1.0000693e-06
1.0,1.0,1.000069e-06
1.0,1.0,1.0000687e-06
1.0,1.0,1.0000683e-06
1.0,1.0,1.000068e-06
1.0,1.0,1.0000676e-06
1.0,1.0,1.0000673e-06
1.0,1.0,1.000067e-06
1.0,1.0,1.0000666e-06
1.0,1.0,1.0000663e-06
1.0,1.0,1.0000658e-06
1.0,1.0,1.0000655e-06
1.0,1.0,1.000065e-06
1.0,1.0,1.0000647e-06
1.0,1.0,1.0000642e-06
1.0,1.0,1.0000638e-06
1.0,1.0,1.0000633e-06
1.0,1.0,1.0000629e-06
1.0,1.0,1.0000625e-06
1.0,1.0,1.0000621e-06
1.0,1.0,1.0000615e-06
1.0,1.0,1.000061e-06
1.0,1.0,1.0000606e-06
1.0,1.0,1.0000601e-06
1.0,1.0,1.0000597e-06
1.0,1.0,1.0000591e-06
1.0,1.0,1.0000587e-06
1.0,1.0,1.0000581e-06
1.0,1.0,1.0000576e-06
1.0,1.0,1.0000571e-06
1.0,1.0,1.0000565e-06
1.0,1.0,1.0000559e-06
1.0,1.0,1.0000555e-06
1.0,1.0,1.0000549e-06
1.0,1.0,1.0000543e-06
1.0,1.0,1.0000538e-06
1.0,1.0,1.0000532e-06
1.0,1.0,1.0000526e-06
1.0,1.0,1.0000521e-06
1.0,1.0,1.0000515e-06
1.0,1.0,1.0000508e-06
1.0,1.0,1.0000502e-06
1.0,1.0,1.0000497e-06
1.0,1.0,1.0000491e-06
1.0,1.0,1.0000484e-06
1.0,1.0,1.0000479e-06
1.0,1.0,1.0000473e-06
1.0,1.0,1.0000467e-06
1.0,1.0,1.000046e-06
1.0,1.0,1.0000455e-06
1.0,1.0,1.0000448e-06
1.0,1.0,1.0000442e-06
1.0,1.0,1.0000435e-06
1.0,1.0,1.000043e-06
1.0,1.0,1.0000424e-06
1.0,1.0,1.0000417e-06
1.0,1.0,1.0000412e-06
1.0,1.0,1.0000405e-06
1.0,1.0,1.0000399e-06
1.0,1.0,1.0000392e-06
1.0,1.0,1.0000387e-06
1.0,1.0,1.000038e-06
1.0,1.0,1.0000374e-06
1.0,1.0,1.0000367e-06
1.0,1.0,1.0000361e-06
1.0,1.0,1.0000356e-06
1.0,1.0,1.0000349e-06
1.0,1.0,1.0000343e-06
1.0,1.0,1.0000338e-06
1.0,1.0,1.0000331e-06
1.0,1.0,1.0000325e-06
1.0,1.0,1.000032e-06
1.0,1.0,1.0000313e-06
1.0,1.0,1.0000307e-06
1.0,1.0,1.0000301e-06
1.0,1.0,1.0000296e-06
1.0,1.0,1.000029e-06
1.0,1.0,1.0000284e-06
1.0,1.0,1.0000279e-06
1.0,1.0,1.0000273e-06
1.0,1.0,1.0000267e-06
1.0,1.0,1.0000261e-06
1.0,1.0,1.0000256e-06
1.0,1.0,1.000025e-06
1.0,1.0,1.0000246e-06
1.0,1.0,1.000024e-06
1.0,1.0,1.0000234e-06
1.0,1.0,1.000023e-06
1.0,1.0,1.0000224e-06
1.0,1.0,1.0000219e-06
1.0,1.0,1.0000215e-06
1.0,1.0,1.0000209e-06
1.0,1.0,1.0000205e-06
1.0,1.0,1.00002e-06
1.0,1.0,1.0000196e-06
1.0,1.0,1.0000191e-06
1.0,1.0,1.0000186e-06
1.0,1.0,1.0000182e-06
1.0,1.0,1.0000177e-06
1.0,1.0,1.0000173e-06
1.0,1.0,1.0000168e-06
1.0,1.0,1.0000164e-06
1.0,1.0,1.000016e-06
1.0,1.0,1.0000156e-06
1.0,1.0,1.0000152e-06
1.0,1.0,1.0000148e-06
1.0,1.0,1.0000144e-06
1.0,1.0,1.0000141e-06
1.0,1.0,1.0000136e-06
1.0,1.0,1.0000133e-06
1.0,1.0,1.000013e-06
1.0,1.0,1.0000126e-06
1.0,1.0,1.0000123e-06
1.0,1.0,1.0000119e-06
1.0,1.0,1.0000116e-06
1.0,1.0,1.0000113e-06
1.0,1.0,1.000011e-06
1.0,1.0,1.0000107e-06
1.0,1.0,1.0000103e-06
1.0,1.0,1.0000101e-06
1.0,1.0,1.0000098e-06
1.0,1.0,1.0000095e-06
1.0,1.0,1.0000093e-06
1.0,1.0,1.000009e-06
1.0,1.0,1.0000088e-06
1.0,1.0,1.0000085e-06
1.0,1.0,1.0000083e-06
1.0,1.0,1.0000081e-06
1.0,1.0,1.0000078e-06
1.0,1.0,1.0000076e-06
1.0,1.0,1.0000074e-06
1.0,1.0,1.0000072e-06
1.0,1.0,1.0000069e-06
1.0,1.0,1.0000067e-06
1.0,1.0,1.0000066e-06
1.0,1.0,1.0000064e-06
1.0,1.0,1.0000061e-06
1.0,1.0,1.000006e-06
1.0,1.0,1.0000058e-06
1.0,1.0,1.0000057e-06
1.0,1.0,1.0000055e-06
1.0,1.0,1.0000053e-06
1.0,1.0,1.0000052e-06
1.0,1.0,1.000005e-06
1.0,1.0,1.0000049e-06
1.0,1.0,1.0000048e-06
1.0,1.0,1.0000045e-06
1.0,1.0,1.0000044e-06
1.0,1.0,1.0000043e-06
1.0,1.0,1.0000042e-06
1.0,1.0,1.0000041e-06
1.0,1.0,1.000004e-06
1.0,1.0,1.0000039e-06
1.0,1.0,1.0000037e-06
1.0,1.0,1.0000036e-06
1.0,1.0,1.0000035e-06
1.0,1.0,1.0000034e-06
1.0,1.0,1.0000033e-06
1.0,1.0,1.0000033e-06
1.0,1.0,1.0000032e-06
1.0,1.0,1.0000031e-06
1.0,1.0,1.000003e-06
1.0,1.0,1.000003e-06
1.0,1.0,1.0000028e-06
1.0,1.0,1.0000027e-06
1.0,1.0,1.0000027e-06
1.0,1.0,1.0000026e-06
1.0,1.0,1.0000025e-06
1.0,1.0,1.0000025e-06
1.0,1.0,1.0000024e-06
1.0,1.0,1.0000024e-06
1.0,1.0,1.0000023e-06
1.0,1.0,1.0000023e-06
1.0,1.0,1.0000022e-06
0.99990094,1.0,1.0000022e-06
0.9998423,1.0,1.000002e-06
0.999684,1.0,1.000002e-06
0.99986106,1.0,1.0000019e-06
0.9999925,1.0,1.0000019e-06
1.0,1.0,1.0000019e-06
1.0,1.0,1.0000018e-06
1.0,1.0,1.0000018e-06
0.9999618,1.0,1.0000017e-06
0.99990135,1.0,1.0000017e-06
0.9997828,1.0,1.0000017e-06
0.9994855,1.0,1.0000016e-06
0.9994756,1.0,1.0000016e-06
0.9994201,1.0,1.0000016e-06
0.9994036,1.0,1.0000016e-06
0.9993197,1.0,1.0000015e-06
0.99927,1.0,1.0000015e-06
0.99919844,1.0,1.0000015e-06
0.9991475,1.0,1.0000015e-06
0.99910617,1.0,1.0000014e-06
0.99906313,1.0,1.0000014e-06
0.99898744,1.0,1.0000014e-06
0.9989193,1.0,1.0000014e-06
0.9989642,1.0,1.0000012e-06
0.99901825,1.0,1.0000012e-06
0.99898267,1.0,1.0000012e-06
0.99883884,1.0,1.0000012e-06
0.99877083,1.0,1.0000012e-06
0.9987073,1.0,1.0000012e-06
0.9986405,1.0,1.0000011e-06
0.9986584,1.0,1.0000011e-06
0.99841875,1.0,1.0000011e-06
0.9987812,1.0,1.0000011e-06
0.9988446,1.0,1.0000011e-06
0.99886864,1.0,1.0000011e-06
0.99890524,1.0,1.0000011e-06
0.998862,1.0,1.000001e-06
0.9988841,1.0,1.000001e-06
0.99863607,1.0,1.000001e-06
0.99838203,1.0,1.000001e-06
0.9983139,1.0,1.000001e-06
0.99826694,1.0,1.000001e-06
0.9981754,1.0,1.000001e-06
0.9979089,1.0,1.000001e-06
0.99803454,1.0,1.000001e-06
0.99798536,1.0,1.000001e-06
0.9978396,1.0,1.000001e-06
0.99785024,1.0,1.000001e-06
0.99782354,1.0,1.000001e-06
0.99778366,1.0,1.000001e-06
0.9977166,1.0,1.000001e-06
0.99772304,1.0,1.0000009e-06
0.99769324,1.0,1.0000009e-06
0.9977104,1.0,1.0000009e-06
0.99765277,1.0,1.0000009e-06
0.9976351,1.0,1.0000009e-06
0.9976031,1.0,1.0000009e-06
0.99741673,1.0,1.0000009e-06
0.99742025,1.0,1.0000009e-06
0.9973294,1.0,1.0000009e-06
0.99741155,1.0,1.0000009e-06
0.9974708,1.0,1.0000009e-06
0.99742216,1.0,1.0000009e-06
0.99723697,1.0,1.0000009e-06
0.9973263,1.0,1.0000009e-06
0.9970746,1.0,1.0000009e-06
0.99700505,1.0,1.0000009e-06
0.9970179,1.0,1.000001e-06
0.99699986,1.0,1.000001e-06
0.99692357,1.0,1.000001e-06
0.99686575,1.0,1.000001e-06
0.9967987,1.0,1.000001e-06
0.99672115,1.0,1.000001e-06
0.996687,1.0,1.000001e-06
0.99636716,1.0,1.000001e-06
0.9964583,1.0,1.000001e-06
0.9964591,1.0,1.000001e-06
0.9964688,1.0,1.000001e-06
0.9969402,1.0,1.000001e-06
0.99723643,1.0,1.000001e-06
0.99688315,1.0,1.000001e-06
0.9971943,1.0,1.000001e-06
0.9967293,1.0,1.0000011e-06
0.99703264,1.0,1.0000011e-06
0.9969967,1.0,1.0000011e-06
0.9971571,1.0,1.0000011e-06
0.99738526,1.0,1.0000011e-06
0.997575,1.0,1.0000011e-06
0.99760544,1.0,1.0000011e-06
0.997735,1.0,1.0000011e-06
0.9977414,1.0,1.0000012e-06
0.99733496,1.0,1.0000012e-06
0.9976716,1.0,1.0000012e-06
0.99730235,1.0,1.0000012e-06
0.99717015,1.0,1.0000012e-06
0.996865,1.0,1.0000012e-06
0.99666315,1.0,1.0000014e-06
0.9964475,1.0,1.0000014e-06
0.9964064,1.0,1.0000014e-06
0.99631244,1.0,1.0000014e-06
0.99627507,1.0,1.0000014e-06
0.9962165,1.0,1.0000015e-06
0.9961154,1.0,1.0000015e-06
0.9961346,1.0,1.0000015e-06
0.99605155,1.0,1.0000015e-06
0.9959956,1.0,1.0000016e-06
0.99602664,1.0,1.0000016e-06
0.9960282,1.0,1.0000016e-06
0.99593323,1.0,1.0000016e-06
0.9957455,1.0,1.0000017e-06
0.9954762,1.0,1.0000017e-06
0.99559146,1.0,1.0000017e-06
0.99516404,1.0,1.0000018e-06
0.9953437,1.0,1.0000018e-06
0.99570346,1.0,1.0000018e-06
0.99591947,1.0,1.0000019e-06
0.99588215,1.0,1.0000019e-06
0.99585986,1.0,1.0000019e-06
0.99602807,1.0,1.000002e-06
0.99585164,1.0,1.000002e-06
0.99552697,1.0,1.000002e-06
0.9952627,1.0,1.0000022e-06
0.9954261,1.0,1.0000022e-06
0.99515516,1.0,1.0000023e-06
0.9951115,1.0,1.0000023e-06
0.99501055,1.0,1.0000023e-06
0.99463254,1.0,1.0000024e-06
0.99468595,1.0,1.0000024e-06
0.99462754,1.0,1.0000025e-06
0.9946249,1.0,1.0000025e-06
0.99461126,1.0,1.0000026e-06
0.99443406,1.0,1.0000026e-06
0.9943616,1.0,1.0000027e-06
0.9944929,1.0,1.0000027e-06
0.99412155,1.0,1.0000028e-06
0.99461937,1.0,1.0000028e-06
0.9941197,1.0,1.000003e-06
0.99419224,1.0,1.000003e-06
0.99413365,1.0,1.0000031e-06
0.99330163,1.0,1.0000031e-06
0.99374133,1.0,1.0000032e-06
0.99389017,1.0,1.0000032e-06
0.99432313,1.0,1.0000033e-06
0.99427027,1.0,1.0000033e-06
0.9940225,1.0,1.0000034e-06
0.993715,1.0,1.0000035e-06
0.9938135,1.0,1.0000035e-06
0.99432945,1.0,1.0000036e-06
0.9940403,1.0,1.0000036e-06
0.9938226,1.0,1.0000037e-06
0.99378127,1.0,1.0000039e-06
0.99344045,1.0,1.0000039e-06
0.9934425,1.0,1.000004e-06
0.9933701,1.0,1.0000041e-06
0.99312323,1.0,1.0000041e-06
0.993091,1.0,1.0000042e-06
0.99301237,1.0,1.0000042e-06
0.99267316,1.0,1.0000043e-06
0.992832,1.0,1.0000044e-06
0.992448,1.0,1.0000044e-06
0.9928097,1.0,1.0000045e-06
0.9929836,1.0,1.0000047e-06
0.9928572,1.0,1.0000047e-06
0.99254704,1.0,1.0000048e-06
0.9925536,1.0,1.0000049e-06
0.99247295,1.0,1.0000049e-06
0.9923989,1.0,1.000005e-06
0.9924388,1.0,1.000005e-06
0.99187785,1.0,1.0000051e-06
0.9924697,1.0,1.0000052e-06
0.99222183,1.0,1.0000052e-06
0.99197936,1.0,1.0000053e-06
0.9923786,1.0,1.0000055e-06
0.9926756,1.0,1.0000055e-06
0.9921047,1.0,1.0000056e-06
0.9924175,1.0,1.0000056e-06
0.992223,1.0,1.0000057e-06
0.9920054,1.0,1.0000058e-06
0.9914222,1.0,1.0000058e-06
0.9913448,1.0,1.0000059e-06
0.99139786,1.0,1.0000059e-06
0.99164027,1.0,1.000006e-06
0.99134403,1.0,1.000006e-06
0.9912507,1.0,1.0000061e-06
0.991281,1.0,1.0000061e-06
0.99114823,1.0,1.0000063e-06
0.99110997,1.0,1.0000063e-06
0.9908112,1.0,1.0000064e-06
0.9907208,1.0,1.0000064e-06
0.9908391,1.0,1.0000065e-06
0.9912781,1.0,1.0000065e-06
0.99093986,1.0,1.0000066e-06
0.99090433,1.0,1.0000066e-06
0.99076754,1.0,1.0000067e-06
0.990426,1.0,1.0000067e-06
0.9905132,1.0,1.0000067e-06
0.990491,1.0,1.0000068e-06
0.99022657,1.0,1.0000068e-06
0.9898524,1.0,1.0000068e-06
0.9906499,1.0,1.0000069e-06
0.9902312,1.0,1.0000069e-06
0.9905436,1.0,1.0000069e-06
0.98983324,1.0,1.0000069e-06
0.9905387,1.0,1.000007e-06
0.9904916,1.0,1.000007e-06
0.99030787,1.0,1.000007e-06
0.9899926,1.0,1.000007e-06
0.989847,1.0,1.0000072e-06
0.98994327,1.0,1.0000072e-06
0.9897183,1.0,1.0000072e-06
0.989396,1.0,1.0000072e-06
0.9896677,1.0,1.0000072e-06
0.98960185,1.0,1.0000072e-06
0.98943377,1.0,1.0000072e-06
0.98940647,1.0,1.0000072e-06
0.98933613,1.0,1.0000072e-06
0.989206,1.0,1.0000072e-06
0.9894268,1.0,1.0000072e-06
0.989162,1.0,1.0000072e-06
0.9892377,1.0,1.0000072e-06
0.9890008,1.0,1.0000072e-06
0.988241,1.0,1.0000072e-06
0.9883024,1.0,1.0000072e-06
0.9887956,1.0,1.0000072e-06
0.98846596,1.0,1.0000072e-06
0.9888908,1.0,1.0000072e-06
0.9888579,1.0,1.0000072e-06
0.98912305,1.0,1.0000072e-06
0.98887503,1.0,1.0000072e-06
0.98892623,1.0,1.000007e-06
0.989141,1.0,1.000007e-06
0.9891009,1.0,1.000007e-06
0.98925734,1.0,1.000007e-06
0.9887159,1.0,1.000007e-06
0.98849577,1.0,1.0000069e-06
0.9880441,1.0,1.0000069e-06
0.9875166,1.0,1.0000069e-06
0.9881052,1.0,1.0000069e-06
0.987579,1.0,1.0000069e-06
0.9877172,1.0,1.0000068e-06
0.98686236,1.0,1.0000068e-06
0.9867245,1.0,1.0000068e-06
0.9844135,1.0,1.0000067e-06
0.9855227,1.0,1.0000067e-06
0.98569244,1.0,1.0000067e-06
0.9868807,1.0,1.0000066e-06
0.98659736,1.0,1.0000066e-06
0.98593223,1.0,1.0000066e-06
0.98617285,1.0,1.0000065e-06
0.9862657,1.0,1.0000065e-06
0.98598045,1.0,1.0000064e-06
0.9860414,1.0,1.0000064e-06
0.9855886,1.0,1.0000064e-06
0.9857251,1.0,1.0000063e-06
0.9858704,1.0,1.0000063e-06
0.98573995,1.0,1.0000061e-06
0.9856054,1.0,1.0000061e-06
0.98583627,1.0,1.0000061e-06
0.98608285,1.0,1.000006e-06
0.9855814,1.0,1.000006e-06
0.98604625,1.0,1.0000059e-06
0.98555726,1.0,1.0000059e-06
0.98570186,1.0,1.0000059e-06
0.9848726,1.0,1.0000058e-06
0.9853202,1.0,1.0000058e-06
0.98505867,1.0,1.0000057e-06
0.9849904,1.0,1.0000057e-06
0.98489356,1.0,1.0000056e-06
0.98451054,1.0,1.0000056e-06
0.9844814,1.0,1.0000055e-06
0.98434246,1.0,1.0000055e-06
0.9846082,1.0,1.0000055e-06
0.9839456,1.0,1.0000053e-06
0.98402476,1.0,1.0000053e-06
0.9841945,1.0,1.0000052e-06
0.9846533,1.0,1.0000052e-06
0.98433095,1.0,1.0000051e-06
0.9839612,1.0,1.0000051e-06
0.9835367,1.0,1.000005e-06
0.9838349,1.0,1.000005e-06
0.9836482,1.0,1.000005e-06
0.98341644,1.0,1.0000049e-06
0.9835949,1.0,1.0000049e-06
0.98401046,1.0,1.0000048e-06
0.9836328,1.0,1.0000048e-06
0.9833493,1.0,1.0000047e-06
0.98374015,1.0,1.0000047e-06
0.9837212,1.0,1.0000047e-06
0.9832998,1.0,1.0000045e-06
0.982908,1.0,1.0000045e-06
0.983082,1.0,1.0000044e-06
0.98281485,1.0,1.0000044e-06
0.9827887,1.0,1.0000043e-06
0.9828808,1.0,1.0000043e-06
0.9829148,1.0,1.0000043e-06
0.9824069,1.0,1.0000042e-06
0.9825175,1.0,1.0000042e-06
0.9823143,1.0,1.0000042e-06
0.98244613,1.0,1.0000041e-06
0.981882,1.0,1.0000041e-06
0.9822663,1.0,1.000004e-06
0.98160726,1.0,1.000004e-06
0.9819141,1.0,1.000004e-06
0.98171574,1.0,1.0000039e-06
0.982049,1.0,1.0000039e-06
0.9815784,1.0,1.0000037e-06
0.981911,1.0,1.0000037e-06
0.9816515,1.0,1.0000037e-06
0.9820244,1.0,1.0000036e-06
0.9815077,1.0,1.0000036e-06
0.98157996,1.0,1.0000036e-06
0.9815705,1.0,1.0000035e-06
0.98148257,1.0,1.0000035e-06
0.9819724,1.0,1.0000035e-06
0.9815344,1.0,1.0000034e-06
0.9813658,1.0,1.0000034e-06
0.9814685,1.0,1.0000034e-06
0.98157424,1.0,1.0000033e-06
0.9812727,1.0,1.0000033e-06
0.98096305,1.0,1.0000033e-06
0.9807227,1.0,1.0000032e-06
0.98062176,1.0,1.0000032e-06
0.98020786,1.0,1.0000032e-06
0.9803561,1.0,1.0000031e-06
0.9803416,1.0,1.0000031e-06
0.97992104,1.0,1.0000031e-06
0.979924,1.0,1.0000031e-06
0.9802026,1.0,1.000003e-06
0.9798176,1.0,1.000003e-06
0.98007697,1.0,1.000003e-06
0.9799378,1.0,1.0000028e-06
0.97937757,1.0,1.0000028e-06
0.97939146,1.0,1.0000028e-06
0.97931695,1.0,1.0000028e-06
0.9793961,1.0,1.0000027e-06
0.97954726,1.0,1.0000027e-06
0.9790569,1.0,1.0000027e-06
0.97951245,1.0,1.0000026e-06
0.9784427,1.0,1.0000026e-06
0.9793357,1.0,1.0000026e-06
0.97880375,1.0,1.0000026e-06
0.9788655,1.0,1.0000025e-06
0.9789344,1.0,1.0000025e-06
0.9791949,1.0,1.0000025e-06
0.9787703,1.0,1.0000025e-06
0.9788234,1.0,1.0000025e-06
0.97878915,1.0,1.0000024e-06
0.9782953,1.0,1.0000024e-06
0.9783736,1.0,1.0000024e-06
0.9778739,1.0,1.0000024e-06
0.97772473,1.0,1.0000023e-06
0.9776722,1.0,1.0000023e-06
0.97784764,1.0,1.0000023e-06
0.9775319,1.0,1.0000023e-06
0.9775543,1.0,1.0000023e-06
0.97768044,1.0,1.0000022e-06
0.9772142,1.0,1.0000022e-06
0.9772906,1.0,1.0000022e-06
0.9775248,1.0,1.0000022e-06
0.97703624,1.0,1.0000022e-06
0.9769078,1.0,1.000002e-06
0.97622895,1.0,1.000002e-06
0.97720957,1.0,1.000002e-06
0.97669137,1.0,1.000002e-06
0.9763739,1.0,1.000002e-06
0.97634715,1.0,1.0000019e-06
0.97625786,1.0,1.0000019e-06
0.9762708,1.0,1.0000019e-06
0.9759825,1.0,1.0000019e-06
0.9765179,1.0,1.0000019e-06
0.97588176,1.0,1.0000019e-06
0.97572845,1.0,1.0000018e-06
0.9755575,1.0,1.0000018e-06
0.9757653,1.0,1.0000018e-06
0.97492075,1.0,1.0000018e-06
0.97548056,1.0,1.0000018e-06
0.9752778,1.0,1.0000018e-06
0.9751047,1.0,1.0000017e-06
0.9751087,1.0,1.0000017e-06
0.9747524,1.0,1.0000017e-06
0.9744308,1.0,1.0000017e-06
0.9747196,1.0,1.0000017e-06
0.9747984,1.0,1.0000017e-06
0.9740663,1.0,1.0000017e-06
0.97405326,1.0,1.0000016e-06
0.9740896,1.0,1.0000016e-06
0.9737363,1.0,1.0000016e-06
0.9738294,1.0,1.0000016e-06
0.97350323,1.0,1.0000016e-06
0.97283936,1.0,1.0000016e-06
0.9735672,1.0,1.0000016e-06
0.9729892,1.0,1.0000015e-06
0.97368103,1.0,1.0000015e-06
0.97315717,1.0,1.0000015e-06
0.97272,1.0,1.0000015e-06
0.9723162,1.0,1.0000015e-06
0.9725569,1.0,1.0000015e-06
0.97174037,1.0,1.0000015e-06
0.9721523,1.0,1.0000015e-06
0.97211826,1.0,1.0000015e-06
0.97205156,1.0,1.0000014e-06
0.9714401,1.0,1.0000014e-06
0.9718314,1.0,1.0000014e-06
0.9714196,1.0,1.0000014e-06
0.971288,1.0,1.0000014e-06
0.97117496,1.0,1.0000014e-06
0.97115093,1.0,1.0000014e-06
0.9711391,1.0,1.0000014e-06
0.97063076,1.0,1.0000014e-06
0.9702982,1.0,1.0000014e-06
0.9701845,1.0,1.0000012e-06
0.9700973,1.0,1.0000012e-06
0.9704468,1.0,1.0000012e-06
0.9699108,1.0,1.0000012e-06
0.9694992,1.0,1.0000012e-06
0.9697862,1.0,1.0000012e-06
0.9690872,1.0,1.0000012e-06
0.9691656,1.0,1.0000012e-06
0.9686274,1.0,1.0000012e-06
0.96902514,1.0,1.0000012e-06
0.9690846,1.0,1.0000012e-06
0.9688375,1.0,1.0000012e-06
0.96866995,1.0,1.0000011e-06
0.9678744,1.0,1.0000011e-06
0.9682178,1.0,1.0000011e-06
0.9681208,1.0,1.0000011e-06
0.9678899,1.0,1.0000011e-06
0.967636,1.0,1.0000011e-06
0.9675057,1.0,1.0000011e-06
0.9673624,1.0,1.0000011e-06
0.96726876,1.0,1.0000011e-06
0.96701056,1.0,1.0000011e-06
0.9667407,1.0,1.0000011e-06
0.9665785,1.0,1.0000011e-06
0.9664956,1.0,1.0000011e-06
0.9665295,1.0,1.0000011e-06
0.9658428,1.0,1.0000011e-06
0.96630573,1.0,1.000001e-06
0.9661115,1.0,1.000001e-06
0.96572727,1.0,1.000001e-06
0.9659076,1.0,1.000001e-06
0.96535426,1.0,1.000001e-06
0.9647354,1.0,1.000001e-06
0.96446764,1.0,1.000001e-06
0.9645997,1.0,1.000001e-06
0.9643623,1.0,1.000001e-06
0.9645626,1.0,1.000001e-06
0.9640103,1.0,1.000001e-06
0.96434903,1.0,1.000001e-06
0.9640442,1.0,1.000001e-06
0.96364206,1.0,1.000001e-06
0.96378165,1.0,1.000001e-06
0.9631609,1.0,1.000001e-06
0.9633694,1.0,1.000001e-06
0.9628324,1.0,1.000001e-06
0.9626682,1.0,1.000001e-06
0.9623464,1.0,1.000001e-06
0.96241885,1.0,1.000001e-06
0.9620117,1.0,1.000001e-06
0.962001,1.0,1.000001e-06
0.96207255,1.0,1.000001e-06
0.96164113,1.0,1.000001e-06
0.9616718,1.0,1.0000009e-06
0.9616787,1.0,1.0000009e-06
0.9607581,1.0,1.0000009e-06
0.96103716,1.0,1.0000009e-06
0.9611104,1.0,1.0000009e-06
0.96053404,1.0,1.0000009e-06
0.9600461,1.0,1.0000009e-06
0.9599013,1.0,1.0000009e-06
0.9599602,1.0,1.0000009e-06
0.9600897,1.0,1.0000009e-06
0.9596223,1.0,1.0000009e-06
0.9589449,1.0,1.0000009e-06
0.9590378,1.0,1.0000009e-06
0.9590095,1.0,1.0000009e-06
0.9587624,1.0,1.0000009e-06
0.95857954,1.0,1.0000009e-06
0.9585851,1.0,1.0000009e-06
0.9582327,1.0,1.0000009e-06
0.95796764,1.0,1.0000009e-06
0.9578292,1.0,1.0000009e-06
0.9575672,1.0,1.0000009e-06
0.9572348,1.0,1.0000009e-06
0.95729226,1.0,1.0000009e-06
0.95723677,1.0,1.0000009e-06
0.9569473,1.0,1.0000009e-06
0.95720476,1.0,1.0000009e-06
0.95663756,1.0,1.0000009e-06
0.95645815,1.0,1.0000009e-06
0.95686054,1.0,1.0000009e-06
0.95655257,1.0,1.0000009e-06
0.9563195,1.0,1.0000009e-06
0.9560726,1.0,1.0000009e-06
0.95561105,1.0,1.0000009e-06
0.95518374,1.0,1.0000009e-06
0.954438,1.0,1.0000009e-06
0.9541709,1.0,1.0000009e-06
0.95418483,1.0,1.0000009e-06
0.9536517,1.0,1.0000009e-06
0.9532224,1.0,1.0000009e-06
0.95290744,1.0,1.0000009e-06
0.9526497,1.0,1.0000009e-06
0.95270586,1.0,1.0000009e-06
0.9522573,1.0,1.0000009e-06
0.9522942,1.0,1.0000009e-06
0.9518416,1.0,1.0000009e-06
0.95153654,1.0,1.0000009e-06
0.9511575,1.0,1.0000009e-06
0.95102036,1.0,1.0000009e-06
0.95079225,1.0,1.0000009e-06
0.9504057,1.0,1.000001e-06
0.95041186,1.0,1.000001e-06
0.9506048,1.0,1.000001e-06
0.94982874,1.0,1.000001e-06
0.9498138,1.0,1.000001e-06
0.9492707,1.0,1.000001e-06
0.94955087,1.0,1.000001e-06
0.9493236,1.0,1.000001e-06
0.94900954,1.0,1.000001e-06
0.9487531,1.0,1.000001e-06
0.94842345,1.0,1.000001e-06
0.9479148,1.0,1.000001e-06
0.94705915,1.0,1.000001e-06
0.94690657,1.0,1.000001e-06
0.94687843,1.0,1.000001e-06
0.9460843,1.0,1.000001e-06
0.94587874,1.0,1.000001e-06
0.94548845,1.0,1.000001e-06
0.94518864,1.0,1.000001e-06
0.94498086,1.0,1.000001e-06
0.9445549,1.0,1.000001e-06
0.9440095,1.0,1.000001e-06
0.9443132,1.0,1.000001e-06
0.94401956,1.0,1.0000011e-06
0.943486,1.0,1.0000011e-06
0.9433101,1.0,1.0000011e-06
0.94305444,1.0,1.0000011e-06
0.9424354,1.0,1.0000011e-06
0.9420974,1.0,1.0000011e-06
0.9417428,1.0,1.0000011e-06
0.9411825,1.0,1.0000011e-06
0.9409903,1.0,1.0000011e-06
0.94059485,1.0,1.0000011e-06
0.9408599,1.0,1.0000011e-06
0.94011354,1.0,1.0000011e-06
0.9397545,1.0,1.0000011e-06
0.9398926,1.0,1.0000011e-06
0.93977046,1.0,1.0000012e-06
0.9391234,1.0,1.0000012e-06
0.9386351,1.0,1.0000012e-06
0.9385046,1.0,1.0000012e-06
0.938084,1.0,1.0000012e-06
0.93733615,1.0,1.0000012e-06
0.93715495,1.0,1.0000012e-06
0.9364202,1.0,1.0000012e-06
0.9365013,1.0,1.0000012e-06
0.9355584,1.0,1.0000012e-06
0.9349871,1.0,1.0000014e-06
0.9344992,1.0,1.0000014e-06
0.93461996,1.0,1.0000014e-06
0.93394125,1.0,1.0000014e-06
0.93321526,1.0,1.0000014e-06
0.93288803,1.0,1.0000014e-06
0.93227386,1.0,1.0000014e-06
0.93226165,1.0,1.0000014e-06
0.9314538,1.0,1.0000015e-06
0.9311364,1.0,1.0000015e-06
0.9299272,1.0,1.0000015e-06
0.9299428,1.0,1.0000015e-06
0.9297111,1.0,1.0000015e-06
0.92911136,1.0,1.0000015e-06
0.9284349,1.0,1.0000015e-06
0.9283107,1.0,1.0000016e-06
0.9278639,1.0,1.0000016e-06
0.9274706,1.0,1.0000016e-06
0.92684865,1.0,1.0000016e-06
0.9267864,1.0,1.0000016e-06
0.9258428,1.0,1.0000017e-06
0.9251742,1.0,1.0000017e-06
0.92482185,1.0,1.0000017e-06
0.9248344,1.0,1.0000017e-06
0.92356217,1.0,1.0000017e-06
0.92310226,1.0,1.0000018e-06
0.92207,1.0,1.0000018e-06
0.9219586,1.0,1.0000018e-06
0.9214765,1.0,1.0000018e-06
0.92086184,1.0,1.0000018e-06
0.9199924,1.0,1.0000019e-06
0.9198745,1.0,1.0000019e-06
0.9187009,1.0,1.0000019e-06
0.91838044,1.0,1.0000019e-06
0.917852,1.0,1.000002e-06
0.91736424,1.0,1.000002e-06
0.9170742,1.0,1.000002e-06
0.9163421,1.0,1.0000022e-06
0.9160193,1.0,1.0000022e-06
0.9151916,1.0,1.0000022e-06
0.914969,1.0,1.0000022e-06
0.9145115,1.0,1.0000023e-06
0.91389316,1.0,1.0000023e-06
0.9135355,1.0,1.0000023e-06
0.9128388,1.0,1.0000024e-06
0.91236025,1.0,1.0000024e-06
0.91208696,1.0,1.0000024e-06
0.9114931,1.0,1.0000025e-06
0.91133183,1.0,1.0000025e-06
0.91048324,1.0,1.0000025e-06
0.9103323,1.0,1.0000026e-06
0.9096399,1.0,1.0000026e-06
0.90900904,1.0,1.0000027e-06
0.9088654,1.0,1.0000027e-06
0.90809435,1.0,1.0000027e-06
0.9075219,1.0,1.0000028e-06
0.90674275,1.0,1.0000028e-06
0.9058408,1.0,1.000003e-06
0.9058055,1.0,1.000003e-06
0.904999,1.0,1.0000031e-06
0.9046322,1.0,1.0000031e-06
0.9043118,1.0,1.0000032e-06
0.9035021,1.0,1.0000032e-06
0.9029703,1.0,1.0000033e-06
0.9026672,1.0,1.0000033e-06
0.90208215,1.0,1.0000034e-06
0.90171134,1.0,1.0000034e-06
0.9010636,1.0,1.0000035e-06
0.90056735,1.0,1.0000035e-06
0.90024567,1.0,1.0000036e-06
0.899665,1.0,1.0000036e-06
0.89888805,1.0,1.0000037e-06
0.89851284,1.0,1.0000039e-06
0.89784896,1.0,1.0000039e-06
0.8976176,1.0,1.000004e-06
0.89725745,1.0,1.0000041e-06
0.89664644,1.0,1.0000041e-06
0.896425,1.0,1.0000042e-06
0.89569974,1.0,1.0000043e-06
0.89562523,1.0,1.0000044e-06
0.89516556,1.0,1.0000044e-06
0.8945962,1.0,1.0000045e-06
0.89386064,1.0,1.0000047e-06
0.89336926,1.0,1.0000048e-06
1.0,1.0,1.0000746e-06
1.0,1.0,1.0000745e-06
1.0,1.0,1.0000745e-06
1.0,1.0,1.0000745e-06
1.0,1.0,1.0000745e-06
1.0,1.0,1.0000743e-06
1.0,1.0,1.0000743e-06
1.0,1.0,1.0000743e-06
1.0,1.0,1.0000743e-06
1.0,1.0,1.0000742e-06
1.0,1.0,1.0000742e-06
1.0,1.0,1.0000741e-06
1.0,1.0,1.000074e-06
1.0,1.0,1.0000739e-06
1.0,1.0,1.0000739e-06
1.0,1.0,1.0000738e-06
1.0,1.0,1.0000737e-06
1.0,1.0,1.0000736e-06
1.0,1.0,1.0000733e-06
1.0,1.0,1.0000732e-06
1.0,1.0,1.0000731e-06
1.0,1.0,1.0000729e-06
1.0,1.0,1.0000728e-06
1.0,1.0,1.0000726e-06
1.0,1.0,1.0000724e-06
1.0,1.0,1.0000722e-06
1.0,1.0,1.000072e-06
1.0,1.0,1.0000718e-06
1.0,1.0,1.0000716e-06
1.0,1.0,1.0000714e-06
1.0,1.0,1.0000712e-06
1.0,1.0,1.0000708e-06
1.0,1.0,1.0000706e-06
1.0,1.0,1.0000704e-06
1.0,1.0,1.0000701e-06
1.0,1.0,1.0000698e-06
1.0,1.0,1.0000696e-06
1.0,1.0,1.0000692e-06
1.0,1.0,1.0000689e-06
1.0,1.0,1.0000687e-06
1.0,1.0,1.0000683e-06
1.0,1.0,1.000068e-06
1.0,1.0,1.0000676e-06
1.0,1.0,1.0000673e-06
1.0,1.0,1.000067e-06
1.0,1.0,1.0000665e-06
1.0,1.0,1.0000662e-06
1.0,1.0,1.0000658e-06
1.0,1.0,1.0000655e-06
1.0,1.0,1.000065e-06
1.0,1.0,1.0000647e-06
1.0,1.0,1.0000642e-06
1.0,1.0,1.0000638e-06
1.0,1.0,1.0000633e-06
1.0,1.0,1.0000629e-06
1.0,1.0,1.0000624e-06
1.0,1.0,1.000062e-06
1.0,1.0,1.0000615e-06
1.0,1.0,1.000061e-06
1.0,1.0,1.0000605e-06
1.0,1.0,1.00006e-06
1.0,1.0,1.0000596e-06
1.0,1.0,1.000059e-06
1.0,1.0,1.0000585e-06
1.0,1.0,1.000058e-06
1.0,1.0,1.0000575e-06
1.0,1.0,1.000057e-06
1.0,1.0,1.0000564e-06
1.0,1.0,1.0000559e-06
1.0,1.0,1.0000554e-06
1.0,1.0,1.0000548e-06
1.0,1.0,1.0000542e-06
1.0,1.0,1.0000537e-06
1.0,1.0,1.0000531e-06
1.0,1.0,1.0000525e-06
1.0,1.0,1.000052e-06
1.0,1.0,1.0000514e-06
1.0,1.0,1.0000508e-06
1.0,1.0,1.0000502e-06
1.0,1.0,1.0000496e-06
1.0,1.0,1.000049e-06
1.0,1.0,1.0000484e-06
1.0,1.0,1.0000479e-06
1.0,1.0,1.0000472e-06
1.0,1.0,1.0000466e-06
1.0,1.0,1.0000459e-06
1.0,1.0,1.0000454e-06
1.0,1.0,1.0000448e-06
1.0,1.0,1.0000441e-06
1.0,1.0,1.0000435e-06
1.0,1.0,1.0000429e-06
1.0,1.0,1.0000423e-06
1.0,1.0,1.0000416e-06
1.0,1.0,1.000041e-06
1.0,1.0,1.0000405e-06
1.0,1.0,1.0000398e-06
1.0,1.0,1.0000392e-06
1.0,1.0,1.0000385e-06
1.0,1.0,1.000038e-06
1.0,1.0,1.0000373e-06
1.0,1.0,1.0000367e-06
1.0,1.0,1.000036e-06
1.0,1.0,1.0000355e-06
1.0,1.0,1.0000349e-06
1.0,1.0,1.0000342e-06
1.0,1.0,1.0000336e-06
1.0,1.0,1.0000331e-06
1.0,1.0,1.0000324e-06
1.0,1.0,1.0000318e-06
1.0,1.0,1.0000313e-06
1.0,1.0,1.0000307e-06
1.0,1.0,1.0000301e-06
1.0,1.0,1.0000294e-06
1.0,1.0,1.0000289e-06
1.0,1.0,1.0000283e-06
1.0,1.0,1.0000277e-06
1.0,1.0,1.0000272e-06
1.0,1.0,1.0000266e-06
1.0,1.0,1.0000261e-06
1.0,1.0,1.0000256e-06
1.0,1.0,1.000025e-06
1.0,1.0,1.0000244e-06
1.0,1.0,1.000024e-06
1.0,1.0,1.0000234e-06
1.0,1.0,1.0000228e-06
1.0,1.0,1.0000224e-06
1.0,1.0,1.0000219e-06
1.0,1.0,1.0000214e-06
1.0,1.0,1.0000209e-06
1.0,1.0,1.0000205e-06
1.0,1.0,1.0000199e-06
1.0,1.0,1.0000194e-06
1.0,1.0,1.000019e-06
1.0,1.0,1.0000185e-06
1.0,1.0,1.0000181e-06
1.0,1.0,1.0000176e-06
1.0,1.0,1.0000173e-06
1.0,1.0,1.0000168e-06
1.0,1.0,1.0000164e-06
1.0,1.0,1.0000159e-06
1.0,1.0,1.0000156e-06
1.0,1.0,1.0000151e-06
1.0,1.0,1.0000148e-06
1.0,1.0,1.0000144e-06
1.0,1.0,1.000014e-06
1.0,1.0,1.0000136e-06
1.0,1.0,1.0000133e-06
1.0,1.0,1.000013e-06
1.0,1.0,1.0000126e-06
1.0,1.0,1.0000123e-06
1.0,1.0,1.0000119e-06
1.0,1.0,1.0000116e-06
1.0,1.0,1.0000113e-06
1.0,1.0,1.0000109e-06
1.0,1.0,1.0000107e-06
1.0,1.0,1.0000103e-06
1.0,1.0,1.0000101e-06
1.0,1.0,1.0000098e-06
1.0,1.0,1.0000095e-06
1.0,1.0,1.0000092e-06
1.0,1.0,1.000009e-06
1.0,1.0,1.0000088e-06
1.0,1.0,1.0000085e-06
1.0,1.0,1.0000083e-06
1.0,1.0,1.0000081e-06
1.0,1.0,1.0000077e-06
1.0,1.0,1.0000076e-06
1.0,1.0,1.0000074e-06
1.0,1.0,1.0000072e-06
1.0,1.0,1.0000069e-06
1.0,1.0,1.0000067e-06
1.0,1.0,1.0000065e-06
1.0,1.0,1.0000064e-06
1.0,1.0,1.0000061e-06
1.0,1.0,1.000006e-06
1.0,1.0,1.0000058e-06
1.0,1.0,1.0000057e-06
1.0,1.0,1.0000055e-06
0.99995863,1.0,1.0000053e-06
1.0,1.0,1.0000051e-06
1.0,1.0,1.000005e-06
1.0,1.0,1.0000049e-06
1.0,1.0,1.0000048e-06
1.0,1.0,1.0000045e-06
1.0,1.0,1.0000044e-06
1.0,1.0,1.0000043e-06
1.0,1.0,1.0000042e-06
0.9998699,1.0,1.0000041e-06
0.9996186,1.0,1.000004e-06
0.99957526,1.0,1.0000039e-06
0.999547,1.0,1.0000037e-06
0.9994948,1.0,1.0000036e-06
0.99944735,1.0,1.0000035e-06
0.99938256,1.0,1.0000034e-06
0.99931145,1.0,1.0000033e-06
0.99926853,1.0,1.0000033e-06
0.999264,1.0,1.0000032e-06
0.9991814,1.0,1.0000031e-06
0.99925345,1.0,1.000003e-06
0.9992132,1.0,1.000003e-06
0.9992802,1.0,1.0000028e-06
0.9994159,1.0,1.0000027e-06
0.9994143,1.0,1.0000027e-06
0.9992752,1.0,1.0000026e-06
0.99905205,1.0,1.0000025e-06
0.9988829,1.0,1.0000025e-06
0.9987999,1.0,1.0000024e-06
0.99880046,1.0,1.0000024e-06
0.9989362,1.0,1.0000023e-06
0.99904317,1.0,1.0000023e-06
0.99916977,1.0,1.0000022e-06
0.9991108,1.0,1.0000022e-06
0.9991124,1.0,1.000002e-06
0.99904114,1.0,1.000002e-06
0.99898726,1.0,1.0000019e-06
0.9988757,1.0,1.0000019e-06
0.9985253,1.0,1.0000018e-06
0.99839294,1.0,1.0000018e-06
0.99832004,1.0,1.0000018e-06
0.9982886,1.0,1.0000017e-06
0.9982064,1.0,1.0000017e-06
0.99815667,1.0,1.0000017e-06
0.9980798,1.0,1.0000016e-06
0.9980379,1.0,1.0000016e-06
0.99797285,1.0,1.0000016e-06
0.99795634,1.0,1.0000015e-06
0.99792475,1.0,1.0000015e-06
0.9978728,1.0,1.0000015e-06
0.99788773,1.0,1.0000015e-06
0.9980002,1.0,1.0000014e-06
0.9980214,1.0,1.0000014e-06
0.9979094,1.0,1.0000014e-06
0.99772626,1.0,1.0000014e-06
0.99762547,1.0,1.0000014e-06
0.99761605,1.0,1.0000012e-06
0.9975118,1.0,1.0000012e-06
0.99758,1.0,1.0000012e-06
0.9977098,1.0,1.0000012e-06
0.9978173,1.0,1.0000012e-06
0.9978903,1.0,1.0000011e-06
0.9979063,1.0,1.0000011e-06
0.99793166,1.0,1.0000011e-06
0.9978882,1.0,1.0000011e-06
0.9978934,1.0,1.0000011e-06
0.99758816,1.0,1.0000011e-06
0.9972411,1.0,1.0000011e-06
0.99711704,1.0,1.0000011e-06
0.99703616,1.0,1.000001e-06
0.99697405,1.0,1.000001e-06
0.99691045,1.0,1.000001e-06
0.99684554,1.0,1.000001e-06
0.99681777,1.0,1.000001e-06
0.9967589,1.0,1.000001e-06
0.996744,1.0,1.000001e-06
0.9966825,1.0,1.000001e-06
0.99668443,1.0,1.000001e-06
0.9966077,1.0,1.000001e-06
0.99658495,1.0,1.000001e-06
0.9965772,1.0,1.000001e-06
0.9964344,1.0,1.000001e-06
0.99640507,1.0,1.000001e-06
0.9963349,1.0,1.0000009e-06
0.99628454,1.0,1.0000009e-06
0.9962386,1.0,1.0000009e-06
0.996239,1.0,1.0000009e-06
0.99624425,1.0,1.0000009e-06
0.9963049,1.0,1.0000009e-06
0.9963052,1.0,1.0000009e-06
0.9963128,1.0,1.0000009e-06
0.9963019,1.0,1.0000009e-06
0.9962152,1.0,1.0000009e-06
0.99625677,1.0,1.0000009e-06
0.99604064,1.0,1.0000009e-06
0.9957365,1.0,1.0000009e-06
0.9957139,1.0,1.0000009e-06
0.99562865,1.0,1.0000009e-06
0.9955916,1.0,1.0000009e-06
0.99555624,1.0,1.0000009e-06
0.99549246,1.0,1.0000009e-06
0.99545956,1.0,1.000001e-06
0.9953695,1.0,1.000001e-06
0.9953048,1.0,1.000001e-06
0.99523073,1.0,1.000001e-06
0.99514437,1.0,1.000001e-06
0.9951408,1.0,1.000001e-06
0.9961886,1.0,1.000001e-06
0.99658227,1.0,1.000001e-06
0.9966978,1.0,1.000001e-06
0.9966825,1.0,1.000001e-06
0.99658453,1.0,1.000001e-06
0.99652964,1.0,1.000001e-06
0.9964749,1.0,1.000001e-06
0.99653226,1.0,1.000001e-06
0.9967635,1.0,1.0000011e-06
0.99692714,1.0,1.0000011e-06
0.99705523,1.0,1.0000011e-06
0.99715704,1.0,1.0000011e-06
0.9972512,1.0,1.0000011e-06
0.9972276,1.0,1.0000011e-06
0.99715894,1.0,1.0000011e-06
0.99711984,1.0,1.0000011e-06
0.99677485,1.0,1.0000012e-06
0.9964483,1.0,1.0000012e-06
0.996218,1.0,1.0000012e-06
0.99602085,1.0,1.0000012e-06
0.9959041,1.0,1.0000012e-06
0.9957973,1.0,1.0000012e-06
0.99570316,1.0,1.0000014e-06
0.99569666,1.0,1.0000014e-06
0.99557555,1.0,1.0000014e-06
0.9955552,1.0,1.0000014e-06
0.99549085,1.0,1.0000014e-06
0.99543244,1.0,1.0000015e-06
0.9953494,1.0,1.0000015e-06
0.9954101,1.0,1.0000015e-06
0.9954669,1.0,1.0000015e-06
0.9953742,1.0,1.0000016e-06
0.9952517,1.0,1.0000016e-06
0.99514025,1.0,1.0000016e-06
0.9950159,1.0,1.0000016e-06
0.99493414,1.0,1.0000017e-06
0.9950405,1.0,1.0000017e-06
0.9952266,1.0,1.0000017e-06
0.99522436,1.0,1.0000018e-06
0.9953824,1.0,1.0000018e-06
0.9953809,1.0,1.0000018e-06
0.9953945,1.0,1.0000019e-06
0.9953914,1.0,1.0000019e-06
0.99540377,1.0,1.0000019e-06
0.9951747,1.0,1.000002e-06
0.99489075,1.0,1.000002e-06
0.9946547,1.0,1.000002e-06
0.9944599,1.0,1.0000022e-06
0.9943261,1.0,1.0000022e-06
0.99420786,1.0,1.0000023e-06
0.99414474,1.0,1.0000023e-06
0.99406743,1.0,1.0000023e-06
0.99402153,1.0,1.0000024e-06
0.9939714,1.0,1.0000024e-06
0.9939354,1.0,1.0000025e-06
0.9938732,1.0,1.0000025e-06
0.9938335,1.0,1.0000026e-06
0.9938777,1.0,1.0000026e-06
0.9939356,1.0,1.0000027e-06
0.9938645,1.0,1.0000027e-06
0.9937422,1.0,1.0000028e-06
0.9935823,1.0,1.0000028e-06
0.99343807,1.0,1.000003e-06
0.99332416,1.0,1.000003e-06
0.9933533,1.0,1.0000031e-06
0.993504,1.0,1.0000031e-06
0.9936063,1.0,1.0000032e-06
0.9937148,1.0,1.0000032e-06
0.99375236,1.0,1.0000033e-06
0.9937616,1.0,1.0000033e-06
0.99364114,1.0,1.0000034e-06
0.99367964,1.0,1.0000035e-06
0.9936242,1.0,1.0000035e-06
0.99329937,1.0,1.0000036e-06
0.9930361,1.0,1.0000036e-06
0.99283665,1.0,1.0000037e-06
0.99269485,1.0,1.0000039e-06
0.99259204,1.0,1.0000039e-06
0.9924946,1.0,1.000004e-06
0.99241054,1.0,1.0000041e-06
0.9923411,1.0,1.0000041e-06
0.9922938,1.0,1.0000042e-06
0.9922402,1.0,1.0000042e-06
0.99220395,1.0,1.0000043e-06
0.9921492,1.0,1.0000044e-06
0.9921628,1.0,1.0000044e-06
0.9922361,1.0,1.0000045e-06
0.99223,1.0,1.0000047e-06
0.99210685,1.0,1.0000047e-06
0.99193895,1.0,1.0000048e-06
0.9917922,1.0,1.0000049e-06
0.9916303,1.0,1.0000049e-06
0.99156016,1.0,1.000005e-06
0.99053425,1.0,1.000005e-06
0.99180526,1.0,1.0000051e-06
0.9919067,1.0,1.0000052e-06
0.9919571,1.0,1.0000052e-06
0.99195457,1.0,1.0000053e-06
0.99194735,1.0,1.0000055e-06
0.9918498,1.0,1.0000055e-06
0.99177223,1.0,1.0000056e-06
0.9915203,1.0,1.0000056e-06
0.9912368,1.0,1.0000057e-06
0.99102676,1.0,1.0000058e-06
0.9908304,1.0,1.0000058e-06
0.99070215,1.0,1.0000059e-06
0.9906321,1.0,1.0000059e-06
0.9905539,1.0,1.000006e-06
0.9904868,1.0,1.000006e-06
0.9904101,1.0,1.0000061e-06
0.99033874,1.0,1.0000061e-06
0.9903032,1.0,1.0000063e-06
0.990249,1.0,1.0000063e-06
0.9901816,1.0,1.0000064e-06
0.9902094,1.0,1.0000064e-06
0.9902806,1.0,1.0000065e-06
0.99019295,1.0,1.0000065e-06
0.98998445,1.0,1.0000066e-06
0.9898669,1.0,1.0000066e-06
0.98976445,1.0,1.0000066e-06
0.9896485,1.0,1.0000067e-06
0.9896393,1.0,1.0000067e-06
0.9897578,1.0,1.0000068e-06
0.9897894,1.0,1.0000068e-06
0.9897835,1.0,1.0000068e-06
0.98979086,1.0,1.0000069e-06
0.98977107,1.0,1.0000069e-06
0.98972076,1.0,1.0000069e-06
0.9896246,1.0,1.0000069e-06
0.9895544,1.0,1.000007e-06
0.98909307,1.0,1.000007e-06
0.9890652,1.0,1.000007e-06
0.9888785,1.0,1.000007e-06
0.9887758,1.0,1.0000072e-06
0.98865515,1.0,1.0000072e-06
0.9885611,1.0,1.0000072e-06
0.9884971,1.0,1.0000072e-06
0.98839176,1.0,1.0000072e-06
0.98828304,1.0,1.0000072e-06
0.9882182,1.0,1.0000072e-06
0.98813236,1.0,1.0000072e-06
0.98804736,1.0,1.0000072e-06
0.9879619,1.0,1.0000072e-06
0.9879022,1.0,1.0000072e-06
0.9878342,1.0,1.0000072e-06
0.9877477,1.0,1.0000072e-06
0.98764074,1.0,1.0000072e-06
0.9875436,1.0,1.0000072e-06
0.9874745,1.0,1.0000072e-06
0.98738676,1.0,1.0000072e-06
0.9875573,1.0,1.0000072e-06
0.9877292,1.0,1.0000072e-06
0.9878471,1.0,1.0000072e-06
0.98791134,1.0,1.0000072e-06
0.9878262,1.0,1.0000072e-06
0.98793054,1.0,1.000007e-06
0.9878904,1.0,1.000007e-06
0.9877738,1.0,1.000007e-06
0.9875937,1.0,1.000007e-06
0.9872222,1.0,1.000007e-06
0.98693305,1.0,1.0000069e-06
0.98670125,1.0,1.0000069e-06
0.9865462,1.0,1.0000069e-06
0.9864439,1.0,1.0000069e-06
0.9863076,1.0,1.0000069e-06
0.9847646,1.0,1.0000068e-06
0.98460954,1.0,1.0000068e-06
0.98339385,1.0,1.0000068e-06
0.9821182,1.0,1.0000067e-06
0.98414177,1.0,1.0000067e-06
0.9834922,1.0,1.0000067e-06
0.98392344,1.0,1.0000066e-06
0.9837655,1.0,1.0000066e-06
0.9836308,1.0,1.0000066e-06
0.9836008,1.0,1.0000065e-06
0.9835036,1.0,1.0000065e-06
0.9834365,1.0,1.0000064e-06
0.9827378,1.0,1.0000064e-06
0.98313195,1.0,1.0000064e-06
0.98318774,1.0,1.0000063e-06
0.9832613,1.0,1.0000063e-06
0.983247,1.0,1.0000061e-06
0.9832302,1.0,1.0000061e-06
0.98323494,1.0,1.000006e-06
0.98314506,1.0,1.000006e-06
0.98316073,1.0,1.000006e-06
0.98314625,1.0,1.0000059e-06
0.9827819,1.0,1.0000059e-06
0.98245615,1.0,1.0000058e-06
0.982169,1.0,1.0000058e-06
0.9820115,1.0,1.0000057e-06
0.9819045,1.0,1.0000057e-06
0.9817877,1.0,1.0000057e-06
0.9816708,1.0,1.0000056e-06
0.98154855,1.0,1.0000056e-06
0.9814392,1.0,1.0000055e-06
0.9813494,1.0,1.0000055e-06
0.98126674,1.0,1.0000053e-06
0.9811819,1.0,1.0000053e-06
0.98111135,1.0,1.0000052e-06
0.98108655,1.0,1.0000052e-06
0.9810279,1.0,1.0000052e-06
0.98085296,1.0,1.0000051e-06
0.98064286,1.0,1.0000051e-06
0.9801743,1.0,1.000005e-06
0.980344,1.0,1.000005e-06
0.9802373,1.0,1.0000049e-06
0.98022455,1.0,1.0000049e-06
0.98027277,1.0,1.0000048e-06
0.98029363,1.0,1.0000048e-06
0.9802346,1.0,1.0000047e-06
0.9801676,1.0,1.0000047e-06
0.9800707,1.0,1.0000047e-06
0.97989637,1.0,1.0000045e-06
0.9797738,1.0,1.0000045e-06
0.97960067,1.0,1.0000044e-06
0.9792405,1.0,1.0000044e-06
0.979076,1.0,1.0000044e-06
0.9788282,1.0,1.0000043e-06
0.9787953,1.0,1.0000043e-06
0.97866595,1.0,1.0000042e-06
0.9785572,1.0,1.0000042e-06
0.97840846,1.0,1.0000042e-06
0.9782811,1.0,1.0000041e-06
0.9781317,1.0,1.0000041e-06
0.97799146,1.0,1.000004e-06
0.97790056,1.0,1.000004e-06
0.97773045,1.0,1.000004e-06
0.97760475,1.0,1.0000039e-06
0.9775811,1.0,1.0000039e-06
0.9773474,1.0,1.0000039e-06
0.97724277,1.0,1.0000037e-06
0.97703487,1.0,1.0000037e-06
0.9768254,1.0,1.0000036e-06
0.97675115,1.0,1.0000036e-06
0.9765663,1.0,1.0000036e-06
0.9765876,1.0,1.0000035e-06
0.9766869,1.0,1.0000035e-06
0.97667336,1.0,1.0000035e-06
0.9766869,1.0,1.0000034e-06
0.9765727,1.0,1.0000034e-06
0.97626793,1.0,1.0000034e-06
0.97634774,1.0,1.0000033e-06
0.9762566,1.0,1.0000033e-06
0.9758698,1.0,1.0000033e-06
0.975361,1.0,1.0000032e-06
0.9751109,1.0,1.0000032e-06
0.9749633,1.0,1.0000032e-06
0.9748182,1.0,1.0000032e-06
0.97460055,1.0,1.0000031e-06
0.97444195,1.0,1.0000031e-06
0.97430927,1.0,1.0000031e-06
0.9741717,1.0,1.000003e-06
0.9740168,1.0,1.000003e-06
0.97361994,1.0,1.000003e-06
0.9736716,1.0,1.0000028e-06
0.973541,1.0,1.0000028e-06
0.97318995,1.0,1.0000028e-06
0.9732653,1.0,1.0000028e-06
0.9731233,1.0,1.0000027e-06
0.972898,1.0,1.0000027e-06
0.9725122,1.0,1.0000027e-06
0.97246665,1.0,1.0000027e-06
0.9723346,1.0,1.0000026e-06
0.97223294,1.0,1.0000026e-06
0.9722305,1.0,1.0000026e-06
0.97211313,1.0,1.0000026e-06
0.97214836,1.0,1.0000025e-06
0.97189,1.0,1.0000025e-06
0.97187686,1.0,1.0000025e-06
0.9717032,1.0,1.0000025e-06
0.9711697,1.0,1.0000024e-06
0.97094816,1.0,1.0000024e-06
0.9708352,1.0,1.0000024e-06
0.9705235,1.0,1.0000024e-06
0.9703178,1.0,1.0000023e-06
0.96980536,1.0,1.0000023e-06
0.9698996,1.0,1.0000023e-06
0.969554,1.0,1.0000023e-06
0.96955323,1.0,1.0000023e-06
0.9694292,1.0,1.0000022e-06
0.96910626,1.0,1.0000022e-06
0.96882135,1.0,1.0000022e-06
0.96849895,1.0,1.0000022e-06
0.9685518,1.0,1.0000022e-06
0.9679624,1.0,1.000002e-06
0.9681511,1.0,1.000002e-06
0.9672566,1.0,1.000002e-06
0.96746975,1.0,1.000002e-06
0.96757454,1.0,1.000002e-06
0.9673883,1.0,1.0000019e-06
0.9671477,1.0,1.0000019e-06
0.96666396,1.0,1.0000019e-06
0.966719,1.0,1.0000019e-06
0.9661635,1.0,1.0000019e-06
0.9662967,1.0,1.0000019e-06
0.96606994,1.0,1.0000018e-06
0.96590483,1.0,1.0000018e-06
0.9656178,1.0,1.0000018e-06
0.96538293,1.0,1.0000018e-06
0.9648453,1.0,1.0000018e-06
0.9645028,1.0,1.0000018e-06
0.96461046,1.0,1.0000017e-06
0.96444124,1.0,1.0000017e-06
0.9637891,1.0,1.0000017e-06
0.9636732,1.0,1.0000017e-06
0.9634869,1.0,1.0000017e-06
0.963196,1.0,1.0000017e-06
0.9627347,1.0,1.0000017e-06
0.9624924,1.0,1.0000016e-06
0.9622493,1.0,1.0000016e-06
0.96235096,1.0,1.0000016e-06
0.9622943,1.0,1.0000016e-06
0.96204525,1.0,1.0000016e-06
0.9615517,1.0,1.0000016e-06
0.96117073,1.0,1.0000016e-06
0.96057457,1.0,1.0000015e-06
0.9609064,1.0,1.0000015e-06
0.96025,1.0,1.0000015e-06
0.9602608,1.0,1.0000015e-06
0.96003276,1.0,1.0000015e-06
0.9596431,1.0,1.0000015e-06
0.9592015,1.0,1.0000015e-06
0.95864284,1.0,1.0000015e-06
0.9588287,1.0,1.0000015e-06
0.9584473,1.0,1.0000014e-06
0.95806485,1.0,1.0000014e-06
0.95765734,1.0,1.0000014e-06
0.9574146,1.0,1.0000014e-06
0.9571417,1.0,1.0000014e-06
0.9567969,1.0,1.0000014e-06
0.9562751,1.0,1.0000014e-06
0.95621276,1.0,1.0000014e-06
0.95554876,1.0,1.0000014e-06
0.95557624,1.0,1.0000012e-06
0.9548702,1.0,1.0000012e-06
0.9548759,1.0,1.0000012e-06
0.9542241,1.0,1.0000012e-06
0.95437735,1.0,1.0000012e-06
0.9541462,1.0,1.0000012e-06
0.9534813,1.0,1.0000012e-06
0.95333713,1.0,1.0000012e-06
0.9523674,1.0,1.0000012e-06
0.9524637,1.0,1.0000012e-06
0.95167786,1.0,1.0000012e-06
0.9517349,1.0,1.0000012e-06
0.95117736,1.0,1.0000011e-06
0.95056844,1.0,1.0000011e-06
0.95027494,1.0,1.0000011e-06
0.9487319,1.0,1.0000011e-06
0.949749,1.0,1.0000011e-06
0.9489493,1.0,1.0000011e-06
0.94855887,1.0,1.0000011e-06
0.94794977,1.0,1.0000011e-06
0.9480261,1.0,1.0000011e-06
0.94755834,1.0,1.0000011e-06
0.9468527,1.0,1.0000011e-06
0.9466925,1.0,1.0000011e-06
0.9456174,1.0,1.0000011e-06
0.9455978,1.0,1.0000011e-06
0.9448668,1.0,1.0000011e-06
0.9442808,1.0,1.000001e-06
0.94389,1.0,1.000001e-06
0.9436387,1.0,1.000001e-06
0.94277906,1.0,1.000001e-06
0.94214845,1.0,1.000001e-06
0.9414522,1.0,1.000001e-06
0.94139,1.0,1.000001e-06
0.9409061,1.0,1.000001e-06
0.93990034,1.0,1.000001e-06
0.9395263,1.0,1.000001e-06
0.93868935,1.0,1.000001e-06
0.9381775,1.0,1.000001e-06
0.93765044,1.0,1.000001e-06
0.93698597,1.0,1.000001e-06
0.9363223,1.0,1.000001e-06
0.93589675,1.0,1.000001e-06
0.93571407,1.0,1.000001e-06
0.9347148,1.0,1.000001e-06
0.9339234,1.0,1.000001e-06
0.9334349,1.0,1.000001e-06
0.9327236,1.0,1.000001e-06
0.9322909,1.0,1.000001e-06
0.93155056,1.0,1.000001e-06
0.93110514,1.0,1.0000009e-06
0.93054074,1.0,1.0000009e-06
0.92990273,1.0,1.0000009e-06
0.92907465,1.0,1.0000009e-06
0.9286568,1.0,1.0000009e-06
0.9277427,1.0,1.0000009e-06
0.92668957,1.0,1.0000009e-06
0.9264724,1.0,1.0000009e-06
0.92559767,1.0,1.0000009e-06
0.92346174,1.0,1.0000009e-06
0.92396015,1.0,1.0000009e-06
0.9230986,1.0,1.0000009e-06
0.92246455,1.0,1.0000009e-06
0.92183816,1.0,1.0000009e-06
0.92151374,1.0,1.0000009e-06
0.9209259,1.0,1.0000009e-06
0.9203549,1.0,1.0000009e-06
0.9194337,1.0,1.0000009e-06
0.91860265,1.0,1.0000009e-06
0.91810846,1.0,1.0000009e-06
0.91719425,1.0,1.0000009e-06
0.9164717,1.0,1.0000009e-06
0.9156475,1.0,1.0000009e-06
0.91518223,1.0,1.0000009e-06
0.91430265,1.0,1.0000009e-06
0.91300607,1.0,1.0000009e-06
0.9124397,1.0,1.0000009e-06
0.91179365,1.0,1.0000009e-06
0.91124123,1.0,1.0000009e-06
0.91027063,1.0,1.0000009e-06
0.9095464,1.0,1.0000009e-06
0.9092689,1.0,1.0000009e-06
0.90833426,1.0,1.0000009e-06
0.9077536,1.0,1.0000009e-06
0.9068716,1.0,1.0000009e-06
0.9059849,1.0,1.0000009e-06
0.9051279,1.0,1.0000009e-06
0.9045486,1.0,1.0000009e-06
0.9036687,1.0,1.0000009e-06
0.9026948,1.0,1.0000009e-06
0.9018576,1.0,1.0000009e-06
0.90059835,1.0,1.0000009e-06
0.900016,1.0,1.0000009e-06
0.89903265,1.0,1.0000009e-06
0.89805317,1.0,1.0000009e-06
0.89714026,1.0,1.0000009e-06
0.89667714,1.0,1.0000009e-06
0.8956104,1.0,1.0000009e-06
0.89490026,1.0,1.0000009e-06
0.8940727,1.0,1.0000009e-06
0.8932084,1.0,1.0000009e-06
0.8926463,1.0,1.0000009e-06
0.8918983,1.0,1.0000009e-06
0.8903691,1.0,1.0000009e-06
0.89021033,1.0,1.000001e-06
0.8895085,1.0,1.000001e-06
0.8885516,1.0,1.000001e-06
0.88790506,1.0,1.000001e-06
0.8871198,1.0,1.000001e-06
0.8861569,1.0,1.000001e-06
0.88573,1.0,1.000001e-06
0.8848248,1.0,1.000001e-06
0.8843193,1.0,1.000001e-06
0.8834715,1.0,1.000001e-06
0.8826521,1.0,1.000001e-06
0.8819978,1.0,1.000001e-06
0.8808957,1.0,1.000001e-06
0.8802301,1.0,1.000001e-06
0.879476,1.0,1.000001e-06
0.8787129,1.0,1.000001e-06
0.8778298,1.0,1.000001e-06
0.8767522,1.0,1.000001e-06
0.8761392,1.0,1.000001e-06
0.87502337,1.0,1.000001e-06
0.874282,1.0,1.000001e-06
0.87346786,1.0,1.0000011e-06
0.8726922,1.0,1.0000011e-06
0.8719525,1.0,1.0000011e-06
0.87086916,1.0,1.0000011e-06
0.8703333,1.0,1.0000011e-06
0.86940736,1.0,1.0000011e-06
0.8685642,1.0,1.0000011e-06
0.86769366,1.0,1.0000011e-06
0.86703134,1.0,1.0000011e-06
0.8662739,1.0,1.0000011e-06
0.8652974,1.0,1.0000011e-06
0.8645519,1.0,1.0000011e-06
0.86361945,1.0,1.0000011e-06
0.8630323,1.0,1.0000011e-06
0.86195755,1.0,1.0000011e-06
0.86114305,1.0,1.0000012e-06
0.86017686,1.0,1.0000012e-06
0.85968524,1.0,1.0000012e-06
0.8590003,1.0,1.0000012e-06
0.8584118,1.0,1.0000012e-06
0.8574279,1.0,1.0000012e-06
0.856869,1.0,1.0000012e-06
0.85578674,1.0,1.0000012e-06
0.85505986,1.0,1.0000012e-06
0.85441166,1.0,1.0000012e-06
0.85342914,1.0,1.0000014e-06
0.85342914,1.0,1.0000014e-06
0.85342914,1.0,1.0000014e-06
0.85342914,1.0,1.0000014e-06
0.85342914,1.0,1.0000014e-06
0.85342914,1.0,1.0000014e-06
0.85342914,1.0,1.0000014e-06
0.85342914,1.0,1.0000015e-06
0.85342914,1.0,1.0000015e-06
0.85342914,1.0,1.0000015e-06
0.85342914,1.0,1.0000015e-06
0.85342914,1.0,1.0000015e-06
0.85342914,1.0,1.0000015e-06
0.85342914,1.0,1.0000015e-06
0.85342914,1.0,1.0000016e-06
0.85342914,1.0,1.0000016e-06
0.85342914,1.0,1.0000016e-06
0.85342914,1.0,1.0000016e-06
0.85342914,1.0,1.0000016e-06
0.85342914,1.0,1.0000016e-06
0.85342914,1.0,1.0000017e-06
0.85342914,1.0,1.0000017e-06
0.85342914,1.0,1.0000017e-06
0.85342914,1.0,1.0000017e-06
0.85342914,1.0,1.0000017e-06
0.85342914,1.0,1.0000018e-06
0.85342914,1.0,1.0000018e-06
0.85342914,1.0,1.0000018e-06
0.85342914,1.0,1.0000018e-06
0.85342914,1.0,1.0000018e-06
0.85342914,1.0,1.0000019e-06
0.85342914,1.0,1.0000019e-06
0.85342914,1.0,1.0000019e-06
0.85342914,1.0,1.0000019e-06
0.85342914,1.0,1.000002e-06
0.85342914,1.0,1.000002e-06
1.0,1.0,1.0000746e-06
1.0,1.0,1.0000746e-06
1.0,1.0,1.0000746e-06
1.0,1.0,1.0000746e-06
1.0,1.0,1.0000746e-06
1.0,1.0,1.0000745e-06
1.0,1.0,1.0000745e-06
1.0,1.0,1.0000745e-06
1.0,1.0,1.0000743e-06
1.0,1.0,1.0000743e-06
1.0,1.0,1.0000742e-06
1.0,1.0,1.0000741e-06
1.0,1.0,1.0000741e-06
1.0,1.0,1.000074e-06
1.0,1.0,1.0000739e-06
1.0,1.0,1.0000738e-06
1.0,1.0,1.0000737e-06
1.0,1.0,1.0000736e-06
1.0,1.0,1.0000734e-06
1.0,1.0,1.0000733e-06
1.0,1.0,1.0000731e-06
1.0,1.0,1.000073e-06
1.0,1.0,1.0000728e-06
1.0,1.0,1.0000726e-06
1.0,1.0,1.0000724e-06
1.0,1.0,1.0000723e-06
1.0,1.0,1.0000721e-06
1.0,1.0,1.0000718e-06
1.0,1.0,1.0000716e-06
1.0,1.0,1.0000714e-06
1.0,1.0,1.0000712e-06
1.0,1.0,1.0000709e-06
1.0,1.0,1.0000707e-06
1.0,1.0,1.0000704e-06
1.0,1.0,1.0000701e-06
1.0,1.0,1.0000698e-06
1.0,1.0,1.0000696e-06
1.0,1.0,1.0000692e-06
1.0,1.0,1.000069e-06
1.0,1.0,1.0000687e-06
1.0,1.0,1.0000683e-06
1.0,1.0,1.000068e-06
1.0,1.0,1.0000676e-06
1.0,1.0,1.0000673e-06
1.0,1.0,1.000067e-06
1.0,1.0,1.0000666e-06
1.0,1.0,1.0000662e-06
1.0,1.0,1.0000658e-06
1.0,1.0,1.0000655e-06
1.0,1.0,1.000065e-06
1.0,1.0,1.0000646e-06
1.0,1.0,1.0000642e-06
1.0,1.0,1.0000638e-06
1.0,1.0,1.0000633e-06
1.0,1.0,1.0000629e-06
1.0,1.0,1.0000624e-06
1.0,1.0,1.000062e-06
1.0,1.0,1.0000615e-06
1.0,1.0,1.000061e-06
1.0,1.0,1.0000606e-06
1.0,1.0,1.00006e-06
1.0,1.0,1.0000596e-06
1.0,1.0,1.0000591e-06
1.0,1.0,1.0000585e-06
1.0,1.0,1.0000581e-06
1.0,1.0,1.0000575e-06
1.0,1.0,1.000057e-06
1.0,1.0,1.0000565e-06
1.0,1.0,1.0000559e-06
1.0,1.0,1.0000554e-06
1.0,1.0,1.0000548e-06
1.0,1.0,1.0000542e-06
1.0,1.0,1.0000537e-06
1.0,1.0,1.0000531e-06
1.0,1.0,1.0000525e-06
1.0,1.0,1.000052e-06
1.0,1.0,1.0000514e-06
1.0,1.0,1.0000508e-06
1.0,1.0,1.0000502e-06
1.0,1.0,1.0000497e-06
0.9999991,1.0,1.0000491e-06
0.9999632,1.0,1.0000484e-06
0.9999357,1.0,1.0000479e-06
0.99980086,1.0,1.0000473e-06
0.9998489,1.0,1.0000466e-06
0.99991065,1.0,1.000046e-06
0.99967146,1.0,1.0000454e-06
0.99968344,1.0,1.0000448e-06
0.9997462,1.0,1.0000442e-06
0.9997738,1.0,1.0000435e-06
0.9998132,1.0,1.000043e-06
0.99985534,1.0,1.0000423e-06
0.9999268,1.0,1.0000417e-06
0.9998704,1.0,1.000041e-06
0.99982655,1.0,1.0000405e-06
0.9998618,1.0,1.0000398e-06
0.9999546,1.0,1.0000392e-06
0.99982554,1.0,1.0000385e-06
0.9998573,1.0,1.000038e-06
0.9997868,1.0,1.0000373e-06
0.9997781,1.0,1.0000367e-06
0.9996873,1.0,1.0000361e-06
0.999709,1.0,1.0000355e-06
0.9996545,1.0,1.0000349e-06
0.99962366,1.0,1.0000343e-06
0.99952257,1.0,1.0000336e-06
0.9992882,1.0,1.0000331e-06
0.99924564,1.0,1.0000325e-06
0.9991381,1.0,1.0000318e-06
0.9991871,1.0,1.0000313e-06
0.999052,1.0,1.0000307e-06
0.99898845,1.0,1.0000301e-06
0.99912834,1.0,1.0000296e-06
0.9989838,1.0,1.000029e-06
0.99882346,1.0,1.0000284e-06
0.9987327,1.0,1.0000279e-06
0.99881667,1.0,1.0000273e-06
0.9986779,1.0,1.0000267e-06
0.99890256,1.0,1.0000261e-06
0.9989055,1.0,1.0000256e-06
0.9987242,1.0,1.000025e-06
0.998797,1.0,1.0000244e-06
0.99879855,1.0,1.000024e-06
0.998727,1.0,1.0000234e-06
0.998616,1.0,1.000023e-06
0.99862176,1.0,1.0000224e-06
0.9985578,1.0,1.0000219e-06
0.99842244,1.0,1.0000214e-06
0.9984979,1.0,1.0000209e-06
0.9984407,1.0,1.0000205e-06
0.99838823,1.0,1.0000199e-06
0.99836415,1.0,1.0000194e-06
0.998289,1.0,1.000019e-06
0.99846745,1.0,1.0000185e-06
0.998312,1.0,1.0000181e-06
0.99805665,1.0,1.0000176e-06
0.998047,1.0,1.0000173e-06
0.9980106,1.0,1.0000168e-06
0.99819165,1.0,1.0000164e-06
0.9979877,1.0,1.000016e-06
0.9979741,1.0,1.0000156e-06
0.99786776,1.0,1.0000151e-06
0.9977816,1.0,1.0000148e-06
0.99782735,1.0,1.0000144e-06
0.99768835,1.0,1.000014e-06
0.9975595,1.0,1.0000136e-06
0.99759525,1.0,1.0000133e-06
0.9974681,1.0,1.000013e-06
0.9975079,1.0,1.0000126e-06
0.997406,1.0,1.0000123e-06
0.9974523,1.0,1.0000119e-06
0.99737936,1.0,1.0000116e-06
0.9974366,1.0,1.0000113e-06
0.9975699,1.0,1.0000109e-06
0.9975172,1.0,1.0000107e-06
0.997468,1.0,1.0000103e-06
0.9974375,1.0,1.0000101e-06
0.99749404,1.0,1.0000098e-06
0.99736935,1.0,1.0000095e-06
0.9974461,1.0,1.0000092e-06
0.9974428,1.0,1.000009e-06
0.99735266,1.0,1.0000088e-06
0.997227,1.0,1.0000085e-06
0.9971874,1.0,1.0000083e-06
0.99712133,1.0,1.0000081e-06
0.9971199,1.0,1.0000077e-06
0.99698514,1.0,1.0000076e-06
0.9969007,1.0,1.0000074e-06
0.9969036,1.0,1.0000072e-06
0.9969028,1.0,1.0000069e-06
0.996849,1.0,1.0000067e-06
0.99682844,1.0,1.0000065e-06
0.99676824,1.0,1.0000064e-06
0.99668527,1.0,1.0000061e-06
0.99682313,1.0,1.000006e-06
0.9966098,1.0,1.0000058e-06
0.9966061,1.0,1.0000057e-06
0.99645513,1.0,1.0000055e-06
0.9964806,1.0,1.0000053e-06
0.996492,1.0,1.0000051e-06
0.99646527,1.0,1.000005e-06
0.9964711,1.0,1.0000049e-06
0.9964187,1.0,1.0000048e-06
0.9963232,1.0,1.0000045e-06
0.99628067,1.0,1.0000044e-06
0.99619955,1.0,1.0000043e-06
0.99620926,1.0,1.0000042e-06
0.99623734,1.0,1.0000041e-06
0.9961518,1.0,1.000004e-06
0.9961669,1.0,1.0000039e-06
0.99606323,1.0,1.0000037e-06
0.99607456,1.0,1.0000036e-06
0.9959911,1.0,1.0000035e-06
0.9959628,1.0,1.0000034e-06
0.99588615,1.0,1.0000033e-06
0.995727,1.0,1.0000033e-06
0.99572045,1.0,1.0000032e-06
0.99555904,1.0,1.0000031e-06
0.995634,1.0,1.000003e-06
0.9956608,1.0,1.000003e-06
0.99548256,1.0,1.0000028e-06
0.9954851,1.0,1.0000027e-06
0.9955338,1.0,1.0000027e-06
0.9956869,1.0,1.0000026e-06
0.99553835,1.0,1.0000025e-06
0.9954946,1.0,1.0000025e-06
0.99533015,1.0,1.0000024e-06
0.9953506,1.0,1.0000024e-06
0.9951701,1.0,1.0000023e-06
0.9951697,1.0,1.0000023e-06
0.99509925,1.0,1.0000022e-06
0.99521005,1.0,1.0000022e-06
0.9950855,1.0,1.000002e-06
0.9949687,1.0,1.000002e-06
0.99490345,1.0,1.0000019e-06
0.994883,1.0,1.0000019e-06
0.9949443,1.0,1.0000018e-06
0.99481535,1.0,1.0000018e-06
0.99476147,1.0,1.0000018e-06
0.99473083,1.0,1.0000017e-06
0.99453914,1.0,1.0000017e-06
0.9944518,1.0,1.0000017e-06
0.9944854,1.0,1.0000016e-06
0.9944895,1.0,1.0000016e-06
0.9943857,1.0,1.0000016e-06
0.99446857,1.0,1.0000016e-06
0.99436146,1.0,1.0000015e-06
0.99442726,1.0,1.0000015e-06
0.99433815,1.0,1.0000015e-06
0.99424136,1.0,1.0000014e-06
0.9943008,1.0,1.0000014e-06
0.9941755,1.0,1.0000014e-06
0.9941129,1.0,1.0000014e-06
0.994094,1.0,1.0000014e-06
0.9939883,1.0,1.0000012e-06
0.99397326,1.0,1.0000012e-06
0.9938868,1.0,1.0000012e-06
0.99389213,1.0,1.0000012e-06
0.9937045,1.0,1.0000012e-06
0.99376583,1.0,1.0000012e-06
0.9935084,1.0,1.0000011e-06
0.9935015,1.0,1.0000011e-06
0.99351716,1.0,1.0000011e-06
0.99343115,1.0,1.0000011e-06
0.9933746,1.0,1.0000011e-06
0.9933797,1.0,1.0000011e-06
0.9933096,1.0,1.0000011e-06
0.9933162,1.0,1.000001e-06
0.9933279,1.0,1.000001e-06
0.9932327,1.0,1.000001e-06
0.99321526,1.0,1.000001e-06
0.99309003,1.0,1.000001e-06
0.99297184,1.0,1.000001e-06
0.99298847,1.0,1.000001e-06
0.9929466,1.0,1.000001e-06
0.9928105,1.0,1.000001e-06
0.99278,1.0,1.000001e-06
0.99286705,1.0,1.000001e-06
0.992972,1.0,1.000001e-06
0.99283785,1.0,1.000001e-06
0.9927088,1.0,1.000001e-06
0.99264205,1.0,1.0000009e-06
0.99254346,1.0,1.0000009e-06
0.99245095,1.0,1.0000009e-06
0.992523,1.0,1.0000009e-06
0.9925798,1.0,1.0000009e-06
0.99246436,1.0,1.0000009e-06
0.9924259,1.0,1.0000009e-06
0.9924249,1.0,1.0000009e-06
0.99228674,1.0,1.0000009e-06
0.9922365,1.0,1.0000009e-06
0.99218106,1.0,1.0000009e-06
0.9921523,1.0,1.0000009e-06
0.9920471,1.0,1.0000009e-06
0.9920102,1.0,1.0000009e-06
0.99193406,1.0,1.0000009e-06
0.9918204,1.0,1.0000009e-06
0.9917781,1.0,1.0000009e-06
0.9917975,1.0,1.0000009e-06
0.99171174,1.0,1.000001e-06
0.99163294,1.0,1.000001e-06
0.9917086,1.0,1.000001e-06
0.9916643,1.0,1.000001e-06
0.99158627,1.0,1.000001e-06
0.9915212,1.0,1.000001e-06
0.9914935,1.0,1.000001e-06
0.99148107,1.0,1.000001e-06
0.99147403,1.0,1.000001e-06
0.9914475,1.0,1.000001e-06
0.9913906,1.0,1.000001e-06
0.991487,1.0,1.000001e-06
0.99131083,1.0,1.000001e-06
0.99130803,1.0,1.000001e-06
0.9913259,1.0,1.0000011e-06
0.9912711,1.0,1.0000011e-06
0.99123627,1.0,1.0000011e-06
0.99105096,1.0,1.0000011e-06
0.99104494,1.0,1.0000011e-06
0.9908936,1.0,1.0000011e-06
0.99082595,1.0,1.0000011e-06
0.9909309,1.0,1.0000011e-06
0.9907545,1.0,1.0000012e-06
0.99076396,1.0,1.0000012e-06
0.99067485,1.0,1.0000012e-06
0.9906727,1.0,1.0000012e-06
0.99057883,1.0,1.0000012e-06
0.99045485,1.0,1.0000012e-06
0.9903665,1.0,1.0000012e-06
0.9904802,1.0,1.0000014e-06
0.99029607,1.0,1.0000014e-06
0.99036807,1.0,1.0000014e-06
0.99025404,1.0,1.0000014e-06
0.99015874,1.0,1.0000014e-06
0.99034363,1.0,1.0000015e-06
0.99020797,1.0,1.0000015e-06
0.9900555,1.0,1.0000015e-06
0.99000686,1.0,1.0000015e-06
0.9901467,1.0,1.0000016e-06
0.99013627,1.0,1.0000016e-06
0.9901287,1.0,1.0000016e-06
0.9901143,1.0,1.0000016e-06
0.9900506,1.0,1.0000017e-06
0.98992205,1.0,1.0000017e-06
0.98988575,1.0,1.0000017e-06
0.9898124,1.0,1.0000018e-06
0.98975116,1.0,1.0000018e-06
0.9895931,1.0,1.0000018e-06
0.98975337,1.0,1.0000019e-06
0.98963475,1.0,1.0000019e-06
0.9896803,1.0,1.0000019e-06
0.9896454,1.0,1.000002e-06
0.98958474,1.0,1.000002e-06
0.98959875,1.0,1.000002e-06
0.9895126,1.0,1.0000022e-06
0.9893362,1.0,1.0000022e-06
0.9894492,1.0,1.0000022e-06
0.98931175,1.0,1.0000023e-06
0.9894024,1.0,1.0000023e-06
0.98935586,1.0,1.0000024e-06
0.9893605,1.0,1.0000024e-06
0.9893273,1.0,1.0000025e-06
0.9892996,1.0,1.0000025e-06
0.98915154,1.0,1.0000025e-06
0.98906976,1.0,1.0000026e-06
0.9890866,1.0,1.0000026e-06
0.9891014,1.0,1.0000027e-06
0.98907185,1.0,1.0000027e-06
0.9890834,1.0,1.0000028e-06
0.98902893,1.0,1.0000028e-06
0.98895353,1.0,1.000003e-06
0.9889444,1.0,1.000003e-06
0.98884976,1.0,1.0000031e-06
0.9888967,1.0,1.0000032e-06
0.98883706,1.0,1.0000032e-06
0.9888545,1.0,1.0000033e-06
0.98891205,1.0,1.0000033e-06
0.9888337,1.0,1.0000034e-06
0.9887843,1.0,1.0000034e-06
0.9885102,1.0,1.0000035e-06
0.9885457,1.0,1.0000036e-06
0.9885538,1.0,1.0000036e-06
0.98840904,1.0,1.0000037e-06
0.9883932,1.0,1.0000037e-06
0.9883852,1.0,1.0000039e-06
0.98831373,1.0,1.000004e-06
0.9883613,1.0,1.000004e-06
0.98836476,1.0,1.0000041e-06
0.98813885,1.0,1.0000041e-06
0.9881224,1.0,1.0000042e-06
0.9881214,1.0,1.0000043e-06
0.98817104,1.0,1.0000043e-06
0.9880729,1.0,1.0000044e-06
0.98806006,1.0,1.0000044e-06
0.9880343,1.0,1.0000045e-06
0.987956,1.0,1.0000047e-06
0.9878741,1.0,1.0000047e-06
0.9877484,1.0,1.0000048e-06
0.9877703,1.0,1.0000049e-06
0.98776865,1.0,1.0000049e-06
0.9875973,1.0,1.000005e-06
0.9875053,1.0,1.000005e-06
0.9875143,1.0,1.0000051e-06
0.9874724,1.0,1.0000052e-06
0.98738194,1.0,1.0000052e-06
0.9873423,1.0,1.0000053e-06
0.9872772,1.0,1.0000053e-06
0.9871155,1.0,1.0000055e-06
0.9873744,1.0,1.0000056e-06
0.98716474,1.0,1.0000056e-06
0.9871691,1.0,1.0000057e-06
0.9869094,1.0,1.0000057e-06
0.9869584,1.0,1.0000058e-06
0.9868456,1.0,1.0000058e-06
0.98683774,1.0,1.0000059e-06
0.9867552,1.0,1.0000059e-06
0.9866346,1.0,1.000006e-06
0.9865402,1.0,1.000006e-06
0.9864562,1.0,1.0000061e-06
0.98638886,1.0,1.0000061e-06
0.9863958,1.0,1.0000063e-06
0.9863612,1.0,1.0000063e-06
0.9862195,1.0,1.0000064e-06
0.986201,1.0,1.0000064e-06
0.9861493,1.0,1.0000065e-06
0.986071,1.0,1.0000065e-06
0.9858451,1.0,1.0000065e-06
0.9859,1.0,1.0000066e-06
0.98574454,1.0,1.0000066e-06
0.985671,1.0,1.0000066e-06
0.9856061,1.0,1.0000067e-06
0.9855855,1.0,1.0000067e-06
0.98560256,1.0,1.0000067e-06
0.9855545,1.0,1.0000068e-06
0.98556787,1.0,1.0000068e-06
0.98567563,1.0,1.0000068e-06
0.9855722,1.0,1.0000068e-06
0.98556155,1.0,1.0000069e-06
0.98560596,1.0,1.0000069e-06
0.9855684,1.0,1.0000069e-06
0.98556554,1.0,1.0000069e-06
0.9855729,1.0,1.0000069e-06
0.98547095,1.0,1.0000069e-06
0.985392,1.0,1.000007e-06
0.98525065,1.0,1.000007e-06
0.9851743,1.0,1.000007e-06
0.98516476,1.0,1.000007e-06
0.984984,1.0,1.000007e-06
0.9848982,1.0,1.000007e-06
0.98480874,1.0,1.000007e-06
0.98472863,1.0,1.000007e-06
0.98464966,1.0,1.000007e-06
0.9846272,1.0,1.000007e-06
0.98447055,1.0,1.000007e-06
0.9844699,1.0,1.000007e-06
0.9844127,1.0,1.000007e-06
0.9843668,1.0,1.000007e-06
0.98433644,1.0,1.000007e-06
0.984227,1.0,1.0000069e-06
0.98422134,1.0,1.0000069e-06
0.98412454,1.0,1.0000069e-06
0.98398167,1.0,1.0000069e-06
0.98390067,1.0,1.0000069e-06
0.9838049,1.0,1.0000069e-06
0.98380053,1.0,1.0000069e-06
0.9837512,1.0,1.0000068e-06
0.9836903,1.0,1.0000068e-06
0.98376244,1.0,1.0000068e-06
0.98358345,1.0,1.0000068e-06
0.9834702,1.0,1.0000067e-06
0.9833718,1.0,1.0000067e-06
0.98325586,1.0,1.0000067e-06
0.9832795,1.0,1.0000067e-06
0.98322076,1.0,1.0000066e-06
0.9831864,1.0,1.0000066e-06
0.98313534,1.0,1.0000066e-06
0.98292553,1.0,1.0000065e-06
0.9830249,1.0,1.0000065e-06
0.98281723,1.0,1.0000065e-06
0.98282045,1.0,1.0000064e-06
0.9826794,1.0,1.0000064e-06
0.982717,1.0,1.0000064e-06
0.98266387,1.0,1.0000063e-06
0.98259,1.0,1.0000063e-06
0.982477,1.0,1.0000063e-06
0.982511,1.0,1.0000061e-06
0.98244786,1.0,1.0000061e-06
0.98234177,1.0,1.0000061e-06
0.98223746,1.0,1.000006e-06
0.98223543,1.0,1.000006e-06
0.98206776,1.0,1.0000059e-06
0.98191833,1.0,1.0000059e-06
0.98184544,1.0,1.0000059e-06
0.9817126,1.0,1.0000058e-06
0.981722,1.0,1.0000058e-06
0.98162997,1.0,1.0000057e-06
0.9815309,1.0,1.0000057e-06
0.9813522,1.0,1.0000056e-06
0.9812812,1.0,1.0000056e-06
0.9812659,1.0,1.0000056e-06
0.98139524,1.0,1.0000055e-06
0.98124236,1.0,1.0000055e-06
0.9813832,1.0,1.0000053e-06
0.98144436,1.0,1.0000053e-06
0.9813411,1.0,1.0000052e-06
0.9815019,1.0,1.0000052e-06
0.98131865,1.0,1.0000052e-06
0.9812831,1.0,1.0000051e-06
0.9810869,1.0,1.0000051e-06
0.9809882,1.0,1.000005e-06
0.98108244,1.0,1.000005e-06
0.98105043,1.0,1.0000049e-06
0.980945,1.0,1.0000049e-06
0.980822,1.0,1.0000049e-06
0.9806666,1.0,1.0000048e-06
0.9806203,1.0,1.0000048e-06
0.9806129,1.0,1.0000047e-06
0.9804649,1.0,1.0000047e-06
0.98040265,1.0,1.0000047e-06
0.980428,1.0,1.0000045e-06
0.9803242,1.0,1.0000045e-06
0.9801528,1.0,1.0000044e-06
0.9801057,1.0,1.0000044e-06
0.9800778,1.0,1.0000044e-06
0.97994626,1.0,1.0000043e-06
0.97981524,1.0,1.0000043e-06
0.97979677,1.0,1.0000042e-06
0.97966844,1.0,1.0000042e-06
0.97972333,1.0,1.0000042e-06
0.9795,1.0,1.0000041e-06
0.9795347,1.0,1.0000041e-06
0.97953725,1.0,1.000004e-06
0.9793556,1.0,1.000004e-06
0.9792909,1.0,1.000004e-06
0.97926545,1.0,1.0000039e-06
0.9791542,1.0,1.0000039e-06
0.97900313,1.0,1.0000039e-06
0.9789391,1.0,1.0000037e-06
0.9788968,1.0,1.0000037e-06
0.97883755,1.0,1.0000036e-06
0.978938,1.0,1.0000036e-06
0.97884846,1.0,1.0000036e-06
0.97880137,1.0,1.0000035e-06
0.97877556,1.0,1.0000035e-06
0.9787817,1.0,1.0000035e-06
0.978591,1.0,1.0000034e-06
0.9786678,1.0,1.0000034e-06
0.9785598,1.0,1.0000034e-06
0.978459,1.0,1.0000033e-06
0.97837245,1.0,1.0000033e-06
0.97838855,1.0,1.0000033e-06
0.9783061,1.0,1.0000032e-06
0.9781328,1.0,1.0000032e-06
0.9781368,1.0,1.0000032e-06
0.9780344,1.0,1.0000032e-06
0.97803456,1.0,1.0000031e-06
0.9778954,1.0,1.0000031e-06
0.9778958,1.0,1.0000031e-06
0.97781366,1.0,1.000003e-06
0.9777185,1.0,1.000003e-06
0.9777915,1.0,1.000003e-06
0.97762436,1.0,1.000003e-06
0.97748214,1.0,1.0000028e-06
0.97747546,1.0,1.0000028e-06
0.97744846,1.0,1.0000028e-06
0.9772336,1.0,1.0000027e-06
0.97721994,1.0,1.0000027e-06
0.9772648,1.0,1.0000027e-06
0.97716004,1.0,1.0000027e-06
0.97701627,1.0,1.0000026e-06
0.9769827,1.0,1.0000026e-06
0.9769247,1.0,1.0000026e-06
0.97687894,1.0,1.0000026e-06
0.9768732,1.0,1.0000025e-06
0.9767179,1.0,1.0000025e-06
0.9766645,1.0,1.0000025e-06
0.97642803,1.0,1.0000025e-06
0.9763725,1.0,1.0000024e-06
0.9762466,1.0,1.0000024e-06
0.97616315,1.0,1.0000024e-06
0.9761148,1.0,1.0000024e-06
0.9760218,1.0,1.0000024e-06
0.9759905,1.0,1.0000023e-06
0.9759248,1.0,1.0000023e-06
0.9757799,1.0,1.0000023e-06
0.9757423,1.0,1.0000023e-06
0.9756787,1.0,1.0000022e-06
0.97569937,1.0,1.0000022e-06
0.9754895,1.0,1.0000022e-06
0.97553056,1.0,1.0000022e-06
0.97547656,1.0,1.0000022e-06
0.9753407,1.0,1.000002e-06
0.9753168,1.0,1.000002e-06
0.97508806,1.0,1.000002e-06
0.9751147,1.0,1.000002e-06
0.97508293,1.0,1.000002e-06
0.974981,1.0,1.000002e-06
0.9748753,1.0,1.0000019e-06
0.9748199,1.0,1.0000019e-06
0.9746693,1.0,1.0000019e-06
0.9745708,1.0,1.0000019e-06
0.9746276,1.0,1.0000019e-06
0.9744358,1.0,1.0000018e-06
0.9744146,1.0,1.0000018e-06
0.97429436,1.0,1.0000018e-06
0.97421706,1.0,1.0000018e-06
0.9741186,1.0,1.0000018e-06
0.9740503,1.0,1.0000018e-06
0.9738346,1.0,1.0000018e-06
0.97395337,1.0,1.0000017e-06
0.97373015,1.0,1.0000017e-06
0.97360146,1.0,1.0000017e-06
0.9736367,1.0,1.0000017e-06
0.9733805,1.0,1.0000017e-06
0.9732514,1.0,1.0000017e-06
0.9733328,1.0,1.0000016e-06
0.9732615,1.0,1.0000016e-06
0.97315747,1.0,1.0000016e-06
0.9730268,1.0,1.0000016e-06
0.9728905,1.0,1.0000016e-06
0.97285813,1.0,1.0000016e-06
0.97272974,1.0,1.0000016e-06
0.9726805,1.0,1.0000016e-06
0.97256285,1.0,1.0000015e-06
0.9724213,1.0,1.0000015e-06
0.9724317,1.0,1.0000015e-06
0.97229475,1.0,1.0000015e-06
0.97209936,1.0,1.0000015e-06
0.9719854,1.0,1.0000015e-06
0.9718994,1.0,1.0000015e-06
0.9718165,1.0,1.0000015e-06
0.9717677,1.0,1.0000015e-06
0.9716386,1.0,1.0000014e-06
0.9715499,1.0,1.0000014e-06
0.97142184,1.0,1.0000014e-06
0.97139174,1.0,1.0000014e-06
0.9712493,1.0,1.0000014e-06
0.97117674,1.0,1.0000014e-06
0.9709201,1.0,1.0000014e-06
0.9708515,1.0,1.0000014e-06
0.9707892,1.0,1.0000014e-06
0.97070926,1.0,1.0000014e-06
0.9706714,1.0,1.0000012e-06
0.9705994,1.0,1.0000012e-06
0.97042215,1.0,1.0000012e-06
0.9703657,1.0,1.0000012e-06
0.9702636,1.0,1.0000012e-06
0.9701696,1.0,1.0000012e-06
0.97004294,1.0,1.0000012e-06
0.9699884,1.0,1.0000012e-06
0.96984315,1.0,1.0000012e-06
0.9696496,1.0,1.0000012e-06
0.96955395,1.0,1.0000012e-06
0.96935976,1.0,1.0000012e-06
0.969256,1.0,1.0000011e-06
0.9691506,1.0,1.0000011e-06
0.9689636,1.0,1.0000011e-06
0.96886677,1.0,1.0000011e-06
0.96881694,1.0,1.0000011e-06
0.96871144,1.0,1.0000011e-06
0.96862555,1.0,1.0000011e-06
0.96852154,1.0,1.0000011e-06
0.9683203,1.0,1.0000011e-06
0.9682812,1.0,1.0000011e-06
0.968165,1.0,1.0000011e-06
0.9679044,1.0,1.0000011e-06
0.9678335,1.0,1.0000011e-06
0.9676724,1.0,1.0000011e-06
0.9675492,1.0,1.0000011e-06
0.9674651,1.0,1.000001e-06
0.96732765,1.0,1.000001e-06
0.96712106,1.0,1.000001e-06
0.96704453,1.0,1.000001e-06
0.96687573,1.0,1.000001e-06
0.9667271,1.0,1.000001e-06
0.96665156,1.0,1.000001e-06
0.9664456,1.0,1.000001e-06
0.96634084,1.0,1.000001e-06
0.9662809,1.0,1.000001e-06
0.96608686,1.0,1.000001e-06
0.9659965,1.0,1.000001e-06
0.96591866,1.0,1.000001e-06
0.9658442,1.0,1.000001e-06
0.9658431,1.0,1.000001e-06
0.9656529,1.0,1.000001e-06
0.9655151,1.0,1.000001e-06
0.9653784,1.0,1.000001e-06
0.9652709,1.0,1.000001e-06
0.96507174,1.0,1.000001e-06
0.9650901,1.0,1.000001e-06
0.96486354,1.0,1.000001e-06
0.96483046,1.0,1.000001e-06
0.9647738,1.0,1.0000009e-06
0.9645502,1.0,1.0000009e-06
0.9643357,1.0,1.0000009e-06
0.96417344,1.0,1.0000009e-06
0.9640887,1.0,1.0000009e-06
0.96394163,1.0,1.0000009e-06
0.96378744,1.0,1.0000009e-06
0.9636294,1.0,1.0000009e-06
0.9635618,1.0,1.0000009e-06
0.9634583,1.0,1.0000009e-06
0.9632825,1.0,1.0000009e-06
0.9632988,1.0,1.0000009e-06
0.9631551,1.0,1.0000009e-06
0.96286964,1.0,1.0000009e-06
0.96275353,1.0,1.0000009e-06
0.962621,1.0,1.0000009e-06
0.9623748,1.0,1.0000009e-06
0.96233577,1.0,1.0000009e-06
0.96212053,1.0,1.0000009e-06
0.96193075,1.0,1.0000009e-06
0.961754,1.0,1.0000009e-06
0.9617849,1.0,1.0000009e-06
0.96151453,1.0,1.0000009e-06
0.9613758,1.0,1.0000009e-06
0.96121836,1.0,1.0000009e-06
0.9612008,1.0,1.0000009e-06
0.9608752,1.0,1.0000009e-06
0.9607727,1.0,1.0000009e-06
0.96067154,1.0,1.0000009e-06
0.96046054,1.0,1.0000009e-06
0.9604151,1.0,1.0000009e-06
0.9600866,1.0,1.0000009e-06
0.95992565,1.0,1.0000009e-06
0.95978034,1.0,1.0000009e-06
0.9596748,1.0,1.0000009e-06
0.95947623,1.0,1.0000009e-06
0.9592826,1.0,1.0000009e-06
0.9590446,1.0,1.0000009e-06
0.95886326,1.0,1.0000009e-06
0.9586809,1.0,1.0000009e-06
0.9584998,1.0,1.0000009e-06
0.95835644,1.0,1.0000009e-06
0.9582525,1.0,1.0000009e-06
0.95810735,1.0,1.0000009e-06
0.9577765,1.0,1.0000009e-06
0.95766294,1.0,1.0000009e-06
0.957562,1.0,1.0000009e-06
0.9572727,1.0,1.0000009e-06
0.9572685,1.0,1.0000009e-06
0.9570445,1.0,1.0000009e-06
0.95693535,1.0,1.0000009e-06
0.95673615,1.0,1.0000009e-06
0.95651895,1.0,1.0000009e-06
0.95641416,1.0,1.0000009e-06
0.95625836,1.0,1.0000009e-06
0.9560323,1.0,1.0000009e-06
0.9559097,1.0,1.000001e-06
0.9557418,1.0,1.000001e-06
0.95543385,1.0,1.000001e-06
0.9552905,1.0,1.000001e-06
0.9551007,1.0,1.000001e-06
0.95484906,1.0,1.000001e-06
0.9546071,1.0,1.000001e-06
0.9543822,1.0,1.000001e-06
0.95422935,1.0,1.000001e-06
0.9538662,1.0,1.000001e-06
0.95366806,1.0,1.000001e-06
0.95353425,1.0,1.000001e-06
0.9533416,1.0,1.000001e-06
0.9530705,1.0,1.000001e-06
0.95293975,1.0,1.000001e-06
0.9527136,1.0,1.000001e-06
0.9524346,1.0,1.000001e-06
0.95213205,1.0,1.000001e-06
0.9519272,1.0,1.000001e-06
0.9516004,1.0,1.000001e-06
0.9514647,1.0,1.000001e-06
0.9512884,1.0,1.0000011e-06
0.95103085,1.0,1.0000011e-06
0.95070094,1.0,1.0000011e-06
0.95045316,1.0,1.0000011e-06
0.9502385,1.0,1.0000011e-06
0.9499842,1.0,1.0000011e-06
0.94983417,1.0,1.0000011e-06
0.94958776,1.0,1.0000011e-06
0.94927377,1.0,1.0000011e-06
0.9490404,1.0,1.0000011e-06
0.9487034,1.0,1.0000011e-06
0.9485064,1.0,1.0000011e-06
0.9483025,1.0,1.0000011e-06
0.9480492,1.0,1.0000012e-06
0.94788665,1.0,1.0000012e-06
0.94767743,1.0,1.0000012e-06
0.9473921,1.0,1.0000012e-06
0.9472516,1.0,1.0000012e-06
0.9470879,1.0,1.0000012e-06
0.9468144,1.0,1.0000012e-06
0.94668263,1.0,1.0000012e-06
0.9464549,1.0,1.0000012e-06
0.9459407,1.0,1.0000012e-06
0.94578046,1.0,1.0000014e-06
0.9455584,1.0,1.0000014e-06
0.9451903,1.0,1.0000014e-06
0.9450207,1.0,1.0000014e-06
0.9446892,1.0,1.0000014e-06
0.9442938,1.0,1.0000014e-06
0.944112,1.0,1.0000014e-06
0.9438465,1.0,1.0000015e-06
0.9435389,1.0,1.0000015e-06
0.9432527,1.0,1.0000015e-06
0.9430304,1.0,1.0000015e-06
0.94258755,1.0,1.0000015e-06
0.9423313,1.0,1.0000015e-06
0.942069,1.0,1.0000015e-06
0.9417698,1.0,1.0000016e-06
0.9415429,1.0,1.0000016e-06
0.9410821,1.0,1.0000016e-06
0.94083536,1.0,1.0000016e-06
0.9405886,1.0,1.0000016e-06
0.9402534,1.0,1.0000016e-06
0.93995714,1.0,1.0000017e-06
0.93965435,1.0,1.0000017e-06
0.93929666,1.0,1.0000017e-06
0.93904,1.0,1.0000017e-06
0.938775,1.0,1.0000017e-06
0.9385357,1.0,1.0000018e-06
0.9382216,1.0,1.0000018e-06
0.93807393,1.0,1.0000018e-06
0.9376748,1.0,1.0000018e-06
0.9373486,1.0,1.0000019e-06
0.9369584,1.0,1.0000019e-06
0.93660206,1.0,1.0000019e-06
0.9362104,1.0,1.0000019e-06
0.9359624,1.0,1.000002e-06
0.93566614,1.0,1.000002e-06
0.93544626,1.0,1.000002e-06
0.9350366,1.0,1.000002e-06
0.9347644,1.0,1.0000022e-06
0.9342678,1.0,1.0000022e-06
0.93409204,1.0,1.0000022e-06
0.93370825,1.0,1.0000023e-06
0.93328995,1.0,1.0000023e-06
0.93291795,1.0,1.0000023e-06
0.9326946,1.0,1.0000024e-06
0.9323351,1.0,1.0000024e-06
0.931906,1.0,1.0000024e-06
0.93163353,1.0,1.0000025e-06
0.93129456,1.0,1.0000025e-06
0.93085784,1.0,1.0000025e-06
0.93047166,1.0,1.0000026e-06
0.93020564,1.0,1.0000026e-06
0.9298908,1.0,1.0000026e-06
0.9294508,1.0,1.0000027e-06
0.92915756,1.0,1.0000027e-06
0.9286685,1.0,1.0000028e-06
0.9283591,1.0,1.0000028e-06
0.9278053,1.0,1.000003e-06
0.92761546,1.0,1.000003e-06
0.9271364,1.0,1.000003e-06
0.92664486,1.0,1.0000031e-06
0.926323,1.0,1.0000031e-06
0.9258597,1.0,1.0000032e-06
0.9254419,1.0,1.0000032e-06
0.9251031,1.0,1.0000033e-06
0.92484003,1.0,1.0000033e-06
0.92435247,1.0,1.0000034e-06
0.923987,1.0,1.0000035e-06
0.92353314,1.0,1.0000035e-06
0.92326903,1.0,1.0000036e-06
0.92280424,1.0,1.0000036e-06
0.922246,1.0,1.0000037e-06
0.9218102,1.0,1.0000039e-06
0.9213179,1.0,1.0000039e-06
0.92094684,1.0,1.000004e-06
0.92052174,1.0,1.0000041e-06
0.92018604,1.0,1.0000041e-06
0.91976464,1.0,1.0000042e-06
0.91925734,1.0,1.0000043e-06
0.9188913,1.0,1.0000043e-06
0.9183943,1.0,1.0000044e-06
0.9178962,1.0,1.0000045e-06
0.9173662,1.0,1.0000047e-06
0.91683525,1.0,1.0000048e-06
0.9164025,1.0,1.0000048e-06
0.9160534,1.0,1.0000049e-06
0.9155309,1.0,1.000005e-06
0.9150801,1.0,1.0000051e-06
0.9146404,1.0,1.0000052e-06
0.91411054,1.0,1.0000053e-06
0.9135636,1.0,1.0000055e-06
0.912966,1.0,1.0000056e-06
0.91256595,1.0,1.0000057e-06
0.911911,1.0,1.0000058e-06
0.91140246,1.0,1.0000059e-06
0.9108887,1.0,1.000006e-06
0.9104401,1.0,1.0000061e-06
0.90996224,1.0,1.0000063e-06
0.90947783,1.0,1.0000065e-06
0.90886855,1.0,1.0000066e-06
0.9083079,1.0,1.0000067e-06
0.9078568,1.0,1.0000068e-06
0.90720546,1.0,1.000007e-06
0.90673953,1.0,1.0000072e-06
0.90617037,1.0,1.0000073e-06
0.9057337,1.0,1.0000075e-06
0.90506476,1.0,1.0000076e-06
0.90436363,1.0,1.0000077e-06
0.9037935,1.0,1.000008e-06
0.9033397,1.0,1.0000081e-06
0.9027772,1.0,1.0000083e-06
0.90197366,1.0,1.0000085e-06
0.9013309,1.0,1.0000086e-06
0.9007662,1.0,1.0000089e-06
0.90002394,1.0,1.000009e-06
0.8995234,1.0,1.0000092e-06
0.8988843,1.0,1.0000094e-06
0.89842296,1.0,1.0000097e-06
0.89776546,1.0,1.0000099e-06
0.8970128,1.0,1.0000101e-06
0.8965019,1.0,1.0000103e-06
0.89578915,1.0,1.0000106e-06
0.8951985,1.0,1.0000108e-06
0.8946063,1.0,1.000011e-06
0.8938933,1.0,1.0000113e-06
0.89320165,1.0,1.0000115e-06
0.8924539,1.0,1.0000117e-06
0.89172417,1.0,1.000012e-06
0.8910838,1.0,1.0000123e-06
0.8903582,1.0,1.0000126e-06
0.8897608,1.0,1.0000128e-06
0.88897693,1.0,1.0000132e-06
0.8882892,1.0,1.0000134e-06
0.88764954,1.0,1.0000138e-06
0.8868447,1.0,1.000014e-06
0.8860629,1.0,1.0000143e-06
0.8853542,1.0,1.0000147e-06
0.8846915,1.0,1.000015e-06
0.8837972,1.0,1.0000153e-06
0.8831406,1.0,1.0000157e-06
0.88236266,1.0,1.000016e-06
0.88155526,1.0,1.0000164e-06
0.88080513,1.0,1.0000168e-06
0.88005865,1.0,1.0000172e-06
0.8793061,1.0,1.0000175e-06
0.8785273,1.0,1.000018e-06
0.8778329,1.0,1.0000183e-06
0.8770254,1.0,1.0000188e-06
0.87629956,1.0,1.0000192e-06
0.87561995,1.0,1.0000196e-06
0.8749765,1.0,1.00002e-06
0.8741645,1.0,1.0000205e-06
0.87330925,1.0,1.0000209e-06
0.8725965,1.0,1.0000214e-06
0.8717719,1.0,1.0000219e-06
0.8710695,1.0,1.0000224e-06
0.870215,1.0,1.0000228e-06
0.8695945,1.0,1.0000234e-06
0.8688,1.0,1.0000239e-06
0.868048,1.0,1.0000244e-06
0.8673011,1.0,1.000025e-06
0.86653376,1.0,1.0000256e-06
0.86579335,1.0,1.0000261e-06
0.8650193,1.0,1.0000267e-06
0.8643044,1.0,1.0000273e-06
0.8635146,1.0,1.000028e-06
0.8628188,1.0,1.0000285e-06
0.8619789,1.0,1.0000292e-06
0.8612548,1.0,1.0000298e-06
0.8603694,1.0,1.0000305e-06
0.85967994,1.0,1.0000311e-06
0.85893434,1.0,1.0000318e-06
0.85819453,1.0,1.0000325e-06
0.8576088,1.0,1.0000333e-06
0.8568139,1.0,1.000034e-06
0.85596836,1.0,1.0000348e-06
0.8552449,1.0,1.0000355e-06
0.8543708,1.0,1.0000363e-06
0.8537395,1.0,1.0000371e-06
0.8529266,1.0,1.0000379e-06
0.8521438,1.0,1.0000388e-06
0.8514612,1.0,1.0000396e-06
0.8506802,1.0,1.0000405e-06
0.8499046,1.0,1.0000413e-06
0.84914744,1.0,1.0000422e-06
0.8484334,1.0,1.0000431e-06
0.84764344,1.0,1.000044e-06
0.8467947,1.0,1.000045e-06
0.8461517,1.0,1.0000459e-06
0.8454565,1.0,1.000047e-06
0.8447335,1.0,1.0000479e-06
0.84397006,1.0,1.0000489e-06
0.84320384,1.0,1.0000499e-06
0.842373,1.0,1.000051e-06
0.8417263,1.0,1.0000521e-06
0.8408946,1.0,1.0000532e-06
0.8401708,1.0,1.0000543e-06
0.8395007,1.0,1.0000555e-06
0.83874387,1.0,1.0000566e-06
0.8379142,1.0,1.0000579e-06
0.8372163,1.0,1.000059e-06
0.83651686,1.0,1.0000603e-06
0.8358267,1.0,1.0000615e-06
0.83511466,1.0,1.0000628e-06
0.83439654,1.0,1.000064e-06
0.8335578,1.0,1.0000654e-06
0.8335578,1.0,1.0000667e-06
0.8335578,1.0,1.0000681e-06
0.8335578,1.0,1.0000695e-06
0.8335578,1.0,1.0000708e-06
0.8335578,1.0,1.0000723e-06
0.8335578,1.0,1.0000738e-06
0.8335578,1.0,1.0000753e-06
0.8335578,1.0,1.0000767e-06
0.8335578,1.0,1.0000782e-06
0.8335578,1.0,1.0000798e-06
0.8335578,1.0,1.0000814e-06
0.8335578,1.0,1.000083e-06
0.8335578,1.0,1.0000846e-06
0.8335578,1.0,1.0000863e-06
0.8335578,1.0,1.000088e-06
0.8335578,1.0,1.0000897e-06
0.8335578,1.0,1.0000914e-06
0.8335578,1.0,1.0000932e-06
0.8335578,1.0,1.000095e-06
0.8335578,1.0,1.0000969e-06
1.0,1.0,1.0000747e-06
1.0,1.0,1.0000747e-06
1.0,1.0,1.0000747e-06
1.0,1.0,1.0000747e-06
1.0,1.0,1.0000747e-06
1.0,1.0,1.0000746e-06
1.0,1.0,1.0000746e-06
1.0,1.0,1.0000746e-06
1.0,1.0,1.0000745e-06
1.0,1.0,1.0000745e-06
1.0,1.0,1.0000743e-06
1.0,1.0,1.0000742e-06
1.0,1.0,1.0000742e-06
1.0,1.0,1.0000741e-06
1.0,1.0,1.000074e-06
1.0,1.0,1.0000739e-06
1.0,1.0,1.0000738e-06
1.0,1.0,1.0000737e-06
1.0,1.0,1.0000736e-06
1.0,1.0,1.0000733e-06
1.0,1.0,1.0000732e-06
1.0,1.0,1.0000731e-06
1.0,1.0,1.0000729e-06
1.0,1.0,1.0000728e-06
1.0,1.0,1.0000725e-06
1.0,1.0,1.0000723e-06
1.0,1.0,1.0000722e-06
1.0,1.0,1.000072e-06
1.0,1.0,1.0000717e-06
1.0,1.0,1.0000715e-06
1.0,1.0,1.0000713e-06
1.0,1.0,1.000071e-06
1.0,1.0,1.0000707e-06
1.0,1.0,1.0000705e-06
1.0,1.0,1.0000703e-06
1.0,1.0,1.0000699e-06
1.0,1.0,1.0000697e-06
1.0,1.0,1.0000693e-06
1.0,1.0,1.000069e-06
1.0,1.0,1.0000688e-06
1.0,1.0,1.0000684e-06
1.0,1.0,1.0000681e-06
1.0,1.0,1.0000678e-06
1.0,1.0,1.0000674e-06
1.0,1.0,1.0000671e-06
1.0,1.0,1.0000666e-06
1.0,1.0,1.0000663e-06
1.0,1.0,1.0000659e-06
1.0,1.0,1.0000655e-06
1.0,1.0,1.0000651e-06
1.0,1.0,1.0000647e-06
1.0,1.0,1.0000642e-06
1.0,1.0,1.0000639e-06
1.0,1.0,1.0000634e-06
1.0,1.0,1.000063e-06
1.0,1.0,1.0000625e-06
1.0,1.0,1.0000621e-06
1.0,1.0,1.0000616e-06
1.0,1.0,1.0000612e-06
1.0,1.0,1.0000606e-06
1.0,1.0,1.0000601e-06
1.0,1.0,1.0000597e-06
1.0,1.0,1.0000591e-06
1.0,1.0,1.0000587e-06
1.0,1.0,1.0000581e-06
1.0,1.0,1.0000576e-06
1.0,1.0,1.0000571e-06
1.0,1.0,1.0000565e-06
1.0,1.0,1.000056e-06
1.0,1.0,1.0000555e-06
1.0,1.0,1.0000549e-06
1.0,1.0,1.0000543e-06
1.0,1.0,1.0000538e-06
1.0,1.0,1.0000532e-06
1.0,1.0,1.0000526e-06
1.0,1.0,1.0000521e-06
1.0,1.0,1.0000515e-06
1.0,1.0,1.0000509e-06
1.0,1.0,1.0000504e-06
1.0,1.0,1.0000497e-06
1.0,1.0,1.0000491e-06
1.0,1.0,1.0000485e-06
1.0,1.0,1.0000479e-06
1.0,1.0,1.0000473e-06
1.0,1.0,1.0000467e-06
1.0,1.0,1.000046e-06
1.0,1.0,1.0000455e-06
1.0,1.0,1.0000448e-06
1.0,1.0,1.0000442e-06
1.0,1.0,1.0000437e-06
1.0,1.0,1.000043e-06
1.0,1.0,1.0000424e-06
1.0,1.0,1.0000417e-06
1.0,1.0,1.0000412e-06
1.0,1.0,1.0000405e-06
1.0,1.0,1.0000399e-06
1.0,1.0,1.0000392e-06
1.0,1.0,1.0000387e-06
1.0,1.0,1.000038e-06
1.0,1.0,1.0000374e-06
1.0,1.0,1.0000368e-06
0.9998987,1.0,1.0000361e-06
1.0,1.0,1.0000356e-06
1.0,1.0,1.0000349e-06
1.0,1.0,1.0000343e-06
1.0,1.0,1.0000338e-06
1.0,1.0,1.0000331e-06
1.0,1.0,1.0000325e-06
0.9995627,1.0,1.000032e-06
1.0,1.0,1.0000314e-06
1.0,1.0,1.0000307e-06
1.0,1.0,1.0000301e-06
1.0,1.0,1.0000296e-06
1.0,1.0,1.000029e-06
1.0,1.0,1.0000284e-06
1.0,1.0,1.0000279e-06
1.0,1.0,1.0000273e-06
1.0,1.0,1.0000267e-06
1.0,1.0,1.0000261e-06
1.0,1.0,1.0000256e-06
1.0,1.0,1.000025e-06
1.0,1.0,1.0000246e-06
1.0,1.0,1.000024e-06
1.0,1.0,1.0000234e-06
1.0,1.0,1.000023e-06
1.0,1.0,1.0000224e-06
1.0,1.0,1.0000219e-06
1.0,1.0,1.0000215e-06
1.0,1.0,1.0000209e-06
1.0,1.0,1.0000205e-06
1.0,1.0,1.00002e-06
1.0,1.0,1.0000196e-06
1.0,1.0,1.0000191e-06
1.0,1.0,1.0000186e-06
1.0,1.0,1.0000182e-06
1.0,1.0,1.0000177e-06
1.0,1.0,1.0000173e-06
1.0,1.0,1.0000168e-06
1.0,1.0,1.0000164e-06
1.0,1.0,1.000016e-06
1.0,1.0,1.0000156e-06
1.0,1.0,1.0000152e-06
1.0,1.0,1.0000148e-06
1.0,1.0,1.0000144e-06
1.0,1.0,1.0000141e-06
1.0,1.0,1.0000136e-06
1.0,1.0,1.0000133e-06
0.99905384,1.0,1.000013e-06
1.0,1.0,1.0000126e-06
1.0,1.0,1.0000123e-06
1.0,1.0,1.0000119e-06
1.0,1.0,1.0000116e-06
1.0,1.0,1.0000113e-06
1.0,1.0,1.000011e-06
0.99998015,1.0,1.0000107e-06
0.9999857,1.0,1.0000103e-06
1.0,1.0,1.0000101e-06
1.0,1.0,1.0000098e-06
0.99997914,1.0,1.0000095e-06
0.9988136,1.0,1.0000093e-06
0.9999404,1.0,1.000009e-06
0.99763024,1.0,1.0000088e-06
0.9999065,1.0,1.0000085e-06
0.9998593,1.0,1.0000083e-06
0.9998711,1.0,1.0000081e-06
0.99998134,1.0,1.0000078e-06
0.9997907,1.0,1.0000076e-06
0.99973243,1.0,1.0000074e-06
0.9997021,1.0,1.0000072e-06
0.9997127,1.0,1.0000069e-06
0.9998099,1.0,1.0000067e-06
0.999649,1.0,1.0000066e-06
0.99850935,1.0,1.0000064e-06
0.9984687,1.0,1.0000061e-06
0.9996471,1.0,1.000006e-06
0.9984656,1.0,1.0000058e-06
0.99956036,1.0,1.0000057e-06
0.9983832,1.0,1.0000055e-06
0.9995649,1.0,1.0000053e-06
0.9995571,1.0,1.0000052e-06
0.9995312,1.0,1.000005e-06
0.9993455,1.0,1.0000049e-06
0.9992896,1.0,1.0000048e-06
0.999341,1.0,1.0000045e-06
0.99931765,1.0,1.0000044e-06
0.99935967,1.0,1.0000043e-06
0.9993584,1.0,1.0000042e-06
0.99814165,1.0,1.0000041e-06
0.9992534,1.0,1.000004e-06
0.999297,1.0,1.0000039e-06
0.9992539,1.0,1.0000037e-06
0.9992621,1.0,1.0000036e-06
0.99922115,1.0,1.0000035e-06
0.99918985,1.0,1.0000034e-06
0.9991661,1.0,1.0000033e-06
0.9990587,1.0,1.0000033e-06
0.9991769,1.0,1.0000032e-06
0.99914545,1.0,1.0000031e-06
0.9990275,1.0,1.000003e-06
0.99889517,1.0,1.000003e-06
0.9987831,1.0,1.0000028e-06
0.99892324,1.0,1.0000027e-06
0.9988771,1.0,1.0000027e-06
0.9988859,1.0,1.0000026e-06
0.9989009,1.0,1.0000025e-06
0.99865925,1.0,1.0000025e-06
0.9987847,1.0,1.0000024e-06
0.99875313,1.0,1.0000024e-06
0.9987699,1.0,1.0000023e-06
0.99871314,1.0,1.0000023e-06
0.9987378,1.0,1.0000022e-06
0.9985348,1.0,1.0000022e-06
0.99855334,1.0,1.000002e-06
0.9985384,1.0,1.000002e-06
0.9984975,1.0,1.0000019e-06
0.9986145,1.0,1.0000019e-06
0.9986144,1.0,1.0000019e-06
0.99854827,1.0,1.0000018e-06
0.99860686,1.0,1.0000018e-06
0.9985773,1.0,1.0000017e-06
0.9985572,1.0,1.0000017e-06
0.9985815,1.0,1.0000017e-06
0.99851704,1.0,1.0000016e-06
0.99848837,1.0,1.0000016e-06
0.9984811,1.0,1.0000016e-06
0.99843276,1.0,1.0000016e-06
0.9983889,1.0,1.0000015e-06
0.9983689,1.0,1.0000015e-06
0.998318,1.0,1.0000015e-06
0.99820113,1.0,1.0000015e-06
0.99811864,1.0,1.0000014e-06
0.9981643,1.0,1.0000014e-06
0.99809545,1.0,1.0000014e-06
0.9981565,1.0,1.0000014e-06
0.99808705,1.0,1.0000012e-06
0.99814546,1.0,1.0000012e-06
0.99811083,1.0,1.0000012e-06
0.99796766,1.0,1.0000012e-06
0.99795336,1.0,1.0000012e-06
0.99787766,1.0,1.0000012e-06
0.9977252,1.0,1.0000011e-06
0.99784845,1.0,1.0000011e-06
0.9977348,1.0,1.0000011e-06
0.99775994,1.0,1.0000011e-06
0.9977452,1.0,1.0000011e-06
0.9978126,1.0,1.0000011e-06
0.99780816,1.0,1.0000011e-06
0.9977864,1.0,1.000001e-06
0.9978009,1.0,1.000001e-06
0.9976735,1.0,1.000001e-06
0.99766546,1.0,1.000001e-06
0.99750686,1.0,1.000001e-06
0.99755734,1.0,1.000001e-06
0.99751735,1.0,1.000001e-06
0.99743366,1.0,1.000001e-06
0.99740076,1.0,1.000001e-06
0.9973829,1.0,1.000001e-06
0.99737966,1.0,1.000001e-06
0.99748904,1.0,1.000001e-06
0.9973938,1.0,1.000001e-06
0.996185,1.0,1.000001e-06
0.9973175,1.0,1.000001e-06
0.9972438,1.0,1.0000009e-06
0.99729747,1.0,1.0000009e-06
0.9960735,1.0,1.0000009e-06
0.99605024,1.0,1.0000009e-06
0.99714667,1.0,1.0000009e-06
0.9971458,1.0,1.0000009e-06
0.99714166,1.0,1.0000009e-06
0.9971833,1.0,1.0000009e-06
0.9970346,1.0,1.0000009e-06
0.99702746,1.0,1.0000009e-06
0.997024,1.0,1.0000009e-06
0.99699765,1.0,1.0000009e-06
0.99701154,1.0,1.0000009e-06
0.9970768,1.0,1.0000009e-06
0.9970071,1.0,1.0000009e-06
0.9966189,1.0,1.0000009e-06
0.9968453,1.0,1.000001e-06
0.9968538,1.0,1.000001e-06
0.996875,1.0,1.000001e-06
0.9967775,1.0,1.000001e-06
0.9968116,1.0,1.000001e-06
0.9956211,1.0,1.000001e-06
0.99671394,1.0,1.000001e-06
0.9967066,1.0,1.000001e-06
0.99656886,1.0,1.000001e-06
0.9966656,1.0,1.000001e-06
0.99667364,1.0,1.000001e-06
0.9965621,1.0,1.000001e-06
0.9966011,1.0,1.000001e-06
0.9964989,1.0,1.000001e-06
0.9965521,1.0,1.000001e-06
0.99648046,1.0,1.0000011e-06
0.9963704,1.0,1.0000011e-06
0.99642086,1.0,1.0000011e-06
0.9963695,1.0,1.0000011e-06
0.99634737,1.0,1.0000011e-06
0.99638355,1.0,1.0000011e-06
0.99633443,1.0,1.0000011e-06
0.99636203,1.0,1.0000011e-06
0.9963829,1.0,1.0000012e-06
0.99640644,1.0,1.0000012e-06
0.99634415,1.0,1.0000012e-06
0.9964045,1.0,1.0000012e-06
0.996385,1.0,1.0000012e-06
0.9963096,1.0,1.0000012e-06
0.9962619,1.0,1.0000014e-06
0.9961807,1.0,1.0000014e-06
0.99620664,1.0,1.0000014e-06
0.9961852,1.0,1.0000014e-06
0.9961822,1.0,1.0000014e-06
0.9960772,1.0,1.0000015e-06
0.9961106,1.0,1.0000015e-06
0.99594903,1.0,1.0000015e-06
0.9960222,1.0,1.0000015e-06
0.99482435,1.0,1.0000015e-06
0.9959391,1.0,1.0000016e-06
0.9959632,1.0,1.0000016e-06
0.9958439,1.0,1.0000016e-06
0.99586153,1.0,1.0000017e-06
0.99578685,1.0,1.0000017e-06
0.9946423,1.0,1.0000017e-06
0.99563426,1.0,1.0000017e-06
0.99558157,1.0,1.0000018e-06
0.9956032,1.0,1.0000018e-06
0.99559754,1.0,1.0000018e-06
0.9955539,1.0,1.0000019e-06
0.9955944,1.0,1.0000019e-06
0.99558747,1.0,1.0000019e-06
0.9956327,1.0,1.000002e-06
0.9955575,1.0,1.000002e-06
0.9955597,1.0,1.000002e-06
0.9955684,1.0,1.0000022e-06
0.99551696,1.0,1.0000022e-06
0.99549407,1.0,1.0000023e-06
0.9954801,1.0,1.0000023e-06
0.9954644,1.0,1.0000023e-06
0.99190855,1.0,1.0000024e-06
0.9953342,1.0,1.0000024e-06
0.99526423,1.0,1.0000025e-06
0.9952646,1.0,1.0000025e-06
0.9951987,1.0,1.0000026e-06
0.9940454,1.0,1.0000026e-06
0.9951389,1.0,1.0000027e-06
0.9951427,1.0,1.0000027e-06
0.99510306,1.0,1.0000028e-06
0.9951421,1.0,1.0000028e-06
0.9950886,1.0,1.000003e-06
0.99496824,1.0,1.000003e-06
0.9949475,1.0,1.0000031e-06
0.99495083,1.0,1.0000031e-06
0.9949258,1.0,1.0000032e-06
0.9948543,1.0,1.0000032e-06
0.99478585,1.0,1.0000033e-06
0.9947289,1.0,1.0000033e-06
0.99462867,1.0,1.0000034e-06
0.9946556,1.0,1.0000035e-06
0.9947248,1.0,1.0000035e-06
0.9947503,1.0,1.0000036e-06
0.99474597,1.0,1.0000036e-06
0.99464464,1.0,1.0000037e-06
0.99466014,1.0,1.0000039e-06
0.9934936,1.0,1.0000039e-06
0.99461627,1.0,1.000004e-06
0.9946038,1.0,1.000004e-06
0.99459004,1.0,1.0000041e-06
0.99452454,1.0,1.0000042e-06
0.99451584,1.0,1.0000042e-06
0.99436826,1.0,1.0000043e-06
0.9932827,1.0,1.0000044e-06
0.9943965,1.0,1.0000044e-06
0.9944097,1.0,1.0000045e-06
0.99432397,1.0,1.0000045e-06
0.9943415,1.0,1.0000047e-06
0.99435073,1.0,1.0000048e-06
0.99315107,1.0,1.0000048e-06
0.99428034,1.0,1.0000049e-06
0.9941238,1.0,1.000005e-06
0.99421257,1.0,1.000005e-06
0.994093,1.0,1.0000051e-06
0.9940093,1.0,1.0000051e-06
0.9939447,1.0,1.0000052e-06
0.9939362,1.0,1.0000053e-06
0.9938053,1.0,1.0000053e-06
0.99390024,1.0,1.0000055e-06
0.9936594,1.0,1.0000055e-06
0.99365896,1.0,1.0000056e-06
0.9935692,1.0,1.0000057e-06
0.9935982,1.0,1.0000057e-06
0.9937315,1.0,1.0000058e-06
0.9937112,1.0,1.0000058e-06
0.9937617,1.0,1.0000059e-06
0.99372447,1.0,1.0000059e-06
0.99372804,1.0,1.000006e-06
0.993687,1.0,1.000006e-06
0.9936998,1.0,1.0000061e-06
0.99254936,1.0,1.0000061e-06
0.9935729,1.0,1.0000063e-06
0.9935124,1.0,1.0000063e-06
0.99356776,1.0,1.0000064e-06
0.9934657,1.0,1.0000064e-06
0.9934757,1.0,1.0000065e-06
0.993522,1.0,1.0000065e-06
0.99341637,1.0,1.0000065e-06
0.99332285,1.0,1.0000066e-06
0.9933491,1.0,1.0000066e-06
0.99330676,1.0,1.0000067e-06
0.99212587,1.0,1.0000067e-06
0.9930587,1.0,1.0000067e-06
0.9932497,1.0,1.0000068e-06
0.99313915,1.0,1.0000068e-06
0.9930485,1.0,1.0000068e-06
0.99307996,1.0,1.0000068e-06
0.9929669,1.0,1.0000069e-06
0.9929926,1.0,1.0000069e-06
0.9930197,1.0,1.0000069e-06
0.9929701,1.0,1.0000069e-06
0.9929413,1.0,1.0000069e-06
0.9927804,1.0,1.000007e-06
0.9927681,1.0,1.000007e-06
0.99274445,1.0,1.000007e-06
0.99283886,1.0,1.000007e-06
0.9928015,1.0,1.000007e-06
0.9927351,1.0,1.000007e-06
0.9926893,1.0,1.000007e-06
0.9927278,1.0,1.000007e-06
0.9926863,1.0,1.000007e-06
0.992545,1.0,1.000007e-06
0.99254555,1.0,1.000007e-06
0.9925086,1.0,1.000007e-06
0.9924495,1.0,1.000007e-06
0.9924155,1.0,1.000007e-06
0.992401,1.0,1.000007e-06
0.992375,1.0,1.000007e-06
0.99232954,1.0,1.000007e-06
0.9911356,1.0,1.000007e-06
0.9922208,1.0,1.000007e-06
0.9921264,1.0,1.000007e-06
0.9920507,1.0,1.000007e-06
0.99199134,1.0,1.0000069e-06
0.99200857,1.0,1.0000069e-06
0.99188274,1.0,1.0000069e-06
0.99184895,1.0,1.0000069e-06
0.99184144,1.0,1.0000069e-06
0.99176645,1.0,1.0000069e-06
0.9917034,1.0,1.0000068e-06
0.9915787,1.0,1.0000068e-06
0.9904957,1.0,1.0000068e-06
0.99037635,1.0,1.0000068e-06
0.9914577,1.0,1.0000067e-06
0.99143827,1.0,1.0000067e-06
0.9914673,1.0,1.0000067e-06
0.991401,1.0,1.0000066e-06
0.99134016,1.0,1.0000066e-06
0.99140054,1.0,1.0000066e-06
0.99151874,1.0,1.0000065e-06
0.99144936,1.0,1.0000065e-06
0.9915209,1.0,1.0000065e-06
0.9915202,1.0,1.0000064e-06
0.9913203,1.0,1.0000064e-06
0.99147815,1.0,1.0000064e-06
0.99144965,1.0,1.0000063e-06
0.9913826,1.0,1.0000063e-06
0.9902442,1.0,1.0000063e-06
0.99136037,1.0,1.0000061e-06
0.9912923,1.0,1.0000061e-06
0.9912409,1.0,1.000006e-06
0.9900024,1.0,1.000006e-06
0.99117696,1.0,1.000006e-06
0.9910961,1.0,1.0000059e-06
0.99108845,1.0,1.0000059e-06
0.99101514,1.0,1.0000058e-06
0.9909571,1.0,1.0000058e-06
0.9909369,1.0,1.0000058e-06
0.99085563,1.0,1.0000057e-06
0.9908361,1.0,1.0000057e-06
0.9907903,1.0,1.0000056e-06
0.990743,1.0,1.0000056e-06
0.9906804,1.0,1.0000055e-06
0.9894384,1.0,1.0000055e-06
0.9905854,1.0,1.0000055e-06
0.9905729,1.0,1.0000053e-06
0.99049824,1.0,1.0000053e-06
0.99053115,1.0,1.0000052e-06
0.990454,1.0,1.0000052e-06
0.98932827,1.0,1.0000051e-06
0.99050194,1.0,1.0000051e-06
0.99028784,1.0,1.0000051e-06
0.9892174,1.0,1.000005e-06
0.9903065,1.0,1.000005e-06
0.99035144,1.0,1.0000049e-06
0.9880712,1.0,1.0000049e-06
0.99039274,1.0,1.0000049e-06
0.99037063,1.0,1.0000048e-06
0.9903537,1.0,1.0000048e-06
0.9902933,1.0,1.0000047e-06
0.99028045,1.0,1.0000047e-06
0.9890713,1.0,1.0000045e-06
0.99028903,1.0,1.0000045e-06
0.9901619,1.0,1.0000045e-06
0.9901703,1.0,1.0000044e-06
0.99017096,1.0,1.0000044e-06
0.9901848,1.0,1.0000043e-06
0.99008536,1.0,1.0000043e-06
0.9901158,1.0,1.0000043e-06
0.9900743,1.0,1.0000042e-06
0.9900159,1.0,1.0000042e-06
0.9900397,1.0,1.0000042e-06
0.9899599,1.0,1.0000041e-06
0.9899842,1.0,1.0000041e-06
0.98991835,1.0,1.000004e-06
0.989805,1.0,1.000004e-06
0.9897046,1.0,1.000004e-06
0.98968387,1.0,1.0000039e-06
0.9895383,1.0,1.0000039e-06
0.98960304,1.0,1.0000039e-06
0.9896565,1.0,1.0000037e-06
0.9895446,1.0,1.0000037e-06
0.98963857,1.0,1.0000036e-06
0.98958665,1.0,1.0000036e-06
0.98962885,1.0,1.0000036e-06
0.9895413,1.0,1.0000035e-06
0.9895841,1.0,1.0000035e-06
0.9895076,1.0,1.0000035e-06
0.989394,1.0,1.0000034e-06
0.9893741,1.0,1.0000034e-06
0.98927724,1.0,1.0000034e-06
0.9892261,1.0,1.0000033e-06
0.98927647,1.0,1.0000033e-06
0.98925894,1.0,1.0000033e-06
0.98916495,1.0,1.0000032e-06
0.9892037,1.0,1.0000032e-06
0.9891601,1.0,1.0000032e-06
0.9891539,1.0,1.0000032e-06
0.9889755,1.0,1.0000031e-06
0.98901093,1.0,1.0000031e-06
0.98895496,1.0,1.0000031e-06
0.98895377,1.0,1.000003e-06
0.98899037,1.0,1.000003e-06
0.9889341,1.0,1.000003e-06
0.98884887,1.0,1.0000028e-06
0.9887691,1.0,1.0000028e-06
0.9885652,1.0,1.0000028e-06
0.98759884,1.0,1.0000028e-06
0.98876214,1.0,1.0000027e-06
0.988736,1.0,1.0000027e-06
0.9875036,1.0,1.0000027e-06
0.98861134,1.0,1.0000027e-06
0.9885941,1.0,1.0000026e-06
0.98815644,1.0,1.0000026e-06
0.98860073,1.0,1.0000026e-06
0.98741865,1.0,1.0000026e-06
0.9884805,1.0,1.0000025e-06
0.98838,1.0,1.0000025e-06
0.98836964,1.0,1.0000025e-06
0.98838717,1.0,1.0000025e-06
0.98840785,1.0,1.0000024e-06
0.98835146,1.0,1.0000024e-06
0.9872096,1.0,1.0000024e-06
0.98826665,1.0,1.0000024e-06
0.98826486,1.0,1.0000023e-06
0.9882128,1.0,1.0000023e-06
0.98810565,1.0,1.0000023e-06
0.9881377,1.0,1.0000023e-06
0.98811865,1.0,1.0000023e-06
0.9880363,1.0,1.0000022e-06
0.9879721,1.0,1.0000022e-06
0.98797697,1.0,1.0000022e-06
0.98787105,1.0,1.0000022e-06
0.9867786,1.0,1.0000022e-06
0.9878186,1.0,1.000002e-06
0.9866426,1.0,1.000002e-06
0.98777854,1.0,1.000002e-06
0.98765516,1.0,1.000002e-06
0.98641676,1.0,1.000002e-06
0.98746556,1.0,1.0000019e-06
0.98741746,1.0,1.0000019e-06
0.9874662,1.0,1.0000019e-06
0.98755944,1.0,1.0000019e-06
0.98756355,1.0,1.0000019e-06
0.98750716,1.0,1.0000019e-06
0.98746836,1.0,1.0000018e-06
0.987546,1.0,1.0000018e-06
0.98743063,1.0,1.0000018e-06
0.98737335,1.0,1.0000018e-06
0.98733765,1.0,1.0000018e-06
0.9872451,1.0,1.0000018e-06
0.9871376,1.0,1.0000017e-06
0.98701215,1.0,1.0000017e-06
0.98703456,1.0,1.0000017e-06
0.9870451,1.0,1.0000017e-06
0.98706985,1.0,1.0000017e-06
0.9869303,1.0,1.0000017e-06
0.98700637,1.0,1.0000017e-06
0.9869409,1.0,1.0000016e-06
0.98680913,1.0,1.0000016e-06
0.98669225,1.0,1.0000016e-06
0.98668134,1.0,1.0000016e-06
0.98665106,1.0,1.0000016e-06
0.98667896,1.0,1.0000016e-06
0.98660934,1.0,1.0000016e-06
0.98664874,1.0,1.0000016e-06
0.98652697,1.0,1.0000015e-06
0.9864591,1.0,1.0000015e-06
0.98646843,1.0,1.0000015e-06
0.9853225,1.0,1.0000015e-06
0.9863798,1.0,1.0000015e-06
0.98636687,1.0,1.0000015e-06
0.98628604,1.0,1.0000015e-06
0.986231,1.0,1.0000015e-06
0.985103,1.0,1.0000014e-06
0.9862521,1.0,1.0000014e-06
0.9850531,1.0,1.0000014e-06
0.9860489,1.0,1.0000014e-06
0.9860642,1.0,1.0000014e-06
0.98607355,1.0,1.0000014e-06
0.98600256,1.0,1.0000014e-06
0.98602396,1.0,1.0000014e-06
0.9859483,1.0,1.0000014e-06
0.98590446,1.0,1.0000014e-06
0.9858529,1.0,1.0000012e-06
0.9858548,1.0,1.0000012e-06
0.9858174,1.0,1.0000012e-06
0.9846762,1.0,1.0000012e-06
0.98577785,1.0,1.0000012e-06
0.9854119,1.0,1.0000012e-06
0.98567295,1.0,1.0000012e-06
0.98561555,1.0,1.0000012e-06
0.9845215,1.0,1.0000012e-06
0.9854656,1.0,1.0000012e-06
0.9855658,1.0,1.0000012e-06
0.9854326,1.0,1.0000012e-06
0.98526543,1.0,1.0000011e-06
0.9853921,1.0,1.0000011e-06
0.9853509,1.0,1.0000011e-06
0.98530024,1.0,1.0000011e-06
0.9852564,1.0,1.0000011e-06
0.98523575,1.0,1.0000011e-06
0.9852093,1.0,1.0000011e-06
0.9851112,1.0,1.0000011e-06
0.9851105,1.0,1.0000011e-06
0.9850336,1.0,1.0000011e-06
0.9850512,1.0,1.0000011e-06
0.9849972,1.0,1.0000011e-06
0.9848753,1.0,1.0000011e-06
0.9849613,1.0,1.0000011e-06
0.98492587,1.0,1.0000011e-06
0.98492646,1.0,1.0000011e-06
0.9848955,1.0,1.000001e-06
0.98479676,1.0,1.000001e-06
0.9847024,1.0,1.000001e-06
0.98474115,1.0,1.000001e-06
0.98353755,1.0,1.000001e-06
0.983582,1.0,1.000001e-06
0.9847126,1.0,1.000001e-06
0.9847214,1.0,1.000001e-06
0.98467064,1.0,1.000001e-06
0.9847025,1.0,1.000001e-06
0.9845321,1.0,1.000001e-06
0.9845979,1.0,1.000001e-06
0.9845401,1.0,1.000001e-06
0.9845204,1.0,1.000001e-06
0.98443496,1.0,1.000001e-06
0.9844266,1.0,1.000001e-06
0.98439544,1.0,1.000001e-06
0.9843701,1.0,1.000001e-06
0.98421544,1.0,1.000001e-06
0.984318,1.0,1.000001e-06
0.9842122,1.0,1.000001e-06
0.9841305,1.0,1.000001e-06
0.9829576,1.0,1.000001e-06
0.983965,1.0,1.000001e-06
0.9840068,1.0,1.0000009e-06
0.9828914,1.0,1.0000009e-06
0.9838999,1.0,1.0000009e-06
0.9827913,1.0,1.0000009e-06
0.9838941,1.0,1.0000009e-06
0.98386675,1.0,1.0000009e-06
0.983754,1.0,1.0000009e-06
0.9838344,1.0,1.0000009e-06
0.9825837,1.0,1.0000009e-06
0.98333836,1.0,1.0000009e-06
0.98365766,1.0,1.0000009e-06
0.9836391,1.0,1.0000009e-06
0.98242617,1.0,1.0000009e-06
0.98348755,1.0,1.0000009e-06
0.98358613,1.0,1.0000009e-06
0.98347867,1.0,1.0000009e-06
0.98350745,1.0,1.0000009e-06
0.98329,1.0,1.0000009e-06
0.98334616,1.0,1.0000009e-06
0.9832485,1.0,1.0000009e-06
0.9832303,1.0,1.0000009e-06
0.9831631,1.0,1.0000009e-06
0.9831939,1.0,1.0000009e-06
0.9830115,1.0,1.0000009e-06
0.9830212,1.0,1.0000009e-06
0.98300797,1.0,1.0000009e-06
0.9829596,1.0,1.0000009e-06
0.9828979,1.0,1.0000009e-06
0.9828452,1.0,1.0000009e-06
0.9827519,1.0,1.0000009e-06
0.9816109,1.0,1.0000009e-06
0.9826469,1.0,1.0000009e-06
0.98260725,1.0,1.0000009e-06
0.98258203,1.0,1.0000009e-06
0.9826087,1.0,1.0000009e-06
0.9814398,1.0,1.0000009e-06
0.9825425,1.0,1.0000009e-06
0.98138577,1.0,1.0000009e-06
0.98246014,1.0,1.0000009e-06
0.98242587,1.0,1.0000009e-06
0.9824233,1.0,1.0000009e-06
0.9823733,1.0,1.0000009e-06
0.98218673,1.0,1.0000009e-06
0.9821823,1.0,1.0000009e-06
0.98230785,1.0,1.0000009e-06
0.9822842,1.0,1.0000009e-06
0.98107004,1.0,1.0000009e-06
0.9822188,1.0,1.0000009e-06
0.982262,1.0,1.0000009e-06
0.9821631,1.0,1.0000009e-06
0.9820653,1.0,1.0000009e-06
0.98209524,1.0,1.0000009e-06
0.98198676,1.0,1.000001e-06
0.9818645,1.0,1.000001e-06
0.9818096,1.0,1.000001e-06
0.98069674,1.0,1.000001e-06
0.9817128,1.0,1.000001e-06
0.9817485,1.0,1.000001e-06
0.98153526,1.0,1.000001e-06
0.98154575,1.0,1.000001e-06
0.98156583,1.0,1.000001e-06
0.98154396,1.0,1.000001e-06
0.9814347,1.0,1.000001e-06
0.9803198,1.0,1.000001e-06
0.9813494,1.0,1.000001e-06
0.98128545,1.0,1.000001e-06
0.98128355,1.0,1.000001e-06
0.9811083,1.0,1.000001e-06
0.9812113,1.0,1.000001e-06
0.98114043,1.0,1.000001e-06
0.981046,1.0,1.000001e-06
0.98100626,1.0,1.000001e-06
0.980989,1.0,1.000001e-06
0.98099023,1.0,1.000001e-06
0.9808613,1.0,1.0000011e-06
0.9808767,1.0,1.0000011e-06
0.9807923,1.0,1.0000011e-06
0.9806684,1.0,1.0000011e-06
0.9807191,1.0,1.0000011e-06
0.9805856,1.0,1.0000011e-06
0.9806,1.0,1.0000011e-06
0.9805157,1.0,1.0000011e-06
0.9805645,1.0,1.0000011e-06
0.9803803,1.0,1.0000011e-06
0.9804426,1.0,1.0000011e-06
0.9805028,1.0,1.0000011e-06
0.9803996,1.0,1.0000011e-06
0.9803473,1.0,1.0000012e-06
0.9804051,1.0,1.0000012e-06
0.9803405,1.0,1.0000012e-06
0.9803312,1.0,1.0000012e-06
0.98028165,1.0,1.0000012e-06
0.98020834,1.0,1.0000012e-06
0.98014057,1.0,1.0000012e-06
0.98016423,1.0,1.0000012e-06
0.9800911,1.0,1.0000012e-06
0.98004556,1.0,1.0000012e-06
0.979907,1.0,1.0000014e-06
0.97997135,1.0,1.0000014e-06
0.97983307,1.0,1.0000014e-06
0.9798085,1.0,1.0000014e-06
0.97984475,1.0,1.0000014e-06
0.979721,1.0,1.0000014e-06
0.97973764,1.0,1.0000014e-06
0.9797626,1.0,1.0000014e-06
0.979631,1.0,1.0000015e-06
0.97959185,1.0,1.0000015e-06
0.979531,1.0,1.0000015e-06
0.9795124,1.0,1.0000015e-06
0.97942275,1.0,1.0000015e-06
0.97948235,1.0,1.0000015e-06
0.9793263,1.0,1.0000015e-06
0.97931427,1.0,1.0000016e-06
0.979324,1.0,1.0000016e-06
0.9791781,1.0,1.0000016e-06
0.9792292,1.0,1.0000016e-06
0.9790907,1.0,1.0000016e-06
0.9779525,1.0,1.0000017e-06
0.9790604,1.0,1.0000017e-06
0.9790322,1.0,1.0000017e-06
0.9789602,1.0,1.0000017e-06
0.97895485,1.0,1.0000017e-06
0.9788594,1.0,1.0000018e-06
0.9787616,1.0,1.0000018e-06
0.9787702,1.0,1.0000018e-06
0.97880983,1.0,1.0000018e-06
0.9786739,1.0,1.0000018e-06
0.9786401,1.0,1.0000019e-06
0.9785576,1.0,1.0000019e-06
0.9785577,1.0,1.0000019e-06
0.9785374,1.0,1.0000019e-06
0.9784924,1.0,1.000002e-06
0.9784815,1.0,1.000002e-06
0.978389,1.0,1.000002e-06
0.9783999,1.0,1.000002e-06
0.9783923,1.0,1.0000022e-06
0.97827554,1.0,1.0000022e-06
0.9781795,1.0,1.0000022e-06
0.978119,1.0,1.0000023e-06
0.97812974,1.0,1.0000023e-06
0.97811925,1.0,1.0000023e-06
0.9781405,1.0,1.0000024e-06
0.9780879,1.0,1.0000024e-06
0.9780591,1.0,1.0000024e-06
0.978019,1.0,1.0000025e-06
0.97785705,1.0,1.0000025e-06
0.97788686,1.0,1.0000025e-06
0.97782266,1.0,1.0000026e-06
0.9777941,1.0,1.0000026e-06
0.97777003,1.0,1.0000027e-06
0.97773415,1.0,1.0000027e-06
0.97775865,1.0,1.0000027e-06
0.9777065,1.0,1.0000028e-06
0.977669,1.0,1.0000028e-06
0.9775519,1.0,1.000003e-06
0.9775683,1.0,1.000003e-06
0.9775099,1.0,1.0000031e-06
0.97744656,1.0,1.0000031e-06
0.97740257,1.0,1.0000032e-06
0.97736716,1.0,1.0000032e-06
0.97726953,1.0,1.0000033e-06
0.97729295,1.0,1.0000033e-06
0.977223,1.0,1.0000034e-06
0.97716516,1.0,1.0000034e-06
0.97711045,1.0,1.0000035e-06
0.9759383,1.0,1.0000035e-06
0.9770368,1.0,1.0000036e-06
0.9769769,1.0,1.0000037e-06
0.9769888,1.0,1.0000037e-06
0.9769338,1.0,1.0000039e-06
0.97681,1.0,1.0000039e-06
0.9768004,1.0,1.000004e-06
0.9767854,1.0,1.0000041e-06
0.97670496,1.0,1.0000042e-06
0.9767336,1.0,1.0000042e-06
0.9766688,1.0,1.0000043e-06
0.9766009,1.0,1.0000044e-06
0.9765968,1.0,1.0000045e-06
0.9765537,1.0,1.0000045e-06
0.9765176,1.0,1.0000047e-06
0.97647625,1.0,1.0000048e-06
0.97635925,1.0,1.0000049e-06
0.97632855,1.0,1.000005e-06
0.97629696,1.0,1.0000051e-06
0.9762619,1.0,1.0000051e-06
0.9762877,1.0,1.0000052e-06
0.97620577,1.0,1.0000053e-06
0.97615546,1.0,1.0000055e-06
0.9761484,1.0,1.0000056e-06
0.9760469,1.0,1.0000057e-06
0.97601146,1.0,1.0000058e-06
0.97599983,1.0,1.000006e-06
0.9759187,1.0,1.0000061e-06
0.9757976,1.0,1.0000063e-06
0.975859,1.0,1.0000064e-06
0.9758105,1.0,1.0000065e-06
0.97573674,1.0,1.0000066e-06
0.97577125,1.0,1.0000068e-06
0.97570765,1.0,1.0000069e-06
0.97568756,1.0,1.000007e-06
0.9756193,1.0,1.0000072e-06
0.9755748,1.0,1.0000074e-06
0.97549456,1.0,1.0000075e-06
0.9754057,1.0,1.0000077e-06
0.97544277,1.0,1.0000078e-06
0.9753728,1.0,1.0000081e-06
0.9753897,1.0,1.0000082e-06
0.9754027,1.0,1.0000084e-06
0.9751636,1.0,1.0000085e-06
0.97522396,1.0,1.0000088e-06
0.9751916,1.0,1.000009e-06
0.9751143,1.0,1.0000091e-06
0.97510546,1.0,1.0000093e-06
0.97502923,1.0,1.0000095e-06
0.9750262,1.0,1.0000098e-06
0.9750176,1.0,1.00001e-06
0.9749762,1.0,1.0000102e-06
0.97488946,1.0,1.0000105e-06
0.97488666,1.0,1.0000107e-06
0.97477865,1.0,1.0000109e-06
0.9748131,1.0,1.0000111e-06
0.9747032,1.0,1.0000114e-06
0.9746755,1.0,1.0000116e-06
0.97468877,1.0,1.0000119e-06
0.97458667,1.0,1.0000122e-06
0.97448575,1.0,1.0000124e-06
0.97447014,1.0,1.0000127e-06
0.97448117,1.0,1.000013e-06
0.9744229,1.0,1.0000133e-06
0.97437197,1.0,1.0000136e-06
0.974347,1.0,1.0000139e-06
0.9743066,1.0,1.0000142e-06
0.9742617,1.0,1.0000145e-06
0.974224,1.0,1.0000149e-06
0.9741548,1.0,1.0000152e-06
0.9741129,1.0,1.0000156e-06
0.9740889,1.0,1.0000159e-06
0.974034,1.0,1.0000163e-06
0.97387934,1.0,1.0000166e-06
0.97393435,1.0,1.0000169e-06
0.97391033,1.0,1.0000174e-06
0.9738671,1.0,1.0000177e-06
0.97383636,1.0,1.0000182e-06
0.9738048,1.0,1.0000185e-06
0.973769,1.0,1.000019e-06
0.9736962,1.0,1.0000194e-06
0.9736384,1.0,1.0000199e-06
0.97358775,1.0,1.0000203e-06
0.9735289,1.0,1.0000208e-06
0.97348416,1.0,1.0000213e-06
0.9734514,1.0,1.0000217e-06
0.9734075,1.0,1.0000222e-06
0.9733672,1.0,1.0000227e-06
0.9733499,1.0,1.0000232e-06
0.97333574,1.0,1.0000238e-06
0.9732328,1.0,1.0000242e-06
0.97314095,1.0,1.0000248e-06
0.9731617,1.0,1.0000253e-06
0.9731186,1.0,1.0000259e-06
0.9731013,1.0,1.0000265e-06
0.9730099,1.0,1.000027e-06
0.97298604,1.0,1.0000277e-06
0.9729529,1.0,1.0000283e-06
0.9729098,1.0,1.000029e-06
0.9728662,1.0,1.0000297e-06
0.9728024,1.0,1.0000302e-06
0.9727924,1.0,1.0000309e-06
0.97277987,1.0,1.0000316e-06
0.9727329,1.0,1.0000323e-06
0.97267205,1.0,1.0000331e-06
0.97266704,1.0,1.0000338e-06
0.9725709,1.0,1.0000346e-06
0.97250843,1.0,1.0000352e-06
0.9724842,1.0,1.000036e-06
0.97247267,1.0,1.0000368e-06
0.9723716,1.0,1.0000376e-06
0.97238505,1.0,1.0000385e-06
0.9723088,1.0,1.0000393e-06
0.9723011,1.0,1.0000402e-06
0.97219735,1.0,1.000041e-06
0.9722104,1.0,1.000042e-06
0.972153,1.0,1.0000429e-06
0.97207385,1.0,1.0000438e-06
0.97202677,1.0,1.0000448e-06
0.9720099,1.0,1.0000457e-06
0.9720151,1.0,1.0000467e-06
0.97190624,1.0,1.0000477e-06
0.97192967,1.0,1.0000488e-06
0.97182655,1.0,1.0000498e-06
0.97175556,1.0,1.0000508e-06
0.97174674,1.0,1.000052e-06
0.9716811,1.0,1.000053e-06
0.97168255,1.0,1.0000541e-06
0.9715944,1.0,1.0000552e-06
0.97158486,1.0,1.0000564e-06
0.97155863,1.0,1.0000576e-06
0.9714976,1.0,1.0000588e-06
0.9714196,1.0,1.00006e-06
0.971367,1.0,1.0000613e-06
0.97134715,1.0,1.0000625e-06
0.971317,1.0,1.0000639e-06
0.9712098,1.0,1.0000653e-06
0.9711837,1.0,1.0000665e-06
0.97113585,1.0,1.0000679e-06
0.97112167,1.0,1.0000693e-06
0.97108716,1.0,1.0000707e-06
0.9709857,1.0,1.0000722e-06
0.97096336,1.0,1.0000737e-06
0.97090286,1.0,1.0000751e-06
0.97086585,1.0,1.0000766e-06
0.9708205,1.0,1.0000782e-06
0.9696354,1.0,1.0000797e-06
0.97075397,1.0,1.0000814e-06
0.9706858,1.0,1.000083e-06
0.97065586,1.0,1.0000846e-06
0.97056097,1.0,1.0000863e-06
0.970588,1.0,1.000088e-06
0.9705351,1.0,1.0000897e-06
0.97045326,1.0,1.0000915e-06
0.97040796,1.0,1.0000932e-06
0.9703495,1.0,1.000095e-06
0.97025526,1.0,1.0000969e-06
0.9702506,1.0,1.0000988e-06
0.97020775,1.0,1.0001006e-06
0.9701464,1.0,1.0001025e-06
0.97013587,1.0,1.0001046e-06
0.9700053,1.0,1.0001065e-06
0.9699691,1.0,1.0001086e-06
0.9699058,1.0,1.0001106e-06
0.9698385,1.0,1.0001127e-06
0.9698623,1.0,1.0001148e-06
0.9697839,1.0,1.000117e-06
0.96975064,1.0,1.0001191e-06
0.96971023,1.0,1.0001213e-06
0.9695996,1.0,1.0001236e-06
0.96961033,1.0,1.0001257e-06
0.96953243,1.0,1.0001281e-06
0.96951,1.0,1.0001305e-06
0.9694293,1.0,1.0001328e-06
0.9694035,1.0,1.0001352e-06
0.9693381,1.0,1.0001376e-06
0.9693102,1.0,1.0001401e-06
0.9692468,1.0,1.0001426e-06
0.96917903,1.0,1.0001451e-06
0.96914375,1.0,1.0001477e-06
0.96907556,1.0,1.0001503e-06
0.9690525,1.0,1.0001529e-06
0.9690162,1.0,1.0001556e-06
0.9689884,1.0,1.0001582e-06
0.96889734,1.0,1.000161e-06
0.9688379,1.0,1.0001638e-06
0.9688182,1.0,1.0001665e-06
0.9687415,1.0,1.0001694e-06
0.9687195,1.0,1.0001723e-06
0.96870714,1.0,1.0001752e-06
0.9686212,1.0,1.0001781e-06
0.96855456,1.0,1.0001811e-06
0.9685272,1.0,1.0001842e-06
0.968486,1.0,1.0001871e-06
0.96841747,1.0,1.0001902e-06
0.96833867,1.0,1.0001934e-06
0.9682802,1.0,1.0001966e-06
0.968267,1.0,1.0001997e-06
0.9681788,1.0,1.000203e-06
0.96811473,1.0,1.0002062e-06
0.96808463,1.0,1.0002095e-06
0.9680172,1.0,1.0002129e-06
0.968013,1.0,1.0002162e-06
0.9679508,1.0,1.0002196e-06
0.96784365,1.0,1.0002232e-06
0.9678259,1.0,1.0002266e-06
0.9677521,1.0,1.0002301e-06
0.96771973,1.0,1.0002337e-06
0.9676962,1.0,1.0002373e-06
0.96763724,1.0,1.0002409e-06
0.96756047,1.0,1.0002445e-06
0.96756905,1.0,1.0002484e-06
0.9674591,1.0,1.0002522e-06
0.96744347,1.0,1.0002559e-06
0.96737295,1.0,1.0002598e-06
0.9673017,1.0,1.0002636e-06
0.96726465,1.0,1.0002675e-06
0.9672649,1.0,1.0002715e-06
0.9671766,1.0,1.0002755e-06
0.967138,1.0,1.0002794e-06
0.9670401,1.0,1.0002835e-06
0.9670129,1.0,1.0002876e-06
0.9669578,1.0,1.0002917e-06
0.96690863,1.0,1.0002959e-06
0.9668672,1.0,1.0003001e-06
0.96680367,1.0,1.0003043e-06
0.96676284,1.0,1.0003085e-06
0.9667164,1.0,1.000313e-06
0.9666635,1.0,1.0003172e-06
0.96657634,1.0,1.0003215e-06
0.96653044,1.0,1.000326e-06
0.9664485,1.0,1.0003305e-06
0.9664167,1.0,1.0003349e-06
0.966383,1.0,1.0003396e-06
0.9663571,1.0,1.000344e-06
0.9662937,1.0,1.0003487e-06
0.9662296,1.0,1.0003533e-06
0.9661832,1.0,1.0003581e-06
0.9660848,1.0,1.0003628e-06
0.96606565,1.0,1.0003675e-06
0.9659927,1.0,1.0003724e-06
0.96592355,1.0,1.0003771e-06
0.96585906,1.0,1.000382e-06
0.96586126,1.0,1.0003869e-06
0.96577436,1.0,1.0003919e-06
0.9657267,1.0,1.0003969e-06
0.9656636,1.0,1.0004019e-06
0.96557677,1.0,1.0004069e-06
0.9654896,1.0,1.000412e-06
0.96546715,1.0,1.0004172e-06
0.9654088,1.0,1.0004223e-06
0.96534884,1.0,1.0004276e-06
0.9653504,1.0,1.0004328e-06
0.9652959,1.0,1.000438e-06
0.96524525,1.0,1.0004434e-06
0.96517193,1.0,1.0004488e-06
0.9650961,1.0,1.0004541e-06
0.96504724,1.0,1.0004594e-06
0.964969,1.0,1.0004649e-06
0.9649792,1.0,1.0004703e-06
0.96486086,1.0,1.0004758e-06
0.9648422,1.0,1.0004812e-06
0.96480775,1.0,1.0004868e-06
0.9646943,1.0,1.0004924e-06
0.9646469,1.0,1.000498e-06
0.9646108,1.0,1.0005037e-06
0.9645376,1.0,1.0005093e-06
0.9644952,1.0,1.000515e-06
0.9643887,1.0,1.0005209e-06
0.96435064,1.0,1.0005266e-06
0.9643092,1.0,1.0005323e-06
0.9642685,1.0,1.0005382e-06
0.96420205,1.0,1.0005441e-06
0.96415126,1.0,1.00055e-06
0.9640819,1.0,1.0005559e-06
0.9640676,1.0,1.0005618e-06
0.96398634,1.0,1.0005679e-06
0.96392536,1.0,1.0005739e-06
0.96393216,1.0,1.0005798e-06
0.9638324,1.0,1.0005859e-06
0.96379524,1.0,1.000592e-06
0.9637445,1.0,1.0005981e-06
0.9636735,1.0,1.0006042e-06
0.9635856,1.0,1.0006105e-06
0.96359164,1.0,1.0006166e-06
0.96350425,1.0,1.0006229e-06
0.9634442,1.0,1.0006291e-06
0.9633884,1.0,1.0006354e-06
0.96338403,1.0,1.0006416e-06
0.96333146,1.0,1.000648e-06
0.96325845,1.0,1.0006544e-06
0.96319205,1.0,1.0006607e-06
0.96315444,1.0,1.0006672e-06
0.963096,1.0,1.0006736e-06
0.9630043,1.0,1.0006801e-06
0.9629374,1.0,1.0006864e-06
0.96284443,1.0,1.000693e-06
0.9628065,1.0,1.0006995e-06
0.96276987,1.0,1.0007061e-06
0.9626546,1.0,1.0007127e-06
0.96263474,1.0,1.0007192e-06
0.9625642,1.0,1.000726e-06
0.96250236,1.0,1.0007326e-06
0.96248245,1.0,1.0007392e-06
0.96235526,1.0,1.0007459e-06
0.9624116,1.0,1.0007525e-06
0.96244633,1.0,1.0007592e-06
0.96250147,1.0,1.0007661e-06
0.96247566,1.0,1.0007727e-06
0.96249574,1.0,1.0007795e-06
0.9624701,1.0,1.0007865e-06
0.96244395,1.0,1.0007933e-06
0.96238035,1.0,1.0008001e-06
0.9623933,1.0,1.0008075e-06
0.96232545,1.0,1.0008146e-06
0.9622368,1.0,1.0008218e-06
0.9622101,1.0,1.0008292e-06
0.9621639,1.0,1.0008364e-06
0.9620764,1.0,1.0008437e-06
0.9620513,1.0,1.0008511e-06
0.9619855,1.0,1.0008586e-06
0.9619516,1.0,1.0008658e-06
0.9618672,1.0,1.0008731e-06
0.96182156,1.0,1.0008806e-06
0.96178395,1.0,1.0008881e-06
0.9617375,1.0,1.0008955e-06
0.9616697,1.0,1.000903e-06
0.9616036,1.0,1.0009105e-06
0.9615174,1.0,1.000918e-06
0.96146095,1.0,1.0009256e-06
0.961399,1.0,1.0009331e-06
0.96130186,1.0,1.0009406e-06
0.961293,1.0,1.0009484e-06
0.96123123,1.0,1.0009558e-06
0.96116036,1.0,1.0009633e-06
0.96110064,1.0,1.0009708e-06
0.9610404,1.0,1.0009783e-06
0.96100956,1.0,1.0009858e-06
0.96093166,1.0,1.0009936e-06
0.9608746,1.0,1.0010011e-06
0.96078175,1.0,1.0010086e-06
0.96076185,1.0,1.0010161e-06
0.96071947,1.0,1.0010237e-06
0.9606371,1.0,1.0010313e-06
0.96058273,1.0,1.001039e-06
0.96061385,1.0,1.0010469e-06
0.9605904,1.0,1.0010544e-06
0.9604883,1.0,1.0010621e-06
0.9604226,1.0,1.0010698e-06
0.960349,1.0,1.0010775e-06
0.9602965,1.0,1.0010853e-06
0.96022177,1.0,1.0010931e-06
0.9601147,1.0,1.0011009e-06
0.9600904,1.0,1.0011088e-06
0.9600399,1.0,1.0011163e-06
0.9599588,1.0,1.0011239e-06
0.9599437,1.0,1.0011313e-06
0.95983106,1.0,1.0011386e-06
0.959784,1.0,1.001146e-06
0.95971656,1.0,1.0011534e-06
0.95966345,1.0,1.0011607e-06
0.9595922,1.0,1.0011676e-06
0.9595187,1.0,1.0011752e-06
0.95943564,1.0,1.0011821e-06
0.9594066,1.0,1.0011892e-06
0.9592923,1.0,1.0011966e-06
0.959273,1.0,1.0012038e-06
0.9592071,1.0,1.0012108e-06
0.95917016,1.0,1.0012182e-06
0.9590963,1.0,1.001225e-06
0.95904016,1.0,1.001232e-06
0.9589888,1.0,1.0012395e-06
0.9589465,1.0,1.0012463e-06
0.9588552,1.0,1.0012535e-06
0.95881647,1.0,1.0012603e-06
0.9587547,1.0,1.0012676e-06
0.95868254,1.0,1.0012747e-06
0.9586104,1.0,1.0012818e-06
0.95855415,1.0,1.0012889e-06
0.9584865,1.0,1.0012958e-06
0.9584519,1.0,1.0013028e-06
0.95836407,1.0,1.00131e-06
0.95827615,1.0,1.001317e-06
0.95826554,1.0,1.0013239e-06
0.95818496,1.0,1.0013312e-06
0.9581557,1.0,1.0013381e-06
0.9580781,1.0,1.0013451e-06
0.9580287,1.0,1.001352e-06
0.9579588,1.0,1.0013591e-06
0.95790464,1.0,1.0013661e-06
0.9578537,1.0,1.0013729e-06
0.9577351,1.0,1.0013797e-06
0.95766187,1.0,1.0013863e-06
0.95765007,1.0,1.0013935e-06
0.9575841,1.0,1.0014003e-06
0.95632315,1.0,1.0014069e-06
0.9574246,1.0,1.0014137e-06
0.9573719,1.0,1.0014206e-06
0.9572583,1.0,1.0014274e-06
0.9572056,1.0,1.0014338e-06
0.9571336,1.0,1.0014408e-06
0.95702654,1.0,1.0014475e-06
0.9569874,1.0,1.001454e-06
0.9569255,1.0,1.0014606e-06
0.9568495,1.0,1.0014672e-06
0.9568242,1.0,1.0014737e-06
0.9567151,1.0,1.0014801e-06
0.9567033,1.0,1.0014868e-06
0.95661443,1.0,1.0014929e-06
0.95655316,1.0,1.0014996e-06
0.95649546,1.0,1.001506e-06
0.9564178,1.0,1.0015124e-06
0.95631176,1.0,1.0015185e-06
0.9563146,1.0,1.0015249e-06
0.95618314,1.0,1.0015312e-06
0.9561662,1.0,1.0015373e-06
0.95605034,1.0,1.0015439e-06
0.95596415,1.0,1.0015498e-06
0.9559059,1.0,1.0015563e-06
0.9558273,1.0,1.0015623e-06
0.9557274,1.0,1.0015684e-06
0.95567584,1.0,1.0015743e-06
0.9556074,1.0,1.0015802e-06
0.9555102,1.0,1.0015863e-06
0.955463,1.0,1.0015922e-06
0.9553719,1.0,1.0015976e-06
0.9553007,1.0,1.0016039e-06
0.9551951,1.0,1.0016095e-06
0.9551249,1.0,1.001615e-06
0.95503384,1.0,1.0016212e-06
0.95489943,1.0,1.0016266e-06
0.95484275,1.0,1.0016321e-06
0.9547741,1.0,1.0016379e-06
0.9547165,1.0,1.0016431e-06
0.954622,1.0,1.0016486e-06
0.9545515,1.0,1.0016538e-06
0.95440906,1.0,1.0016593e-06
0.95439345,1.0,1.0016644e-06
0.95427704,1.0,1.00167e-06
0.9542233,1.0,1.0016752e-06
0.9541856,1.0,1.00168e-06
0.9540932,1.0,1.0016853e-06
0.9540114,1.0,1.0016904e-06
0.95392746,1.0,1.0016954e-06
0.9538453,1.0,1.0017002e-06
0.95378494,1.0,1.0017053e-06
0.95372665,1.0,1.0017104e-06
0.95364475,1.0,1.0017147e-06
0.95353556,1.0,1.0017206e-06
0.9534967,1.0,1.0017252e-06
0.9533427,1.0,1.0017301e-06
0.95326656,1.0,1.001735e-06
0.9531701,1.0,1.00174e-06
0.9530739,1.0,1.0017451e-06
0.95296997,1.0,1.0017498e-06
0.95290226,1.0,1.0017548e-06
0.9527809,1.0,1.001759e-06
0.95261574,1.0,1.0017637e-06
0.95253277,1.0,1.0017684e-06
0.9524051,1.0,1.0017727e-06
0.9522957,1.0,1.0017769e-06
0.95222294,1.0,1.001781e-06
0.9521027,1.0,1.0017853e-06
0.95200807,1.0,1.00179e-06
0.9519068,1.0,1.0017943e-06
0.95181364,1.0,1.0017984e-06
0.9517157,1.0,1.0018024e-06
0.9516026,1.0,1.001806e-06
0.9514729,1.0,1.0018106e-06
0.95137644,1.0,1.0018141e-06
0.9512195,1.0,1.0018181e-06
0.9511305,1.0,1.001822e-06
0.95104736,1.0,1.0018257e-06
0.9509183,1.0,1.0018298e-06
0.9508633,1.0,1.001833e-06
0.95069486,1.0,1.001837e-06
0.9506665,1.0,1.0018404e-06
0.9505575,1.0,1.0018439e-06
0.9504349,1.0,1.0018479e-06
0.9503138,1.0,1.001851e-06
0.95021236,1.0,1.0018543e-06
0.95013946,1.0,1.0018581e-06
0.9499843,1.0,1.0018609e-06
0.94986653,1.0,1.0018642e-06
0.9497357,1.0,1.0018682e-06
0.9496192,1.0,1.0018713e-06
0.94950277,1.0,1.0018742e-06
0.9493943,1.0,1.0018776e-06
0.94925976,1.0,1.0018806e-06
0.9491432,1.0,1.0018837e-06
0.9490341,1.0,1.0018867e-06
0.9488948,1.0,1.0018892e-06
0.94878304,1.0,1.0018922e-06
0.94867045,1.0,1.0018948e-06
0.9485392,1.0,1.0018969e-06
0.9484076,1.0,1.0018996e-06
0.94833416,1.0,1.001902e-06
0.94707966,1.0,1.0019043e-06
0.94808835,1.0,1.0019068e-06
0.9479686,1.0,1.001909e-06
0.9478696,1.0,1.001911e-06
0.9477548,1.0,1.0019133e-06
0.9476374,1.0,1.0019158e-06
0.9474654,1.0,1.0019173e-06
0.947373,1.0,1.0019197e-06
0.94723827,1.0,1.0019216e-06
0.9471233,1.0,1.0019236e-06
0.94699603,1.0,1.0019253e-06
0.94689167,1.0,1.0019276e-06
0.94672424,1.0,1.0019298e-06
0.9466224,1.0,1.0019315e-06
0.9464527,1.0,1.0019334e-06
0.94638133,1.0,1.0019347e-06
0.9462118,1.0,1.0019367e-06
0.9460608,1.0,1.0019385e-06
0.94596446,1.0,1.0019401e-06
0.9458359,1.0,1.0019417e-06
0.9456613,1.0,1.0019429e-06
0.94558674,1.0,1.0019446e-06
0.94545627,1.0,1.0019462e-06
0.945275,1.0,1.0019479e-06
0.9451531,1.0,1.0019488e-06
0.9449925,1.0,1.0019503e-06
0.9449235,1.0,1.001951e-06
0.9447966,1.0,1.0019525e-06
0.94462204,1.0,1.0019534e-06
0.94453776,1.0,1.0019539e-06
0.9444049,1.0,1.0019548e-06
0.9442997,1.0,1.0019556e-06
0.9441945,1.0,1.001956e-06
0.94402254,1.0,1.0019569e-06
0.9438738,1.0,1.0019575e-06
0.9437389,1.0,1.0019583e-06
0.94359064,1.0,1.001959e-06
0.9434122,1.0,1.0019595e-06
0.94328684,1.0,1.0019605e-06
0.94311315,1.0,1.0019608e-06
0.94298726,1.0,1.0019617e-06
0.942839,1.0,1.0019618e-06
0.9426978,1.0,1.0019627e-06
0.9425382,1.0,1.0019628e-06
0.9424012,1.0,1.0019631e-06
0.9422325,1.0,1.0019634e-06
0.9421056,1.0,1.0019634e-06
0.9419925,1.0,1.0019636e-06
0.94181657,1.0,1.0019639e-06
0.94168186,1.0,1.0019638e-06
0.94148946,1.0,1.0019639e-06
0.94133455,1.0,1.0019635e-06
0.94117856,1.0,1.0019635e-06
0.941007,1.0,1.0019638e-06
0.9409156,1.0,1.0019637e-06
0.94070643,1.0,1.0019633e-06
0.94056076,1.0,1.0019629e-06
0.94043463,1.0,1.0019629e-06
0.9401997,1.0,1.0019626e-06
0.94008905,1.0,1.0019626e-06
0.9399442,1.0,1.0019619e-06
0.9398019,1.0,1.0019612e-06
0.939636,1.0,1.0019603e-06
0.93952227,1.0,1.0019597e-06
0.9393327,1.0,1.0019588e-06
0.9392305,1.0,1.0019581e-06
0.9390467,1.0,1.0019571e-06
0.938911,1.0,1.0019563e-06
0.93875235,1.0,1.0019556e-06
0.93855655,1.0,1.001955e-06
0.938407,1.0,1.0019545e-06
0.9382208,1.0,1.0019534e-06
0.9380778,1.0,1.0019525e-06
0.9379086,1.0,1.0019514e-06
0.937752,1.0,1.001951e-06
0.9375974,1.0,1.0019495e-06
0.93734026,1.0,1.0019486e-06
0.93723834,1.0,1.0019476e-06
0.93701345,1.0,1.0019464e-06
0.936876,1.0,1.0019454e-06
0.9366776,1.0,1.0019438e-06
0.93652666,1.0,1.0019426e-06
0.93627757,1.0,1.0019411e-06
0.93609434,1.0,1.0019403e-06
0.93597865,1.0,1.0019384e-06
0.93577725,1.0,1.0019369e-06
0.9355776,1.0,1.0019354e-06
0.9353917,1.0,1.001934e-06
0.9352181,1.0,1.0019322e-06
0.93501735,1.0,1.0019306e-06
0.9348398,1.0,1.0019289e-06
0.9346346,1.0,1.0019269e-06
0.93445235,1.0,1.0019252e-06
0.93434674,1.0,1.0019232e-06
0.93414164,1.0,1.0019218e-06
0.93400085,1.0,1.0019197e-06
0.93380594,1.0,1.0019176e-06
0.93365306,1.0,1.0019157e-06
0.9334683,1.0,1.0019139e-06
0.93324506,1.0,1.0019118e-06
0.9330896,1.0,1.0019097e-06
0.9329444,1.0,1.0019072e-06
0.9327567,1.0,1.0019056e-06
0.93258727,1.0,1.0019033e-06
0.93235373,1.0,1.0019012e-06
0.932228,1.0,1.0018992e-06
0.93199074,1.0,1.001897e-06
0.9317883,1.0,1.0018949e-06
0.93163455,1.0,1.0018925e-06
0.9314193,1.0,1.0018908e-06
0.93121547,1.0,1.0018884e-06
0.93103564,1.0,1.0018857e-06
0.930808,1.0,1.0018836e-06
0.930594,1.0,1.0018808e-06
0.93042487,1.0,1.0018783e-06
0.93020666,1.0,1.0018762e-06
0.92997324,1.0,1.0018733e-06
0.92976874,1.0,1.0018712e-06
0.9295557,1.0,1.0018681e-06
0.92934895,1.0,1.0018656e-06
0.9291906,1.0,1.0018629e-06
0.92895794,1.0,1.0018599e-06
0.9287554,1.0,1.0018572e-06
0.9285305,1.0,1.0018543e-06
0.92837185,1.0,1.0018515e-06
0.9282022,1.0,1.0018491e-06
0.9278962,1.0,1.0018462e-06
0.92775846,1.0,1.0018432e-06
0.9275529,1.0,1.00184e-06
0.9274713,1.0,1.0018374e-06
0.92706597,1.0,1.0018344e-06
0.926853,1.0,1.0018317e-06
0.9266449,1.0,1.0018287e-06
0.92649585,1.0,1.0018255e-06
0.9263024,1.0,1.0018229e-06
0.9261273,1.0,1.0018196e-06
0.9259169,1.0,1.0018166e-06
0.9257776,1.0,1.0018139e-06
0.925563,1.0,1.0018101e-06
0.9253787,1.0,1.0018072e-06
0.92518264,1.0,1.0018042e-06
0.924985,1.0,1.0018006e-06
0.9247887,1.0,1.0017975e-06
0.9245389,1.0,1.0017945e-06
0.9243336,1.0,1.0017912e-06
0.9240982,1.0,1.0017882e-06
0.92382544,1.0,1.0017849e-06
0.9233126,1.0,1.0017816e-06
0.9230366,1.0,1.0017782e-06
0.92283803,1.0,1.0017749e-06
0.92264783,1.0,1.0017714e-06
0.92240447,1.0,1.001768e-06
0.9221894,1.0,1.001765e-06
0.9219892,1.0,1.0017607e-06
0.9217556,1.0,1.0017566e-06
0.9215142,1.0,1.001753e-06
0.92120194,1.0,1.0017492e-06
0.921112,1.0,1.0017451e-06
0.9197002,1.0,1.0017419e-06
0.9206542,1.0,1.0017377e-06
0.92039526,1.0,1.0017344e-06
0.9202051,1.0,1.0017304e-06
0.9199764,1.0,1.0017267e-06
0.9197125,1.0,1.0017229e-06
0.91952515,1.0,1.0017194e-06
0.91926473,1.0,1.0017156e-06
0.91908216,1.0,1.0017118e-06
0.91890365,1.0,1.0017076e-06
0.9186182,1.0,1.0017044e-06
0.91839874,1.0,1.0017004e-06
0.91829026,1.0,1.0016963e-06
0.9179562,1.0,1.0016925e-06
0.91772366,1.0,1.0016888e-06
0.9175057,1.0,1.0016851e-06
0.9172592,1.0,1.0016813e-06
0.917096,1.0,1.0016773e-06
0.91685367,1.0,1.0016734e-06
0.916616,1.0,1.0016698e-06
0.9164147,1.0,1.0016659e-06
0.91621494,1.0,1.001662e-06
0.91595906,1.0,1.0016581e-06
0.9156878,1.0,1.0016543e-06
0.9154473,1.0,1.0016506e-06
0.91519594,1.0,1.0016463e-06
0.91493076,1.0,1.0016427e-06
0.9147114,1.0,1.0016389e-06
0.9144554,1.0,1.0016347e-06
0.9142611,1.0,1.0016306e-06
0.9140068,1.0,1.0016267e-06
0.91382104,1.0,1.0016228e-06
0.91355175,1.0,1.0016189e-06
0.91335535,1.0,1.0016148e-06
0.91305137,1.0,1.0016106e-06
0.9128399,1.0,1.0016068e-06
0.91262716,1.0,1.0016028e-06
0.9123461,1.0,1.0015992e-06
0.9121376,1.0,1.0015951e-06
0.91186315,1.0,1.0015912e-06
0.9116547,1.0,1.0015873e-06
0.9114431,1.0,1.0015834e-06
0.9112104,1.0,1.0015798e-06
0.9109628,1.0,1.0015756e-06
0.9107595,1.0,1.0015718e-06
0.91051984,1.0,1.001568e-06
0.9102955,1.0,1.001564e-06
0.9100076,1.0,1.0015601e-06
0.90979576,1.0,1.0015561e-06
0.90953344,1.0,1.0015525e-06
0.90929705,1.0,1.0015484e-06
0.90905076,1.0,1.0015445e-06
0.9087794,1.0,1.0015405e-06
0.9085344,1.0,1.0015366e-06
0.90831697,1.0,1.001533e-06
0.90693676,1.0,1.0015286e-06
0.90781,1.0,1.0015248e-06
0.90758085,1.0,1.0015207e-06
0.90728396,1.0,1.0015168e-06
0.90700155,1.0,1.0015128e-06
0.90680116,1.0,1.0015086e-06
0.90657693,1.0,1.0015048e-06
0.9063515,1.0,1.0015007e-06
0.9061328,1.0,1.0014969e-06
0.90544176,1.0,1.0014926e-06
0.90490025,1.0,1.0014887e-06
0.9047394,1.0,1.0014846e-06
0.9048456,1.0,1.0014808e-06
0.903916,1.0,1.0014768e-06
0.9036295,1.0,1.0014729e-06
0.90405357,1.0,1.0014686e-06
0.90368575,1.0,1.001464e-06
0.9032373,1.0,1.0014599e-06
0.90262073,1.0,1.0014559e-06
0.9022719,1.0,1.0014514e-06
0.90243924,1.0,1.0014473e-06
0.9022442,1.0,1.0014433e-06
0.9017315,1.0,1.001439e-06
0.90104425,1.0,1.0014348e-06
0.9010778,1.0,1.0014309e-06
0.9013165,1.0,1.0014269e-06
0.90087163,1.0,1.0014224e-06
0.90018296,1.0,1.0014187e-06
0.89980453,1.0,1.0014145e-06
0.89980876,1.0,1.0014103e-06
0.89997333,1.0,1.0014064e-06
0.8995629,1.0,1.001402e-06
0.8988611,1.0,1.0013981e-06
0.89856696,1.0,1.0013939e-06
0.89877427,1.0,1.0013899e-06
0.8984015,1.0,1.001386e-06
0.89769346,1.0,1.0013819e-06
0.89735085,1.0,1.0013775e-06
0.89740455,1.0,1.0013738e-06
0.8973354,1.0,1.00137e-06
0.89661866,1.0,1.0013656e-06
0.89611906,1.0,1.0013615e-06
0.8959985,1.0,1.0013574e-06
0.89628166,1.0,1.0013531e-06
0.89571136,1.0,1.0013492e-06
0.8950149,1.0,1.0013454e-06
0.8945888,1.0,1.001341e-06
0.8948571,1.0,1.0013371e-06
0.89448607,1.0,1.0013329e-06
0.89380777,1.0,1.0013288e-06
0.89367276,1.0,1.0013248e-06
0.89374703,1.0,1.0013208e-06
0.89330214,1.0,1.0013168e-06
0.89273596,1.0,1.0013125e-06
0.89234126,1.0,1.0013088e-06
0.89255035,1.0,1.0013048e-06
0.89226353,1.0,1.0013008e-06
0.8915239,1.0,1.0012967e-06
0.8910384,1.0,1.0012928e-06
0.8910407,1.0,1.0012894e-06
0.8909194,1.0,1.0012852e-06
0.8904947,1.0,1.0012816e-06
0.8899932,1.0,1.0012775e-06
0.8895736,1.0,1.0012735e-06
0.8896803,1.0,1.00127e-06
0.8896519,1.0,1.0012661e-06
0.8891899,1.0,1.0012619e-06
0.8884582,1.0,1.0012583e-06
0.88827187,1.0,1.0012543e-06
0.8883354,1.0,1.0012504e-06
0.88793755,1.0,1.0012465e-06
0.8873075,1.0,1.0012427e-06
0.88685024,1.0,1.001239e-06
0.88680345,1.0,1.0012351e-06
0.8868575,1.0,1.0012311e-06
0.88628966,1.0,1.0012272e-06
0.8855498,1.0,1.0012234e-06
0.8851966,1.0,1.0012194e-06
0.8852406,1.0,1.0012158e-06
0.8849604,1.0,1.001212e-06
0.88437176,1.0,1.0012081e-06
0.88389283,1.0,1.0012042e-06
0.8840873,1.0,1.0012002e-06
0.88386387,1.0,1.0011964e-06
0.8831517,1.0,1.0011921e-06
0.8826637,1.0,1.0011885e-06
0.88261276,1.0,1.0011846e-06
0.8825142,1.0,1.0011809e-06
0.88183945,1.0,1.0011772e-06
0.88153535,1.0,1.0011735e-06
0.881389,1.0,1.00117e-06
0.8811366,1.0,1.0011659e-06
0.88058406,1.0,1.0011622e-06
0.88020444,1.0,1.0011585e-06
0.880132,1.0,1.0011547e-06
0.87982666,1.0,1.001151e-06
0.87918067,1.0,1.0011474e-06
0.8787581,1.0,1.0011435e-06
0.8789386,1.0,1.0011396e-06
0.87877697,1.0,1.001136e-06
0.87779886,1.0,1.0011322e-06
0.8775759,1.0,1.0011285e-06
0.8781677,1.0,1.0011247e-06
0.8771555,1.0,1.0011212e-06
0.8763653,1.0,1.0011173e-06
0.8761095,1.0,1.0011137e-06
0.8761463,1.0,1.0011103e-06
0.8757354,1.0,1.0011066e-06
0.87505233,1.0,1.0011026e-06
0.8746136,1.0,1.001099e-06
0.8747468,1.0,1.0010955e-06
0.8748263,1.0,1.0010918e-06
0.87379164,1.0,1.0010881e-06
0.8730879,1.0,1.0010842e-06
0.87330425,1.0,1.0010806e-06
0.8730357,1.0,1.001077e-06
0.872325,1.0,1.0010733e-06
0.8720915,1.0,1.0010699e-06
0.8718773,1.0,1.0010664e-06
0.8715485,1.0,1.0010627e-06
0.8708471,1.0,1.001059e-06
0.87091655,1.0,1.0010554e-06
0.87048817,1.0,1.0010517e-06
0.8697687,1.0,1.001048e-06
0.8694669,1.0,1.0010446e-06
0.86952806,1.0,1.0010411e-06
0.86887956,1.0,1.0010377e-06
0.8680378,1.0,1.0010339e-06
0.8680789,1.0,1.0010305e-06
0.8680251,1.0,1.001027e-06
0.867434,1.0,1.0010232e-06
0.86691195,1.0,1.0010199e-06
0.86694026,1.0,1.0010161e-06
0.8663292,1.0,1.0010126e-06
0.8659287,1.0,1.0010092e-06
0.8659959,1.0,1.0010058e-06
0.8653279,1.0,1.0010021e-06
0.8646389,1.0,1.0009987e-06
0.864575,1.0,1.0009952e-06
0.8644804,1.0,1.0009917e-06
0.86377215,1.0,1.0009882e-06
0.8632108,1.0,1.0009848e-06
0.86321676,1.0,1.0009815e-06
0.86268526,1.0,1.000978e-06
0.86194915,1.0,1.0009744e-06
0.8617275,1.0,1.000971e-06
0.861545,1.0,1.0009676e-06
0.860795,1.0,1.0009641e-06
0.8603106,1.0,1.0009608e-06
0.86047566,1.0,1.0009572e-06
0.85980546,1.0,1.0009538e-06
0.8592159,1.0,1.0009503e-06
0.85914063,1.0,1.000947e-06
0.8589634,1.0,1.0009435e-06
0.8582505,1.0,1.0009401e-06
0.85806835,1.0,1.0009368e-06
0.8578158,1.0,1.0009334e-06
0.85707057,1.0,1.0009301e-06
0.8565963,1.0,1.0009265e-06
0.8566081,1.0,1.0009234e-06
0.85592985,1.0,1.0009201e-06
0.85523814,1.0,1.0009167e-06
0.8553281,1.0,1.0009134e-06
0.85488015,1.0,1.0009101e-06
0.8544609,1.0,1.0009068e-06
0.8535596,1.0,1.0009035e-06
0.8536607,1.0,1.0009003e-06
0.85284054,1.0,1.000897e-06
0.85245603,1.0,1.0008937e-06
0.8521198,1.0,1.0008904e-06
0.85166335,1.0,1.0008871e-06
0.85096854,1.0,1.0008838e-06
0.851111,1.0,1.0008805e-06
0.85009176,1.0,1.0008773e-06
0.84957767,1.0,1.000874e-06
0.8495765,1.0,1.0008706e-06
0.8489932,1.0,1.0008675e-06
0.84839976,1.0,1.0008642e-06
0.84811884,1.0,1.0008611e-06
0.84766674,1.0,1.0008578e-06
0.84685546,1.0,1.0008547e-06
0.84689254,1.0,1.0008514e-06
0.8463491,1.0,1.0008483e-06
0.845503,1.0,1.0008451e-06
0.84538984,1.0,1.000842e-06
0.8451607,1.0,1.000839e-06
0.8443356,1.0,1.0008357e-06
0.84441876,1.0,1.0008326e-06
0.84362227,1.0,1.0008295e-06
0.8428445,1.0,1.0008262e-06
0.8429079,1.0,1.0008232e-06
0.84266007,1.0,1.00082e-06
0.8417453,1.0,1.0008172e-06
0.8415841,1.0,1.0008138e-06
0.8412282,1.0,1.0008108e-06
0.84050095,1.0,1.0008076e-06
0.84059644,1.0,1.0008046e-06
0.83962977,1.0,1.0008016e-06
0.83893293,1.0,1.0007986e-06
0.8390746,1.0,1.0007956e-06
0.83835393,1.0,1.0007926e-06
0.8380159,1.0,1.0007896e-06
0.8377182,1.0,1.0007865e-06
0.8371298,1.0,1.0007836e-06
0.8364338,1.0,1.0007805e-06
0.8366397,1.0,1.0007775e-06
0.8358999,1.0,1.0007745e-06
0.8350496,1.0,1.0007715e-06
0.8350684,1.0,1.0007687e-06
0.8346265,1.0,1.0007656e-06
0.8339238,1.0,1.0007626e-06
0.8336658,1.0,1.0007597e-06
0.83322406,1.0,1.0007568e-06
0.8325284,1.0,1.000754e-06
0.8326211,1.0,1.000751e-06
0.8319603,1.0,1.0007482e-06
0.83111274,1.0,1.0007453e-06
0.8311034,1.0,1.0007424e-06
0.83070415,1.0,1.0007396e-06
0.82994145,1.0,1.0007366e-06
0.8305581,1.0,1.0007337e-06
0.8291045,1.0,1.0007309e-06
0.82885575,1.0,1.0007282e-06
0.8287172,1.0,1.0007254e-06
0.8278574,1.0,1.0007226e-06
0.8279506,1.0,1.0007196e-06
0.8271134,1.0,1.0007168e-06
0.82646257,1.0,1.0007143e-06
0.8265602,1.0,1.0007112e-06
0.82609755,1.0,1.0007085e-06
0.82545817,1.0,1.0007058e-06
0.82519644,1.0,1.0007029e-06
0.82492477,1.0,1.0007002e-06
0.8245502,1.0,1.0006974e-06
0.8243074,1.0,1.0006945e-06
0.8243074,1.0,1.0006918e-06
1.0,1.0,1.000075e-06
1.0,1.0,1.000075e-06
1.0,1.0,1.000075e-06
1.0,1.0,1.000075e-06
1.0,1.0,1.0000749e-06
1.0,1.0,1.0000749e-06
1.0,1.0,1.0000749e-06
1.0,1.0,1.0000748e-06
0.99448586,1.0,1.0000748e-06
1.0,1.0,1.0000747e-06
1.0,1.0,1.0000747e-06
1.0,1.0,1.0000746e-06
1.0,1.0,1.0000745e-06
1.0,1.0,1.0000743e-06
1.0,1.0,1.0000742e-06
1.0,1.0,1.0000741e-06
1.0,1.0,1.000074e-06
1.0,1.0,1.0000739e-06
1.0,1.0,1.0000738e-06
1.0,1.0,1.0000737e-06
1.0,1.0,1.0000736e-06
1.0,1.0,1.0000733e-06
1.0,1.0,1.0000732e-06
1.0,1.0,1.000073e-06
1.0,1.0,1.0000729e-06
1.0,1.0,1.0000726e-06
1.0,1.0,1.0000724e-06
1.0,1.0,1.0000722e-06
1.0,1.0,1.000072e-06
1.0,1.0,1.0000717e-06
1.0,1.0,1.0000715e-06
1.0,1.0,1.0000713e-06
1.0,1.0,1.000071e-06
1.0,1.0,1.0000708e-06
1.0,1.0,1.0000705e-06
1.0,1.0,1.0000703e-06
1.0,1.0,1.0000699e-06
1.0,1.0,1.0000696e-06
1.0,1.0,1.0000693e-06
1.0,1.0,1.000069e-06
1.0,1.0,1.0000687e-06
1.0,1.0,1.0000683e-06
1.0,1.0,1.000068e-06
1.0,1.0,1.0000676e-06
1.0,1.0,1.0000673e-06
1.0,1.0,1.000067e-06
1.0,1.0,1.0000666e-06
1.0,1.0,1.0000662e-06
1.0,1.0,1.0000658e-06
1.0,1.0,1.0000654e-06
1.0,1.0,1.000065e-06
1.0,1.0,1.0000646e-06
1.0,1.0,1.0000641e-06
1.0,1.0,1.0000637e-06
1.0,1.0,1.0000632e-06
1.0,1.0,1.0000629e-06
1.0,1.0,1.0000623e-06
0.9999916,1.0,1.0000618e-06
0.9999745,1.0,1.0000614e-06
0.9999595,1.0,1.0000609e-06
0.9999547,1.0,1.0000605e-06
0.99991435,1.0,1.0000599e-06
0.9999851,1.0,1.0000595e-06
1.0,1.0,1.0000589e-06
0.99991596,1.0,1.0000584e-06
0.9999355,1.0,1.0000579e-06
0.9999299,1.0,1.0000573e-06
0.99996257,1.0,1.0000568e-06
0.99994415,1.0,1.0000563e-06
0.9998834,1.0,1.0000557e-06
0.9998156,1.0,1.0000551e-06
0.99973834,1.0,1.0000546e-06
0.9997104,1.0,1.000054e-06
0.9996594,1.0,1.0000534e-06
0.99960285,1.0,1.0000529e-06
0.9995743,1.0,1.0000523e-06
0.99965644,1.0,1.0000517e-06
0.99956226,1.0,1.0000512e-06
0.9994388,1.0,1.0000506e-06
0.9994751,1.0,1.0000499e-06
0.9993324,1.0,1.0000493e-06
0.99933225,1.0,1.0000488e-06
0.9992077,1.0,1.0000482e-06
0.9992121,1.0,1.0000475e-06
0.99921787,1.0,1.000047e-06
0.9990825,1.0,1.0000463e-06
0.999003,1.0,1.0000457e-06
0.9989185,1.0,1.0000451e-06
0.9990593,1.0,1.0000444e-06
0.99891573,1.0,1.0000439e-06
0.99890035,1.0,1.0000432e-06
0.99891675,1.0,1.0000426e-06
0.99889785,1.0,1.000042e-06
0.9987334,1.0,1.0000414e-06
0.9986836,1.0,1.0000407e-06
0.99880165,1.0,1.0000401e-06
0.99877864,1.0,1.0000394e-06
0.99879277,1.0,1.0000389e-06
0.99880594,1.0,1.0000382e-06
0.99865854,1.0,1.0000376e-06
0.9987134,1.0,1.000037e-06
0.99862164,1.0,1.0000364e-06
0.9986701,1.0,1.0000357e-06
0.9986539,1.0,1.0000351e-06
0.9986699,1.0,1.0000346e-06
0.99851567,1.0,1.0000339e-06
0.998379,1.0,1.0000333e-06
0.9984119,1.0,1.0000327e-06
0.9983812,1.0,1.0000321e-06
0.99828494,1.0,1.0000315e-06
0.9981872,1.0,1.0000309e-06
0.9982103,1.0,1.0000304e-06
0.9981187,1.0,1.0000298e-06
0.99801284,1.0,1.0000291e-06
0.9978895,1.0,1.0000285e-06
0.997851,1.0,1.000028e-06
0.9978461,1.0,1.0000274e-06
0.99773777,1.0,1.0000268e-06
0.9977468,1.0,1.0000264e-06
0.99760944,1.0,1.0000258e-06
0.9976736,1.0,1.0000252e-06
0.9975927,1.0,1.0000247e-06
0.9975694,1.0,1.0000241e-06
0.99753684,1.0,1.0000236e-06
0.99753547,1.0,1.0000231e-06
0.9976202,1.0,1.0000226e-06
0.997571,1.0,1.000022e-06
0.9975635,1.0,1.0000216e-06
0.99762076,1.0,1.000021e-06
0.9974963,1.0,1.0000206e-06
0.99752873,1.0,1.0000201e-06
0.99744993,1.0,1.0000197e-06
0.99735844,1.0,1.0000192e-06
0.9973109,1.0,1.0000188e-06
0.9973457,1.0,1.0000183e-06
0.9973185,1.0,1.0000178e-06
0.9973842,1.0,1.0000174e-06
0.9972957,1.0,1.0000169e-06
0.9972141,1.0,1.0000165e-06
0.997234,1.0,1.0000161e-06
0.99720657,1.0,1.0000157e-06
0.9971347,1.0,1.0000153e-06
0.9970134,1.0,1.0000149e-06
0.997023,1.0,1.0000145e-06
0.9969311,1.0,1.0000141e-06
0.99686164,1.0,1.0000138e-06
0.9967512,1.0,1.0000134e-06
0.9967876,1.0,1.0000131e-06
0.9966738,1.0,1.0000127e-06
0.99663764,1.0,1.0000124e-06
0.99658054,1.0,1.000012e-06
0.996553,1.0,1.0000117e-06
0.99639887,1.0,1.0000114e-06
0.99625725,1.0,1.000011e-06
0.9962866,1.0,1.0000108e-06
0.9962158,1.0,1.0000105e-06
0.9961447,1.0,1.0000102e-06
0.9960716,1.0,1.0000099e-06
0.99613243,1.0,1.0000097e-06
0.9961007,1.0,1.0000093e-06
0.9961223,1.0,1.0000091e-06
0.9960875,1.0,1.0000089e-06
0.9960861,1.0,1.0000085e-06
0.99609876,1.0,1.0000083e-06
0.996085,1.0,1.0000081e-06
0.99605703,1.0,1.0000078e-06
0.99612355,1.0,1.0000076e-06
0.99605995,1.0,1.0000074e-06
0.99650615,1.0,1.0000072e-06
0.99665767,1.0,1.000007e-06
0.99675053,1.0,1.0000068e-06
0.9959515,1.0,1.0000066e-06
0.99590427,1.0,1.0000064e-06
0.9957632,1.0,1.0000063e-06
0.99577737,1.0,1.000006e-06
0.99579036,1.0,1.0000059e-06
0.99565023,1.0,1.0000057e-06
0.99569446,1.0,1.0000056e-06
0.99556774,1.0,1.0000053e-06
0.99558914,1.0,1.0000052e-06
0.9955245,1.0,1.0000051e-06
0.9955309,1.0,1.0000049e-06
0.99553007,1.0,1.0000048e-06
0.9955046,1.0,1.0000047e-06
0.99547786,1.0,1.0000045e-06
0.9952833,1.0,1.0000044e-06
0.9952617,1.0,1.0000042e-06
0.9952267,1.0,1.0000041e-06
0.9951999,1.0,1.000004e-06
0.99507457,1.0,1.0000039e-06
0.99508923,1.0,1.0000037e-06
0.99519527,1.0,1.0000036e-06
0.9950987,1.0,1.0000035e-06
0.9949845,1.0,1.0000035e-06
0.99493694,1.0,1.0000034e-06
0.99496615,1.0,1.0000033e-06
0.9948472,1.0,1.0000032e-06
0.99474925,1.0,1.0000031e-06
0.9947708,1.0,1.0000031e-06
0.99472296,1.0,1.000003e-06
0.99460864,1.0,1.0000028e-06
0.9946401,1.0,1.0000028e-06
0.9945871,1.0,1.0000027e-06
0.99458253,1.0,1.0000026e-06
0.9944702,1.0,1.0000026e-06
0.9944454,1.0,1.0000025e-06
0.99448043,1.0,1.0000024e-06
0.99431306,1.0,1.0000024e-06
0.9943052,1.0,1.0000023e-06
0.994373,1.0,1.0000023e-06
0.99433637,1.0,1.0000022e-06
0.99428666,1.0,1.0000022e-06
0.99417895,1.0,1.000002e-06
0.99421114,1.0,1.000002e-06
0.99419147,1.0,1.000002e-06
0.99407345,1.0,1.0000019e-06
0.9940504,1.0,1.0000019e-06
0.9940588,1.0,1.0000018e-06
0.994024,1.0,1.0000018e-06
0.99400944,1.0,1.0000018e-06
0.9939606,1.0,1.0000017e-06
0.9938911,1.0,1.0000017e-06
0.99383163,1.0,1.0000017e-06
0.99371773,1.0,1.0000016e-06
0.9935894,1.0,1.0000016e-06
0.9937389,1.0,1.0000016e-06
0.99363005,1.0,1.0000015e-06
0.9936149,1.0,1.0000015e-06
0.9935989,1.0,1.0000015e-06
0.9936291,1.0,1.0000015e-06
0.9934857,1.0,1.0000014e-06
0.99351615,1.0,1.0000014e-06
0.99346757,1.0,1.0000014e-06
0.9934216,1.0,1.0000014e-06
0.99337906,1.0,1.0000014e-06
0.99322104,1.0,1.0000012e-06
0.99321663,1.0,1.0000012e-06
0.99313486,1.0,1.0000012e-06
0.99310344,1.0,1.0000012e-06
0.993108,1.0,1.0000012e-06
0.992972,1.0,1.0000012e-06
0.9930723,1.0,1.0000011e-06
0.9930039,1.0,1.0000011e-06
0.99291754,1.0,1.0000011e-06
0.9928593,1.0,1.0000011e-06
0.9928403,1.0,1.0000011e-06
0.99280095,1.0,1.0000011e-06
0.9927391,1.0,1.0000011e-06
0.99269664,1.0,1.0000011e-06
0.99256355,1.0,1.000001e-06
0.9925857,1.0,1.000001e-06
0.9924703,1.0,1.000001e-06
0.99247354,1.0,1.000001e-06
0.9923791,1.0,1.000001e-06
0.9923804,1.0,1.000001e-06
0.9923476,1.0,1.000001e-06
0.99221575,1.0,1.000001e-06
0.9922392,1.0,1.000001e-06
0.992221,1.0,1.000001e-06
0.99218524,1.0,1.000001e-06
0.9921757,1.0,1.000001e-06
0.9921112,1.0,1.000001e-06
0.991973,1.0,1.000001e-06
0.9920267,1.0,1.000001e-06
0.9921087,1.0,1.000001e-06
0.99196273,1.0,1.000001e-06
0.9918764,1.0,1.000001e-06
0.9916722,1.0,1.000001e-06
0.99177766,1.0,1.000001e-06
0.99168587,1.0,1.000001e-06
0.991765,1.0,1.000001e-06
0.99168164,1.0,1.000001e-06
0.9917391,1.0,1.000001e-06
0.99175787,1.0,1.000001e-06
0.9915756,1.0,1.000001e-06
0.99148333,1.0,1.000001e-06
0.99148595,1.0,1.000001e-06
0.9914176,1.0,1.000001e-06
0.9914898,1.0,1.000001e-06
0.9912737,1.0,1.000001e-06
0.9912876,1.0,1.000001e-06
0.9912119,1.0,1.000001e-06
0.99127436,1.0,1.000001e-06
0.99104345,1.0,1.000001e-06
0.99114114,1.0,1.000001e-06
0.99097234,1.0,1.000001e-06
0.9909904,1.0,1.000001e-06
0.99096996,1.0,1.000001e-06
0.9908448,1.0,1.000001e-06
0.9909042,1.0,1.000001e-06
0.99081784,1.0,1.000001e-06
0.9906498,1.0,1.0000011e-06
0.9906532,1.0,1.0000011e-06
0.99058545,1.0,1.0000011e-06
0.9905201,1.0,1.0000011e-06
0.990544,1.0,1.0000011e-06
0.9905977,1.0,1.0000011e-06
0.99043494,1.0,1.0000011e-06
0.9904792,1.0,1.0000011e-06
0.9903694,1.0,1.0000012e-06
0.99044585,1.0,1.0000012e-06
0.99040776,1.0,1.0000012e-06
0.9903934,1.0,1.0000012e-06
0.9902495,1.0,1.0000012e-06
0.9886549,1.0,1.0000012e-06
0.9902272,1.0,1.0000014e-06
0.9902453,1.0,1.0000014e-06
0.99003947,1.0,1.0000014e-06
0.99007773,1.0,1.0000014e-06
0.9900642,1.0,1.0000014e-06
0.99003994,1.0,1.0000014e-06
0.98996043,1.0,1.0000015e-06
0.989895,1.0,1.0000015e-06
0.9898757,1.0,1.0000015e-06
0.9829706,1.0,1.0000015e-06
0.993328,1.0,1.0000016e-06
0.9894394,1.0,1.0000016e-06
0.9909945,1.0,1.0000016e-06
0.99145037,1.0,1.0000016e-06
0.9915977,1.0,1.0000017e-06
0.9916388,1.0,1.0000017e-06
0.9917202,1.0,1.0000017e-06
0.9917241,1.0,1.0000018e-06
0.99163693,1.0,1.0000018e-06
0.9915919,1.0,1.0000018e-06
0.99151313,1.0,1.0000019e-06
0.9914371,1.0,1.0000019e-06
0.99141294,1.0,1.0000019e-06
0.9913666,1.0,1.000002e-06
0.9912632,1.0,1.000002e-06
0.99124753,1.0,1.000002e-06
0.9911674,1.0,1.0000022e-06
0.9911935,1.0,1.0000022e-06
0.99102116,1.0,1.0000022e-06
0.99099064,1.0,1.0000023e-06
0.99101156,1.0,1.0000023e-06
0.99516875,1.0,1.0000024e-06
0.9915449,1.0,1.0000024e-06
0.99118596,1.0,1.0000025e-06
0.9910421,1.0,1.0000025e-06
0.990902,1.0,1.0000025e-06
0.99085337,1.0,1.0000026e-06
0.9907423,1.0,1.0000026e-06
0.99063706,1.0,1.0000027e-06
0.9907141,1.0,1.0000027e-06
0.99055564,1.0,1.0000028e-06
0.99057543,1.0,1.0000028e-06
0.99055505,1.0,1.000003e-06
0.99045664,1.0,1.0000031e-06
0.99028283,1.0,1.0000031e-06
0.9903552,1.0,1.0000032e-06
0.990233,1.0,1.0000032e-06
0.99015963,1.0,1.0000033e-06
0.9900759,1.0,1.0000033e-06
0.9901172,1.0,1.0000034e-06
0.98996305,1.0,1.0000034e-06
0.99001765,1.0,1.0000035e-06
0.98989147,1.0,1.0000036e-06
0.9897336,1.0,1.0000036e-06
0.9896642,1.0,1.0000037e-06
0.9896115,1.0,1.0000037e-06
0.9895872,1.0,1.0000039e-06
0.9896533,1.0,1.000004e-06
0.9894998,1.0,1.000004e-06
0.98944974,1.0,1.0000041e-06
0.9894243,1.0,1.0000042e-06
0.9893131,1.0,1.0000042e-06
0.9892203,1.0,1.0000043e-06
0.9892281,1.0,1.0000044e-06
0.9892154,1.0,1.0000044e-06
0.9891456,1.0,1.0000045e-06
0.9890696,1.0,1.0000047e-06
0.9890575,1.0,1.0000047e-06
0.989137,1.0,1.0000048e-06
0.9890302,1.0,1.0000048e-06
0.988933,1.0,1.0000049e-06
0.9888793,1.0,1.000005e-06
0.9888138,1.0,1.000005e-06
0.98881745,1.0,1.0000051e-06
0.9887526,1.0,1.0000052e-06
0.98857427,1.0,1.0000052e-06
0.98869735,1.0,1.0000053e-06
0.9887487,1.0,1.0000055e-06
0.9886142,1.0,1.0000055e-06
0.98860824,1.0,1.0000056e-06
0.9884769,1.0,1.0000056e-06
0.9884316,1.0,1.0000057e-06
0.9883664,1.0,1.0000058e-06
0.9882938,1.0,1.0000058e-06
0.988326,1.0,1.0000059e-06
0.98832977,1.0,1.0000059e-06
0.98818254,1.0,1.000006e-06
0.9881317,1.0,1.000006e-06
0.988023,1.0,1.0000061e-06
0.98804367,1.0,1.0000063e-06
0.98797256,1.0,1.0000063e-06
0.9880161,1.0,1.0000064e-06
0.9878703,1.0,1.0000064e-06
0.9877761,1.0,1.0000065e-06
0.98776984,1.0,1.0000065e-06
0.98773265,1.0,1.0000066e-06
0.98771864,1.0,1.0000066e-06
0.98760957,1.0,1.0000066e-06
0.98748124,1.0,1.0000067e-06
0.9873717,1.0,1.0000067e-06
0.9873141,1.0,1.0000068e-06
0.9872909,1.0,1.0000068e-06
0.9872485,1.0,1.0000068e-06
0.98708534,1.0,1.0000069e-06
0.98707557,1.0,1.0000069e-06
0.98706067,1.0,1.0000069e-06
0.9868959,1.0,1.000007e-06
0.9868899,1.0,1.000007e-06
0.98688376,1.0,1.000007e-06
0.9868124,1.0,1.000007e-06
0.98685545,1.0,1.0000072e-06
0.9869074,1.0,1.0000072e-06
0.98685396,1.0,1.0000072e-06
0.98687726,1.0,1.0000072e-06
0.9868941,1.0,1.0000072e-06
0.98685485,1.0,1.0000073e-06
0.98679686,1.0,1.0000073e-06
0.9867588,1.0,1.0000073e-06
0.9866898,1.0,1.0000073e-06
0.9866485,1.0,1.0000073e-06
0.9866831,1.0,1.0000073e-06
0.9864874,1.0,1.0000073e-06
0.98639685,1.0,1.0000073e-06
0.9864652,1.0,1.0000073e-06
0.9863486,1.0,1.0000073e-06
0.98632497,1.0,1.0000073e-06
0.98620415,1.0,1.0000073e-06
0.9862633,1.0,1.0000073e-06
0.9861734,1.0,1.0000073e-06
0.98616475,1.0,1.0000073e-06
0.9861566,1.0,1.0000073e-06
0.98604476,1.0,1.0000073e-06
0.9860154,1.0,1.0000073e-06
0.98586136,1.0,1.0000073e-06
0.9858757,1.0,1.0000072e-06
0.9857542,1.0,1.0000072e-06
0.9857946,1.0,1.0000072e-06
0.9855978,1.0,1.0000072e-06
0.98557526,1.0,1.0000072e-06
0.9854598,1.0,1.000007e-06
0.9853972,1.0,1.000007e-06
0.9852348,1.0,1.000007e-06
0.9853704,1.0,1.000007e-06
0.98528105,1.0,1.000007e-06
0.98528016,1.0,1.0000069e-06
0.9851975,1.0,1.0000069e-06
0.9850579,1.0,1.0000069e-06
0.9849416,1.0,1.0000068e-06
0.9850161,1.0,1.0000068e-06
0.9849298,1.0,1.0000068e-06
0.98490894,1.0,1.0000067e-06
0.98489577,1.0,1.0000067e-06
0.98482877,1.0,1.0000067e-06
0.9848431,1.0,1.0000066e-06
0.9847861,1.0,1.0000066e-06
0.98472774,1.0,1.0000066e-06
0.9846423,1.0,1.0000065e-06
0.98459125,1.0,1.0000065e-06
0.9844861,1.0,1.0000065e-06
0.98443705,1.0,1.0000064e-06
0.9843763,1.0,1.0000064e-06
0.9843539,1.0,1.0000063e-06
0.98432344,1.0,1.0000063e-06
0.984132,1.0,1.0000063e-06
0.9840639,1.0,1.0000061e-06
0.98406065,1.0,1.0000061e-06
0.9840118,1.0,1.000006e-06
0.98393846,1.0,1.000006e-06
0.9838552,1.0,1.0000059e-06
0.9838175,1.0,1.0000059e-06
0.98371357,1.0,1.0000059e-06
0.9836776,1.0,1.0000058e-06
0.9836238,1.0,1.0000058e-06
0.98355067,1.0,1.0000057e-06
0.9834419,1.0,1.0000057e-06
0.9833957,1.0,1.0000056e-06
0.9832684,1.0,1.0000056e-06
0.9832666,1.0,1.0000056e-06
0.9833207,1.0,1.0000055e-06
0.983218,1.0,1.0000055e-06
0.9832626,1.0,1.0000053e-06
0.9832666,1.0,1.0000053e-06
0.9832783,1.0,1.0000052e-06
0.9832139,1.0,1.0000052e-06
0.98318887,1.0,1.0000051e-06
0.9831287,1.0,1.0000051e-06
0.98316216,1.0,1.0000051e-06
0.9831434,1.0,1.000005e-06
0.98301095,1.0,1.000005e-06
0.9830865,1.0,1.0000049e-06
0.983032,1.0,1.0000049e-06
0.98295283,1.0,1.0000048e-06
0.98283213,1.0,1.0000048e-06
0.9828246,1.0,1.0000048e-06
0.98276055,1.0,1.0000047e-06
0.9826962,1.0,1.0000047e-06
0.9826153,1.0,1.0000045e-06
0.9826253,1.0,1.0000045e-06
0.98252463,1.0,1.0000044e-06
0.9824963,1.0,1.0000044e-06
0.98244774,1.0,1.0000044e-06
0.98235977,1.0,1.0000043e-06
0.9823327,1.0,1.0000043e-06
0.9822374,1.0,1.0000042e-06
0.9821853,1.0,1.0000042e-06
0.9821805,1.0,1.0000042e-06
0.98213273,1.0,1.0000041e-06
0.98201996,1.0,1.0000041e-06
0.98194003,1.0,1.000004e-06
0.9819129,1.0,1.000004e-06
0.9817847,1.0,1.000004e-06
0.98188674,1.0,1.0000039e-06
0.9817541,1.0,1.0000039e-06
0.9816974,1.0,1.0000039e-06
0.98157185,1.0,1.0000037e-06
0.981593,1.0,1.0000037e-06
0.98156744,1.0,1.0000037e-06
0.9815134,1.0,1.0000036e-06
0.98141193,1.0,1.0000036e-06
0.98137486,1.0,1.0000035e-06
0.9813759,1.0,1.0000035e-06
0.981293,1.0,1.0000035e-06
0.9813239,1.0,1.0000034e-06
0.98131764,1.0,1.0000034e-06
0.98131526,1.0,1.0000034e-06
0.9812589,1.0,1.0000033e-06
0.9812846,1.0,1.0000033e-06
0.98112863,1.0,1.0000033e-06
0.9812091,1.0,1.0000032e-06
0.98117554,1.0,1.0000032e-06
0.98107475,1.0,1.0000032e-06
0.9810689,1.0,1.0000032e-06
0.98102033,1.0,1.0000031e-06
0.980975,1.0,1.0000031e-06
0.9809065,1.0,1.0000031e-06
0.9887701,1.0,1.000003e-06
0.98347497,1.0,1.000003e-06
0.98148894,1.0,1.000003e-06
0.9813689,1.0,1.0000028e-06
1.0,1.0,1.0000028e-06
1.0,1.0,1.0000028e-06
0.9868503,1.0,1.0000028e-06
0.98743296,1.0,1.0000027e-06
0.9838579,1.0,1.0000027e-06
0.98294884,1.0,1.0000027e-06
0.98267716,1.0,1.0000027e-06
0.98250437,1.0,1.0000026e-06
0.9823913,1.0,1.0000026e-06
0.9822516,1.0,1.0000026e-06
0.9822425,1.0,1.0000026e-06
0.98197484,1.0,1.0000025e-06
0.9818483,1.0,1.0000025e-06
0.98172957,1.0,1.0000025e-06
0.9840637,1.0,1.0000025e-06
0.9818614,1.0,1.0000024e-06
0.98162717,1.0,1.0000024e-06
0.98151577,1.0,1.0000024e-06
0.9814282,1.0,1.0000024e-06
0.9813142,1.0,1.0000023e-06
0.98129535,1.0,1.0000023e-06
0.98116213,1.0,1.0000023e-06
0.9760591,1.0,1.0000023e-06
0.97506654,1.0,1.0000023e-06
0.97525936,1.0,1.0000022e-06
0.9804042,1.0,1.0000022e-06
0.9804247,1.0,1.0000022e-06
0.9803298,1.0,1.0000022e-06
0.9803348,1.0,1.0000022e-06
0.98030174,1.0,1.000002e-06
0.9803204,1.0,1.000002e-06
0.9802262,1.0,1.000002e-06
0.9802245,1.0,1.000002e-06
0.97693664,1.0,1.000002e-06
0.9814871,1.0,1.000002e-06
0.97852784,1.0,1.0000019e-06
0.97977686,1.0,1.0000019e-06
0.97983676,1.0,1.0000019e-06
0.9798559,1.0,1.0000019e-06
0.9797518,1.0,1.0000019e-06
0.97969675,1.0,1.0000018e-06
0.97965646,1.0,1.0000018e-06
0.9796038,1.0,1.0000018e-06
0.9796104,1.0,1.0000018e-06
0.9795989,1.0,1.0000018e-06
0.97946215,1.0,1.0000018e-06
0.9794168,1.0,1.0000018e-06
0.9794095,1.0,1.0000017e-06
0.9793866,1.0,1.0000017e-06
0.97923964,1.0,1.0000017e-06
0.979159,1.0,1.0000017e-06
0.9791948,1.0,1.0000017e-06
0.9790805,1.0,1.0000017e-06
0.9789664,1.0,1.0000017e-06
0.97891986,1.0,1.0000016e-06
0.97888666,1.0,1.0000016e-06
0.9789045,1.0,1.0000016e-06
0.97880304,1.0,1.0000016e-06
0.9787566,1.0,1.0000016e-06
0.97863525,1.0,1.0000016e-06
0.9786041,1.0,1.0000016e-06
0.9785644,1.0,1.0000016e-06
0.97847474,1.0,1.0000015e-06
0.9784029,1.0,1.0000015e-06
0.97847223,1.0,1.0000015e-06
0.9784706,1.0,1.0000015e-06
0.9783772,1.0,1.0000015e-06
0.9783554,1.0,1.0000015e-06
0.97829556,1.0,1.0000015e-06
0.9782042,1.0,1.0000015e-06
0.97817814,1.0,1.0000015e-06
0.97807384,1.0,1.0000014e-06
0.9780025,1.0,1.0000014e-06
0.97800934,1.0,1.0000014e-06
0.97788364,1.0,1.0000014e-06
0.97781277,1.0,1.0000014e-06
0.9777443,1.0,1.0000014e-06
0.9777224,1.0,1.0000014e-06
0.97766346,1.0,1.0000014e-06
0.9776727,1.0,1.0000014e-06
0.9774542,1.0,1.0000014e-06
0.97739875,1.0,1.0000012e-06
0.97734976,1.0,1.0000012e-06
0.97721183,1.0,1.0000012e-06
0.9772346,1.0,1.0000012e-06
0.9771463,1.0,1.0000012e-06
0.9770882,1.0,1.0000012e-06
0.9769947,1.0,1.0000012e-06
0.97701865,1.0,1.0000012e-06
0.9770082,1.0,1.0000012e-06
0.9769182,1.0,1.0000012e-06
0.9768119,1.0,1.0000012e-06
0.9767318,1.0,1.0000012e-06
0.9766957,1.0,1.0000011e-06
0.9765668,1.0,1.0000011e-06
0.9765197,1.0,1.0000011e-06
0.9763777,1.0,1.0000011e-06
0.97635645,1.0,1.0000011e-06
0.9763095,1.0,1.0000011e-06
0.97626704,1.0,1.0000011e-06
0.97627115,1.0,1.0000011e-06
0.9762186,1.0,1.0000011e-06
0.97620916,1.0,1.0000011e-06
0.97614735,1.0,1.0000011e-06
0.9759663,1.0,1.0000011e-06
0.9758873,1.0,1.0000011e-06
0.9758789,1.0,1.0000011e-06
0.9758572,1.0,1.0000011e-06
0.975855,1.0,1.0000011e-06
0.97576547,1.0,1.0000011e-06
0.9757373,1.0,1.000001e-06
0.9756261,1.0,1.000001e-06
0.9756797,1.0,1.000001e-06
0.9756017,1.0,1.000001e-06
0.97560394,1.0,1.000001e-06
0.9754686,1.0,1.000001e-06
0.97545016,1.0,1.000001e-06
0.9753953,1.0,1.000001e-06
0.97527814,1.0,1.000001e-06
0.9751255,1.0,1.000001e-06
0.9751676,1.0,1.000001e-06
0.9751806,1.0,1.000001e-06
0.9751616,1.0,1.000001e-06
0.97498894,1.0,1.000001e-06
0.9750357,1.0,1.000001e-06
0.97495496,1.0,1.000001e-06
0.97492844,1.0,1.000001e-06
0.9749525,1.0,1.000001e-06
0.97487223,1.0,1.000001e-06
0.9747843,1.0,1.000001e-06
0.9747538,1.0,1.000001e-06
0.97467154,1.0,1.000001e-06
0.9746808,1.0,1.000001e-06
0.9745328,1.0,1.000001e-06
0.97458726,1.0,1.000001e-06
0.97443503,1.0,1.000001e-06
0.97441375,1.0,1.000001e-06
0.9743898,1.0,1.000001e-06
0.97429544,1.0,1.000001e-06
0.97429013,1.0,1.000001e-06
0.97422445,1.0,1.000001e-06
0.9740891,1.0,1.0000009e-06
0.9739833,1.0,1.0000009e-06
0.9740072,1.0,1.0000009e-06
0.97394246,1.0,1.0000009e-06
0.973903,1.0,1.0000009e-06
0.97382176,1.0,1.0000009e-06
0.97379434,1.0,1.0000009e-06
0.9737039,1.0,1.0000009e-06
0.973741,1.0,1.0000009e-06
0.9736922,1.0,1.0000009e-06
0.97355247,1.0,1.0000009e-06
0.9735586,1.0,1.0000009e-06
0.97353256,1.0,1.0000009e-06
0.9735596,1.0,1.0000009e-06
0.9734887,1.0,1.0000009e-06
0.9734582,1.0,1.0000009e-06
0.9734271,1.0,1.0000009e-06
0.9733658,1.0,1.0000009e-06
0.9733113,1.0,1.0000009e-06
0.9732721,1.0,1.0000009e-06
0.9732338,1.0,1.0000009e-06
0.97319263,1.0,1.0000009e-06
0.9731271,1.0,1.0000009e-06
0.9730862,1.0,1.0000009e-06
0.973068,1.0,1.0000009e-06
0.9730566,1.0,1.0000009e-06
0.97296965,1.0,1.0000009e-06
0.97284645,1.0,1.0000009e-06
0.9728473,1.0,1.000001e-06
0.97278935,1.0,1.000001e-06
0.97272974,1.0,1.000001e-06
0.97269076,1.0,1.000001e-06
0.9726913,1.0,1.000001e-06
0.9726138,1.0,1.000001e-06
0.97257435,1.0,1.000001e-06
0.9724971,1.0,1.000001e-06
0.9723898,1.0,1.000001e-06
0.972369,1.0,1.000001e-06
0.9722985,1.0,1.000001e-06
0.9722061,1.0,1.000001e-06
0.97215956,1.0,1.000001e-06
0.9721912,1.0,1.000001e-06
0.9720813,1.0,1.000001e-06
0.9720575,1.0,1.000001e-06
0.97204095,1.0,1.000001e-06
0.9719735,1.0,1.000001e-06
0.97195894,1.0,1.000001e-06
0.9719114,1.0,1.000001e-06
0.9718036,1.0,1.000001e-06
0.9717539,1.0,1.000001e-06
0.9717308,1.0,1.000001e-06
0.9715961,1.0,1.000001e-06
0.97146314,1.0,1.000001e-06
0.971423,1.0,1.000001e-06
0.97140634,1.0,1.000001e-06
0.97136486,1.0,1.000001e-06
0.97126746,1.0,1.0000011e-06
0.97128123,1.0,1.0000011e-06
0.9710989,1.0,1.0000011e-06
0.9710179,1.0,1.0000011e-06
0.970993,1.0,1.0000011e-06
0.9708823,1.0,1.0000011e-06
0.97082525,1.0,1.0000011e-06
0.97071743,1.0,1.0000011e-06
0.97067523,1.0,1.0000011e-06
0.97065985,1.0,1.0000011e-06
0.97057706,1.0,1.0000011e-06
0.97050494,1.0,1.0000011e-06
0.97046053,1.0,1.0000011e-06
0.9704068,1.0,1.0000011e-06
0.9703807,1.0,1.0000012e-06
0.9701938,1.0,1.0000012e-06
0.97016805,1.0,1.0000012e-06
0.97013545,1.0,1.0000012e-06
0.9700909,1.0,1.0000012e-06
0.97004384,1.0,1.0000012e-06
0.96996397,1.0,1.0000012e-06
0.9699151,1.0,1.0000012e-06
0.96991074,1.0,1.0000012e-06
0.96981555,1.0,1.0000012e-06
0.9697468,1.0,1.0000012e-06
0.9696786,1.0,1.0000014e-06
0.96966004,1.0,1.0000014e-06
0.9697004,1.0,1.0000014e-06
0.969611,1.0,1.0000014e-06
0.96966046,1.0,1.0000014e-06
0.96958685,1.0,1.0000014e-06
0.9695277,1.0,1.0000014e-06
0.96946967,1.0,1.0000014e-06
0.96944934,1.0,1.0000015e-06
0.969411,1.0,1.0000015e-06
0.96936995,1.0,1.0000015e-06
0.9691938,1.0,1.0000015e-06
0.96915364,1.0,1.0000015e-06
0.9691228,1.0,1.0000015e-06
0.9690423,1.0,1.0000015e-06
0.9690239,1.0,1.0000016e-06
0.9689269,1.0,1.0000016e-06
0.9688048,1.0,1.0000016e-06
0.96879965,1.0,1.0000016e-06
0.96867895,1.0,1.0000016e-06
0.9686025,1.0,1.0000017e-06
0.9685684,1.0,1.0000017e-06
0.9684977,1.0,1.0000017e-06
0.9684266,1.0,1.0000017e-06
0.9683985,1.0,1.0000017e-06
0.96830434,1.0,1.0000017e-06
0.9680125,1.0,1.0000018e-06
0.968144,1.0,1.0000018e-06
0.96803266,1.0,1.0000018e-06
0.965921,1.0,1.0000018e-06
0.96796054,1.0,1.0000019e-06
0.96778864,1.0,1.0000019e-06
0.96783596,1.0,1.0000019e-06
0.96774834,1.0,1.0000019e-06
0.9676676,1.0,1.000002e-06
0.9676502,1.0,1.000002e-06
0.9676374,1.0,1.000002e-06
0.96749103,1.0,1.000002e-06
0.9674224,1.0,1.0000022e-06
0.9674222,1.0,1.0000022e-06
0.9673766,1.0,1.0000022e-06
0.96723634,1.0,1.0000022e-06
0.967171,1.0,1.0000023e-06
0.9671714,1.0,1.0000023e-06
0.96697503,1.0,1.0000023e-06
0.9670057,1.0,1.0000024e-06
0.9669137,1.0,1.0000024e-06
0.96689665,1.0,1.0000024e-06
0.966864,1.0,1.0000025e-06
0.9668344,1.0,1.0000025e-06
0.96675545,1.0,1.0000025e-06
0.96676624,1.0,1.0000026e-06
0.96664274,1.0,1.0000026e-06
0.9666043,1.0,1.0000027e-06
0.96650714,1.0,1.0000027e-06
0.9664686,1.0,1.0000027e-06
0.96630573,1.0,1.0000028e-06
0.96639496,1.0,1.0000028e-06
0.96628654,1.0,1.000003e-06
0.9662492,1.0,1.000003e-06
0.9661601,1.0,1.0000031e-06
0.9661249,1.0,1.0000031e-06
0.96600187,1.0,1.0000032e-06
0.9659822,1.0,1.0000032e-06
0.9659315,1.0,1.0000033e-06
0.9658089,1.0,1.0000033e-06
0.96573067,1.0,1.0000034e-06
0.9656897,1.0,1.0000034e-06
0.96568316,1.0,1.0000035e-06
0.9655675,1.0,1.0000035e-06
0.9655018,1.0,1.0000036e-06
0.965478,1.0,1.0000037e-06
0.965404,1.0,1.0000037e-06
0.9652976,1.0,1.0000039e-06
0.96524835,1.0,1.0000039e-06
0.9651605,1.0,1.000004e-06
0.9650503,1.0,1.0000041e-06
0.9650146,1.0,1.0000041e-06
0.96490127,1.0,1.0000042e-06
0.9649247,1.0,1.0000043e-06
0.9648355,1.0,1.0000044e-06
0.96475744,1.0,1.0000044e-06
0.96471983,1.0,1.0000045e-06
0.964658,1.0,1.0000047e-06
0.9645254,1.0,1.0000048e-06
0.9643654,1.0,1.0000049e-06
0.96441424,1.0,1.000005e-06
0.96433234,1.0,1.000005e-06
0.9642478,1.0,1.0000051e-06
0.96415806,1.0,1.0000052e-06
0.9640901,1.0,1.0000053e-06
0.9640091,1.0,1.0000055e-06
0.9639342,1.0,1.0000056e-06
0.9638518,1.0,1.0000057e-06
0.963831,1.0,1.0000058e-06
0.9637027,1.0,1.0000059e-06
0.963658,1.0,1.000006e-06
0.96361345,1.0,1.0000063e-06
0.9636122,1.0,1.0000064e-06
0.9635163,1.0,1.0000065e-06
0.96342397,1.0,1.0000066e-06
0.9634027,1.0,1.0000067e-06
0.96329266,1.0,1.0000069e-06
0.96319884,1.0,1.000007e-06
0.9631005,1.0,1.0000072e-06
0.9630093,1.0,1.0000074e-06
0.9628936,1.0,1.0000075e-06
0.9628598,1.0,1.0000076e-06
0.9627336,1.0,1.0000078e-06
0.9627084,1.0,1.000008e-06
0.96251476,1.0,1.0000082e-06
0.96254003,1.0,1.0000083e-06
0.96249723,1.0,1.0000085e-06
0.96245766,1.0,1.0000088e-06
0.96241236,1.0,1.0000089e-06
0.9623227,1.0,1.0000091e-06
0.9622834,1.0,1.0000093e-06
0.9622223,1.0,1.0000095e-06
0.9621215,1.0,1.0000097e-06
0.96202606,1.0,1.0000099e-06
0.96196824,1.0,1.0000101e-06
0.9618533,1.0,1.0000103e-06
0.9618155,1.0,1.0000106e-06
0.9617565,1.0,1.0000108e-06
0.9616701,1.0,1.0000111e-06
0.96159685,1.0,1.0000114e-06
0.96155506,1.0,1.0000116e-06
0.96146077,1.0,1.0000118e-06
0.9613576,1.0,1.0000122e-06
0.9612617,1.0,1.0000124e-06
0.9611701,1.0,1.0000126e-06
0.9486569,1.0,1.000013e-06
0.95045763,1.0,1.0000132e-06
0.9513113,1.0,1.0000135e-06
0.9518286,1.0,1.0000139e-06
0.9522733,1.0,1.0000142e-06
0.952614,1.0,1.0000144e-06
0.95276064,1.0,1.0000148e-06
0.9529311,1.0,1.0000151e-06
0.95314133,1.0,1.0000155e-06
0.95317656,1.0,1.0000158e-06
0.9534012,1.0,1.0000161e-06
0.95349395,1.0,1.0000165e-06
0.95352525,1.0,1.0000169e-06
0.953585,1.0,1.0000173e-06
0.9536448,1.0,1.0000177e-06
0.9537106,1.0,1.0000181e-06
0.9537998,1.0,1.0000185e-06
0.9537933,1.0,1.0000189e-06
0.9538504,1.0,1.0000193e-06
0.9537795,1.0,1.0000198e-06
0.9537966,1.0,1.0000202e-06
0.9538311,1.0,1.0000207e-06
0.9538802,1.0,1.0000211e-06
0.95389795,1.0,1.0000216e-06
0.9538996,1.0,1.0000222e-06
0.95383954,1.0,1.0000226e-06
0.953972,1.0,1.0000232e-06
0.95393676,1.0,1.0000236e-06
0.9539258,1.0,1.0000242e-06
0.95390946,1.0,1.0000248e-06
0.9538285,1.0,1.0000253e-06
0.9538744,1.0,1.0000259e-06
0.95383936,1.0,1.0000265e-06
0.95384544,1.0,1.000027e-06
0.95379984,1.0,1.0000276e-06
0.9537494,1.0,1.0000283e-06
0.95368326,1.0,1.0000289e-06
0.9537157,1.0,1.0000296e-06
0.9536723,1.0,1.0000302e-06
0.9535974,1.0,1.0000309e-06
0.9536007,1.0,1.0000316e-06
0.9535363,1.0,1.0000323e-06
0.9535684,1.0,1.000033e-06
0.9535702,1.0,1.0000338e-06
0.9534728,1.0,1.0000344e-06
0.95343983,1.0,1.0000352e-06
0.9533702,1.0,1.000036e-06
0.9533383,1.0,1.0000368e-06
0.9533886,1.0,1.0000376e-06
0.9533466,1.0,1.0000384e-06
0.953339,1.0,1.0000393e-06
0.95328015,1.0,1.0000401e-06
0.95333254,1.0,1.000041e-06
0.9530871,1.0,1.000042e-06
0.9530907,1.0,1.0000429e-06
0.9531201,1.0,1.0000438e-06
0.9530638,1.0,1.0000448e-06
0.9529612,1.0,1.0000457e-06
0.9530172,1.0,1.0000467e-06
0.9529209,1.0,1.0000477e-06
0.9529455,1.0,1.0000488e-06
0.9529052,1.0,1.0000498e-06
0.952793,1.0,1.0000508e-06
0.95278805,1.0,1.000052e-06
0.95269674,1.0,1.000053e-06
0.9527427,1.0,1.0000541e-06
0.9525755,1.0,1.0000554e-06
0.9526204,1.0,1.0000565e-06
0.95252824,1.0,1.0000576e-06
0.95247376,1.0,1.0000589e-06
0.9524379,1.0,1.0000601e-06
0.95246065,1.0,1.0000614e-06
0.9523358,1.0,1.0000626e-06
0.9523194,1.0,1.000064e-06
0.9522866,1.0,1.0000653e-06
0.9522296,1.0,1.0000666e-06
0.9521424,1.0,1.000068e-06
0.95205885,1.0,1.0000695e-06
0.9520414,1.0,1.0000708e-06
0.952046,1.0,1.0000723e-06
0.9519171,1.0,1.0000738e-06
0.95187765,1.0,1.0000753e-06
0.95178056,1.0,1.0000768e-06
0.9517023,1.0,1.0000783e-06
0.9516629,1.0,1.0000799e-06
0.95162535,1.0,1.0000815e-06
0.95160604,1.0,1.0000832e-06
0.9514826,1.0,1.0000848e-06
0.9514391,1.0,1.0000865e-06
0.95140797,1.0,1.0000882e-06
0.95089185,1.0,1.00009e-06
0.95127743,1.0,1.0000917e-06
0.95122325,1.0,1.0000936e-06
0.9511315,1.0,1.0000955e-06
0.95109487,1.0,1.0000973e-06
0.9510249,1.0,1.0000991e-06
0.9509401,1.0,1.0001011e-06
0.9508462,1.0,1.0001031e-06
0.9507726,1.0,1.000105e-06
0.9508004,1.0,1.0001071e-06
0.9506956,1.0,1.0001091e-06
0.95072883,1.0,1.0001112e-06
0.9505976,1.0,1.0001133e-06
0.95051336,1.0,1.0001155e-06
0.9504178,1.0,1.0001177e-06
0.9503682,1.0,1.0001198e-06
0.95031273,1.0,1.0001221e-06
0.9502378,1.0,1.0001244e-06
0.9501846,1.0,1.0001266e-06
0.94550556,1.0,1.000129e-06
0.9561143,1.0,1.0001314e-06
0.9530097,1.0,1.0001338e-06
0.9411453,1.0,1.0001363e-06
0.94422966,1.0,1.0001387e-06
0.93758214,1.0,1.0001413e-06
0.94933045,1.0,1.0001438e-06
0.94952303,1.0,1.0001463e-06
0.94950265,1.0,1.0001489e-06
0.949521,1.0,1.0001517e-06
0.9495568,1.0,1.0001544e-06
0.9494354,1.0,1.0001571e-06
0.94938797,1.0,1.0001598e-06
0.9492395,1.0,1.0001627e-06
0.9491785,1.0,1.0001655e-06
0.9491334,1.0,1.0001685e-06
0.9490649,1.0,1.0001713e-06
0.94901556,1.0,1.0001743e-06
0.9490201,1.0,1.0001772e-06
0.9488252,1.0,1.0001803e-06
0.9488662,1.0,1.0001834e-06
0.9486512,1.0,1.0001864e-06
0.9486567,1.0,1.0001895e-06
0.9486135,1.0,1.0001927e-06
0.94858164,1.0,1.0001959e-06
0.9485135,1.0,1.0001992e-06
0.94830763,1.0,1.0002025e-06
0.9482974,1.0,1.0002058e-06
0.9481628,1.0,1.0002092e-06
0.94811535,1.0,1.0002125e-06
0.948152,1.0,1.000216e-06
0.9480559,1.0,1.0002195e-06
0.94784874,1.0,1.0002229e-06
0.9478991,1.0,1.0002265e-06
0.94775647,1.0,1.0002301e-06
0.94761205,1.0,1.0002337e-06
0.9475596,1.0,1.0002374e-06
0.9474881,1.0,1.0002411e-06
0.94743353,1.0,1.0002449e-06
0.94724864,1.0,1.0002486e-06
0.9471807,1.0,1.0002525e-06
0.9471368,1.0,1.0002564e-06
0.9470469,1.0,1.0002602e-06
0.9469234,1.0,1.0002641e-06
0.9468669,1.0,1.0002681e-06
0.94673425,1.0,1.000272e-06
0.94662786,1.0,1.0002761e-06
0.9464428,1.0,1.0002803e-06
0.94642735,1.0,1.0002844e-06
0.9463399,1.0,1.0002886e-06
0.946334,1.0,1.0002929e-06
0.9462299,1.0,1.0002971e-06
0.9461644,1.0,1.0003014e-06
0.9460309,1.0,1.0003057e-06
0.94582385,1.0,1.00031e-06
0.94581,1.0,1.0003143e-06
0.9457939,1.0,1.0003189e-06
0.9454966,1.0,1.0003233e-06
0.94547075,1.0,1.0003278e-06
0.9453046,1.0,1.0003323e-06
0.94530153,1.0,1.0003369e-06
0.9451733,1.0,1.0003415e-06
0.9450777,1.0,1.0003462e-06
0.94485116,1.0,1.000351e-06
0.94485575,1.0,1.0003556e-06
0.9447384,1.0,1.0003604e-06
0.9445277,1.0,1.0003653e-06
0.9444144,1.0,1.0003702e-06
0.94430983,1.0,1.000375e-06
0.94423866,1.0,1.00038e-06
0.9440834,1.0,1.000385e-06
0.9439947,1.0,1.0003901e-06
0.9438579,1.0,1.0003951e-06
0.94374156,1.0,1.0004002e-06
0.9436061,1.0,1.0004053e-06
0.94346416,1.0,1.0004105e-06
0.9433174,1.0,1.0004159e-06
0.94312114,1.0,1.000421e-06
0.9430611,1.0,1.0004262e-06
0.94290406,1.0,1.0004317e-06
0.94281936,1.0,1.000437e-06
0.9426229,1.0,1.0004425e-06
0.942484,1.0,1.0004479e-06
0.942309,1.0,1.0004534e-06
0.9422368,1.0,1.000459e-06
0.94208,1.0,1.0004644e-06
0.94187677,1.0,1.0004701e-06
0.94174457,1.0,1.0004758e-06
0.94155896,1.0,1.0004813e-06
0.9414081,1.0,1.000487e-06
0.9413765,1.0,1.0004927e-06
0.9410981,1.0,1.0004984e-06
0.9409461,1.0,1.0005042e-06
0.9407769,1.0,1.00051e-06
0.9406528,1.0,1.0005158e-06
0.94048625,1.0,1.0005217e-06
0.9402697,1.0,1.0005276e-06
0.94017094,1.0,1.0005334e-06
0.9400251,1.0,1.0005394e-06
0.9398833,1.0,1.0005455e-06
0.93975776,1.0,1.0005515e-06
0.93948567,1.0,1.0005576e-06
0.93929833,1.0,1.0005638e-06
0.93904036,1.0,1.0005699e-06
0.93837804,1.0,1.000576e-06
0.9386634,1.0,1.0005823e-06
0.9384995,1.0,1.0005886e-06
0.9383555,1.0,1.0005948e-06
0.93812704,1.0,1.0006012e-06
0.93792385,1.0,1.0006074e-06
0.9377285,1.0,1.0006138e-06
0.937597,1.0,1.0006204e-06
0.9301025,1.0,1.0006268e-06
0.9370516,1.0,1.0006331e-06
0.93673545,1.0,1.0006397e-06
0.936368,1.0,1.0006463e-06
0.9361467,1.0,1.0006527e-06
0.93591565,1.0,1.0006593e-06
0.9358166,1.0,1.0006657e-06
0.9357331,1.0,1.0006723e-06
0.93557465,1.0,1.0006792e-06
0.93575126,1.0,1.0006858e-06
0.9353895,1.0,1.0006925e-06
0.935115,1.0,1.0006991e-06
0.92986685,1.0,1.000706e-06
0.93510985,1.0,1.0007128e-06
0.9345482,1.0,1.0007199e-06
0.9343776,1.0,1.000727e-06
0.9341783,1.0,1.0007341e-06
0.93397146,1.0,1.0007412e-06
0.93374,1.0,1.0007486e-06
0.9335126,1.0,1.0007559e-06
0.9332943,1.0,1.0007632e-06
0.9330474,1.0,1.0007706e-06
0.93285745,1.0,1.0007781e-06
0.9326367,1.0,1.0007855e-06
0.93245304,1.0,1.0007931e-06
0.9322361,1.0,1.0008007e-06
0.93204945,1.0,1.0008081e-06
0.9317078,1.0,1.0008157e-06
0.9314819,1.0,1.0008233e-06
0.93126506,1.0,1.000831e-06
0.9310302,1.0,1.0008386e-06
0.9308085,1.0,1.0008464e-06
0.93057364,1.0,1.0008541e-06
0.9303202,1.0,1.0008619e-06
0.93004894,1.0,1.0008698e-06
0.9297864,1.0,1.0008775e-06
0.92955095,1.0,1.0008854e-06
0.9293261,1.0,1.0008932e-06
0.9290288,1.0,1.0009012e-06
0.92876273,1.0,1.0009092e-06
0.92849135,1.0,1.0009171e-06
0.92830104,1.0,1.0009248e-06
0.9280435,1.0,1.0009328e-06
0.9277095,1.0,1.0009408e-06
0.9334688,1.0,1.0009488e-06
0.92807746,1.0,1.0009568e-06
0.9288116,1.0,1.0009647e-06
0.9270631,1.0,1.0009727e-06
0.9266373,1.0,1.0009808e-06
0.9263332,1.0,1.000989e-06
0.92591137,1.0,1.0009968e-06
0.925612,1.0,1.0010049e-06
0.9253236,1.0,1.0010131e-06
0.92504776,1.0,1.0010211e-06
0.9247797,1.0,1.0010293e-06
0.9244392,1.0,1.0010376e-06
0.92417985,1.0,1.0010458e-06
0.9238982,1.0,1.0010535e-06
0.92357904,1.0,1.0010616e-06
0.92332524,1.0,1.0010696e-06
0.9229816,1.0,1.0010774e-06
0.9226655,1.0,1.0010853e-06
0.92229253,1.0,1.0010931e-06
0.92202693,1.0,1.0011008e-06
0.92167425,1.0,1.0011084e-06
0.9213456,1.0,1.0011163e-06
0.92104423,1.0,1.0011238e-06
0.92075026,1.0,1.0011313e-06
0.9204188,1.0,1.0011391e-06
0.92011046,1.0,1.0011466e-06
0.91972435,1.0,1.0011543e-06
0.9194175,1.0,1.0011621e-06
0.91909575,1.0,1.0011697e-06
0.91874266,1.0,1.0011775e-06
0.91844594,1.0,1.0011851e-06
0.9180854,1.0,1.0011927e-06
0.9177553,1.0,1.0012003e-06
0.91739666,1.0,1.001208e-06
0.9170838,1.0,1.0012154e-06
0.9167233,1.0,1.0012232e-06
0.91638,1.0,1.0012305e-06
0.9160894,1.0,1.0012383e-06
0.9157522,1.0,1.0012457e-06
0.9154326,1.0,1.0012533e-06
0.9150128,1.0,1.0012609e-06
0.9146648,1.0,1.0012684e-06
0.91435367,1.0,1.001276e-06
0.91392833,1.0,1.0012837e-06
0.9136389,1.0,1.0012913e-06
0.9132062,1.0,1.0012988e-06
0.9129361,1.0,1.0013063e-06
0.9125797,1.0,1.0013139e-06
0.9122083,1.0,1.0013213e-06
0.91183865,1.0,1.0013289e-06
0.91140586,1.0,1.0013363e-06
0.9110548,1.0,1.0013442e-06
0.9106952,1.0,1.0013516e-06
0.91033185,1.0,1.001359e-06
0.9099399,1.0,1.0013663e-06
0.90954584,1.0,1.0013739e-06
0.90921414,1.0,1.0013811e-06
0.9087961,1.0,1.0013885e-06
0.9083583,1.0,1.0013957e-06
0.90798044,1.0,1.001403e-06
0.90770775,1.0,1.00141e-06
0.9072171,1.0,1.0014177e-06
0.90684813,1.0,1.0014251e-06
0.9063973,1.0,1.0014322e-06
0.9060377,1.0,1.0014395e-06
0.9056828,1.0,1.0014464e-06
0.9052744,1.0,1.0014537e-06
0.9049006,1.0,1.0014605e-06
0.90446955,1.0,1.0014681e-06
0.9041117,1.0,1.0014753e-06
0.9035986,1.0,1.0014827e-06
0.9031959,1.0,1.0014896e-06
0.9028195,1.0,1.0014968e-06
0.9023133,1.0,1.0015036e-06
0.9018292,1.0,1.0015108e-06
0.9013906,1.0,1.0015177e-06
0.90096265,1.0,1.0015248e-06
0.90049237,1.0,1.0015317e-06
0.9000587,1.0,1.0015387e-06
0.8995859,1.0,1.0015456e-06
0.8992056,1.0,1.0015526e-06
0.8987417,1.0,1.0015591e-06
0.89825326,1.0,1.0015658e-06
0.8978297,1.0,1.0015724e-06
0.8973864,1.0,1.0015794e-06
0.8968406,1.0,1.0015859e-06
0.8963553,1.0,1.0015925e-06
0.8959585,1.0,1.0015992e-06
0.8954612,1.0,1.0016059e-06
0.89491993,1.0,1.0016126e-06
0.8944738,1.0,1.0016191e-06
0.89400166,1.0,1.0016255e-06
0.8935206,1.0,1.001632e-06
0.8929273,1.0,1.0016389e-06
0.892449,1.0,1.001645e-06
0.89187205,1.0,1.0016511e-06
0.89142364,1.0,1.0016576e-06
0.89089614,1.0,1.0016638e-06
0.89035803,1.0,1.00167e-06
0.88978815,1.0,1.0016762e-06
0.88928777,1.0,1.0016822e-06
0.8887327,1.0,1.0016884e-06
0.8882274,1.0,1.0016944e-06
0.88770634,1.0,1.0017005e-06
0.8870886,1.0,1.0017064e-06
0.8865089,1.0,1.0017127e-06
0.8860484,1.0,1.0017185e-06
0.8854518,1.0,1.0017241e-06
0.88492197,1.0,1.0017301e-06
0.88433456,1.0,1.0017355e-06
0.88375735,1.0,1.0017416e-06
0.8831627,1.0,1.0017473e-06
0.8826351,1.0,1.0017525e-06
0.88201153,1.0,1.0017579e-06
0.8813999,1.0,1.0017635e-06
0.8808296,1.0,1.001769e-06
0.88020355,1.0,1.001774e-06
0.87959665,1.0,1.0017793e-06
0.87902564,1.0,1.0017851e-06
0.87835366,1.0,1.0017901e-06
0.8777754,1.0,1.001795e-06
0.87716734,1.0,1.0018001e-06
0.87649184,1.0,1.0018052e-06
0.875955,1.0,1.0018108e-06
0.8753278,1.0,1.0018156e-06
0.8747103,1.0,1.0018208e-06
0.87408966,1.0,1.0018258e-06
0.87344706,1.0,1.0018304e-06
0.8727842,1.0,1.0018358e-06
0.87218463,1.0,1.0018405e-06
0.87153786,1.0,1.0018455e-06
0.8709193,1.0,1.00185e-06
0.8702553,1.0,1.0018548e-06
0.86960655,1.0,1.0018597e-06
0.8689692,1.0,1.0018647e-06
0.86825716,1.0,1.0018689e-06
0.8675951,1.0,1.0018736e-06
0.8669294,1.0,1.0018781e-06
0.8661829,1.0,1.0018825e-06
0.8655635,1.0,1.0018874e-06
0.8648633,1.0,1.0018917e-06
0.86414796,1.0,1.001896e-06
0.8634151,1.0,1.0019e-06
0.8628426,1.0,1.0019044e-06
0.8621279,1.0,1.0019083e-06
0.8613927,1.0,1.0019127e-06
0.86068803,1.0,1.0019168e-06
0.8599367,1.0,1.0019206e-06
0.85922396,1.0,1.0019243e-06
0.8584816,1.0,1.0019289e-06
0.85780054,1.0,1.0019324e-06
0.8570503,1.0,1.001936e-06
0.8563601,1.0,1.0019401e-06
0.855527,1.0,1.0019436e-06
0.8549096,1.0,1.0019471e-06
0.85414433,1.0,1.0019507e-06
0.8534432,1.0,1.0019539e-06
0.85268825,1.0,1.0019573e-06
0.85201937,1.0,1.001961e-06
0.8512156,1.0,1.0019643e-06
0.8505371,1.0,1.0019672e-06
0.8497918,1.0,1.0019706e-06
0.8490143,1.0,1.0019737e-06
0.84829795,1.0,1.0019769e-06
0.8476005,1.0,1.0019804e-06
0.8468048,1.0,1.0019835e-06
0.8461234,1.0,1.001986e-06
0.845358,1.0,1.0019887e-06
0.84461236,1.0,1.0019913e-06
0.84392875,1.0,1.0019943e-06
0.84322226,1.0,1.0019971e-06
0.8424557,1.0,1.0019994e-06
0.841719,1.0,1.0020016e-06
0.84103435,1.0,1.0020042e-06
0.84026116,1.0,1.0020065e-06
0.84026116,1.0,1.0020088e-06
1.0,1.0,1.0000746e-06
1.0,1.0,1.0000746e-06
1.0,1.0,1.0000746e-06
0.9999531,1.0,1.0000746e-06
1.0,1.0,1.0000745e-06
1.0,1.0,1.0000745e-06
0.9998447,1.0,1.0000745e-06
1.0,1.0,1.0000743e-06
0.9999814,1.0,1.0000743e-06
0.99954844,1.0,1.0000742e-06
0.9997449,1.0,1.0000742e-06
0.9997428,1.0,1.0000741e-06
0.9995283,1.0,1.000074e-06
0.9996857,1.0,1.000074e-06
0.99961805,1.0,1.0000739e-06
0.99938357,1.0,1.0000738e-06
0.99938935,1.0,1.0000737e-06
0.9993748,1.0,1.0000736e-06
0.9991773,1.0,1.0000733e-06
0.9991622,1.0,1.0000732e-06
0.9988092,1.0,1.0000731e-06
0.99896264,1.0,1.000073e-06
0.9988856,1.0,1.0000728e-06
0.9984141,1.0,1.0000726e-06
0.9986019,1.0,1.0000724e-06
0.99847716,1.0,1.0000722e-06
0.9981308,1.0,1.000072e-06
0.9983705,1.0,1.0000718e-06
0.99833107,1.0,1.0000716e-06
0.99789745,1.0,1.0000714e-06
0.9980145,1.0,1.0000712e-06
0.9980101,1.0,1.0000708e-06
0.9977511,1.0,1.0000706e-06
0.9979337,1.0,1.0000704e-06
0.99767005,1.0,1.0000701e-06
0.9975788,1.0,1.0000698e-06
0.9974911,1.0,1.0000696e-06
0.99762,1.0,1.0000692e-06
0.9973314,1.0,1.0000689e-06
0.9974,1.0,1.0000686e-06
0.996799,1.0,1.0000683e-06
0.99701655,1.0,1.000068e-06
0.9968661,1.0,1.0000676e-06
0.99638104,1.0,1.0000673e-06
0.9966666,1.0,1.0000668e-06
0.99660796,1.0,1.0000665e-06
0.99616665,1.0,1.0000662e-06
0.9964233,1.0,1.0000658e-06
0.9965601,1.0,1.0000654e-06
0.99600214,1.0,1.000065e-06
0.99611884,1.0,1.0000646e-06
0.99601775,1.0,1.0000641e-06
0.99571997,1.0,1.0000638e-06
0.995791,1.0,1.0000633e-06
0.99583936,1.0,1.0000629e-06
0.99553317,1.0,1.0000624e-06
0.9954767,1.0,1.000062e-06
0.99538606,1.0,1.0000615e-06
0.9953706,1.0,1.000061e-06
0.99546397,1.0,1.0000606e-06
0.99490047,1.0,1.00006e-06
0.9949839,1.0,1.0000596e-06
0.99490047,1.0,1.000059e-06
0.9945385,1.0,1.0000585e-06
0.9946703,1.0,1.0000581e-06
0.9946496,1.0,1.0000575e-06
0.99415046,1.0,1.000057e-06
0.9943241,1.0,1.0000565e-06
0.9943277,1.0,1.0000559e-06
0.9939647,1.0,1.0000554e-06
0.9940712,1.0,1.0000548e-06
0.99401164,1.0,1.0000542e-06
0.99378204,1.0,1.0000537e-06
0.99381953,1.0,1.0000531e-06
0.9938109,1.0,1.0000525e-06
0.9936009,1.0,1.000052e-06
0.99352914,1.0,1.0000514e-06
0.9930673,1.0,1.0000508e-06
0.99319255,1.0,1.0000502e-06
0.9931323,1.0,1.0000497e-06
0.99273646,1.0,1.000049e-06
0.99284756,1.0,1.0000484e-06
0.9928456,1.0,1.0000479e-06
0.99231374,1.0,1.0000473e-06
0.9925293,1.0,1.0000466e-06
0.9925593,1.0,1.000046e-06
0.99207497,1.0,1.0000454e-06
0.99227864,1.0,1.0000448e-06
0.9920679,1.0,1.0000442e-06
0.99172527,1.0,1.0000435e-06
0.9918735,1.0,1.000043e-06
0.9917508,1.0,1.0000423e-06
0.99157065,1.0,1.0000417e-06
0.99151844,1.0,1.000041e-06
0.99148303,1.0,1.0000405e-06
0.9912854,1.0,1.0000398e-06
0.9912303,1.0,1.0000392e-06
0.9906988,1.0,1.0000385e-06
0.99090713,1.0,1.000038e-06
0.9908043,1.0,1.0000373e-06
0.9904115,1.0,1.0000367e-06
0.9905462,1.0,1.0000361e-06
0.9905863,1.0,1.0000355e-06
0.98977363,1.0,1.0000349e-06
0.9902957,1.0,1.0000342e-06
0.9902399,1.0,1.0000336e-06
0.98982084,1.0,1.0000331e-06
0.989914,1.0,1.0000325e-06
0.9897957,1.0,1.0000318e-06
0.98955154,1.0,1.0000313e-06
0.98955834,1.0,1.0000307e-06
0.98952705,1.0,1.0000301e-06
0.9893204,1.0,1.0000296e-06
0.98926145,1.0,1.000029e-06
0.98902065,1.0,1.0000284e-06
0.98892,1.0,1.0000277e-06
0.98894083,1.0,1.0000273e-06
0.9884958,1.0,1.0000267e-06
0.9887043,1.0,1.0000261e-06
0.98873407,1.0,1.0000256e-06
0.9881254,1.0,1.000025e-06
0.9884456,1.0,1.0000244e-06
0.9884192,1.0,1.000024e-06
0.98787683,1.0,1.0000234e-06
0.9879325,1.0,1.000023e-06
0.9878326,1.0,1.0000224e-06
0.98757416,1.0,1.0000219e-06
0.98766047,1.0,1.0000214e-06
0.9876449,1.0,1.0000209e-06
0.98733705,1.0,1.0000205e-06
0.98740214,1.0,1.00002e-06
0.98708695,1.0,1.0000194e-06
0.9869999,1.0,1.000019e-06
0.9871138,1.0,1.0000185e-06
0.9864521,1.0,1.0000181e-06
0.98666745,1.0,1.0000176e-06
0.9866222,1.0,1.0000173e-06
0.98614216,1.0,1.0000168e-06
0.98638374,1.0,1.0000164e-06
0.98632395,1.0,1.000016e-06
0.98571956,1.0,1.0000156e-06
0.9859515,1.0,1.0000151e-06
0.98581225,1.0,1.0000148e-06
0.98546356,1.0,1.0000144e-06
0.98562807,1.0,1.000014e-06
0.9855189,1.0,1.0000136e-06
0.9852662,1.0,1.0000133e-06
0.98519826,1.0,1.000013e-06
0.9850438,1.0,1.0000126e-06
0.9848617,1.0,1.0000123e-06
0.9848262,1.0,1.0000119e-06
0.98442453,1.0,1.0000116e-06
0.9844783,1.0,1.0000113e-06
0.98442984,1.0,1.000011e-06
0.9839812,1.0,1.0000107e-06
0.9842051,1.0,1.0000103e-06
0.9840641,1.0,1.0000101e-06
0.98361343,1.0,1.0000098e-06
0.98381877,1.0,1.0000095e-06
0.9839072,1.0,1.0000092e-06
0.98330957,1.0,1.000009e-06
0.983464,1.0,1.0000088e-06
0.9832374,1.0,1.0000085e-06
0.9830274,1.0,1.0000083e-06
0.9829601,1.0,1.0000081e-06
0.9828326,1.0,1.0000077e-06
0.9825866,1.0,1.0000076e-06
0.98259705,1.0,1.0000074e-06
0.98241156,1.0,1.0000072e-06
0.9823311,1.0,1.0000069e-06
0.9822417,1.0,1.0000067e-06
0.9818829,1.0,1.0000065e-06
0.98192775,1.0,1.0000064e-06
0.9818388,1.0,1.0000061e-06
0.981465,1.0,1.000006e-06
0.98162884,1.0,1.0000058e-06
0.9815252,1.0,1.0000057e-06
0.9810344,1.0,1.0000055e-06
0.9812465,1.0,1.0000053e-06
0.9810938,1.0,1.0000051e-06
0.9806879,1.0,1.000005e-06
0.98078495,1.0,1.0000049e-06
0.9805841,1.0,1.0000048e-06
0.98035944,1.0,1.0000045e-06
0.98038405,1.0,1.0000044e-06
0.98037165,1.0,1.0000043e-06
0.9799621,1.0,1.0000042e-06
0.97988284,1.0,1.0000041e-06
0.9795817,1.0,1.000004e-06
0.97958905,1.0,1.0000039e-06
0.97949916,1.0,1.0000037e-06
0.9790535,1.0,1.0000036e-06
0.9792221,1.0,1.0000035e-06
0.97904426,1.0,1.0000034e-06
0.9786049,1.0,1.0000033e-06
0.97664326,1.0,1.0000033e-06
0.9771107,1.0,1.0000032e-06
0.9768624,1.0,1.0000031e-06
0.9771625,1.0,1.000003e-06
0.9773293,1.0,1.000003e-06
0.9769967,1.0,1.0000028e-06
0.97724104,1.0,1.0000027e-06
0.9762502,1.0,1.0000027e-06
0.97684926,1.0,1.0000026e-06
0.97704595,1.0,1.0000025e-06
0.97708994,1.0,1.0000025e-06
0.9766786,1.0,1.0000024e-06
0.9768615,1.0,1.0000024e-06
0.9768518,1.0,1.0000023e-06
0.97651523,1.0,1.0000023e-06
0.9765017,1.0,1.0000022e-06
0.9765686,1.0,1.0000022e-06
0.9762109,1.0,1.000002e-06
0.9761704,1.0,1.000002e-06
0.9757384,1.0,1.0000019e-06
0.9758312,1.0,1.0000019e-06
0.9758685,1.0,1.0000018e-06
0.9754038,1.0,1.0000018e-06
0.97550094,1.0,1.0000018e-06
0.9754883,1.0,1.0000017e-06
0.9750157,1.0,1.0000017e-06
0.9751257,1.0,1.0000017e-06
0.97511536,1.0,1.0000016e-06
0.9746986,1.0,1.0000016e-06
0.97485214,1.0,1.0000016e-06
0.974766,1.0,1.0000015e-06
0.9744146,1.0,1.0000015e-06
0.9743413,1.0,1.0000015e-06
0.9741866,1.0,1.0000015e-06
0.9740151,1.0,1.0000014e-06
0.9740249,1.0,1.0000014e-06
0.97348964,1.0,1.0000014e-06
0.97358596,1.0,1.0000014e-06
0.973508,1.0,1.0000014e-06
0.9729775,1.0,1.0000012e-06
0.97299,1.0,1.0000012e-06
0.9729673,1.0,1.0000012e-06
0.9725633,1.0,1.0000012e-06
0.97263896,1.0,1.0000012e-06
0.972574,1.0,1.0000011e-06
0.97217,1.0,1.0000011e-06
0.972172,1.0,1.0000011e-06
0.9720865,1.0,1.0000011e-06
0.97174263,1.0,1.0000011e-06
0.9717411,1.0,1.0000011e-06
0.9714642,1.0,1.0000011e-06
0.97123283,1.0,1.0000011e-06
0.9712494,1.0,1.000001e-06
0.97071326,1.0,1.000001e-06
0.9708097,1.0,1.000001e-06
0.97074974,1.0,1.000001e-06
0.9701289,1.0,1.000001e-06
0.97016776,1.0,1.000001e-06
0.970021,1.0,1.000001e-06
0.96969885,1.0,1.000001e-06
0.9696661,1.0,1.000001e-06
0.9695301,1.0,1.000001e-06
0.96912766,1.0,1.000001e-06
0.9691016,1.0,1.000001e-06
0.96875584,1.0,1.000001e-06
0.9686646,1.0,1.000001e-06
0.96853787,1.0,1.0000009e-06
0.9681323,1.0,1.0000009e-06
0.9681312,1.0,1.0000009e-06
0.96793807,1.0,1.0000009e-06
0.96751237,1.0,1.0000009e-06
0.96755004,1.0,1.0000009e-06
0.96731925,1.0,1.0000009e-06
0.96694607,1.0,1.0000009e-06
0.9670095,1.0,1.0000009e-06
0.9667147,1.0,1.0000009e-06
0.9664111,1.0,1.0000009e-06
0.9663414,1.0,1.0000009e-06
0.96489316,1.0,1.0000009e-06
0.9658805,1.0,1.0000009e-06
0.9657627,1.0,1.0000009e-06
0.9651757,1.0,1.0000009e-06
0.96521026,1.0,1.0000009e-06
0.96516633,1.0,1.0000009e-06
0.96449107,1.0,1.000001e-06
0.96445984,1.0,1.000001e-06
0.96438545,1.0,1.000001e-06
0.96381205,1.0,1.000001e-06
0.9636556,1.0,1.000001e-06
0.9634097,1.0,1.000001e-06
0.96308666,1.0,1.000001e-06
0.9629775,1.0,1.000001e-06
0.9627064,1.0,1.000001e-06
0.962454,1.0,1.000001e-06
0.9621994,1.0,1.000001e-06
0.9617403,1.0,1.000001e-06
0.9616185,1.0,1.000001e-06
0.9614135,1.0,1.000001e-06
0.9608093,1.0,1.000001e-06
0.96089184,1.0,1.0000011e-06
0.9606218,1.0,1.0000011e-06
0.9600443,1.0,1.0000011e-06
0.9600579,1.0,1.0000011e-06
0.9597454,1.0,1.0000011e-06
0.9593106,1.0,1.0000011e-06
0.95922434,1.0,1.0000011e-06
0.9588638,1.0,1.0000011e-06
0.9584952,1.0,1.0000012e-06
0.9583067,1.0,1.0000012e-06
0.9576323,1.0,1.0000012e-06
0.95759076,1.0,1.0000012e-06
0.9574023,1.0,1.0000012e-06
0.95676327,1.0,1.0000012e-06
0.9566288,1.0,1.0000014e-06
0.9564545,1.0,1.0000014e-06
0.9559136,1.0,1.0000014e-06
0.9557887,1.0,1.0000014e-06
0.9554935,1.0,1.0000014e-06
0.955079,1.0,1.0000015e-06
0.95478135,1.0,1.0000015e-06
0.95438236,1.0,1.0000015e-06
0.9540994,1.0,1.0000015e-06
0.9537942,1.0,1.0000016e-06
0.95316637,1.0,1.0000016e-06
0.95314056,1.0,1.0000016e-06
0.9528892,1.0,1.0000016e-06
0.9520973,1.0,1.0000017e-06
0.95206535,1.0,1.0000017e-06
0.9516229,1.0,1.0000017e-06
0.95114344,1.0,1.0000018e-06
0.95101947,1.0,1.0000018e-06
0.950538,1.0,1.0000018e-06
0.9501966,1.0,1.0000018e-06
0.9497476,1.0,1.0000019e-06
0.9493053,1.0,1.0000019e-06
0.94910073,1.0,1.000002e-06
0.94875807,1.0,1.000002e-06
0.9481402,1.0,1.000002e-06
0.94768655,1.0,1.0000022e-06
0.947598,1.0,1.0000022e-06
0.9469435,1.0,1.0000022e-06
0.94666404,1.0,1.0000023e-06
0.9462675,1.0,1.0000023e-06
0.9457807,1.0,1.0000024e-06
0.94522226,1.0,1.0000024e-06
0.94511783,1.0,1.0000025e-06
0.9444984,1.0,1.0000025e-06
0.94434667,1.0,1.0000025e-06
0.9435704,1.0,1.0000026e-06
0.9430809,1.0,1.0000026e-06
0.9429951,1.0,1.0000027e-06
0.9422287,1.0,1.0000027e-06
0.94211924,1.0,1.0000028e-06
0.9418325,1.0,1.0000028e-06
0.94093204,1.0,1.000003e-06
0.9405929,1.0,1.000003e-06
0.93969756,1.0,1.0000031e-06
0.9390872,1.0,1.0000031e-06
0.9388448,1.0,1.0000032e-06
0.93850064,1.0,1.0000033e-06
0.9382532,1.0,1.0000033e-06
0.93777007,1.0,1.0000034e-06
0.9367543,1.0,1.0000034e-06
0.9360112,1.0,1.0000035e-06
0.9358176,1.0,1.0000035e-06
0.9353081,1.0,1.0000036e-06
0.9347207,1.0,1.0000037e-06
0.9343018,1.0,1.0000037e-06
0.9328338,1.0,1.0000039e-06
0.93285567,1.0,1.0000039e-06
0.93282205,1.0,1.000004e-06
0.9319053,1.0,1.0000041e-06
0.93172604,1.0,1.0000041e-06
0.93075633,1.0,1.0000042e-06
0.93030065,1.0,1.0000042e-06
0.9295045,1.0,1.0000043e-06
0.9286261,1.0,1.0000044e-06
0.9284377,1.0,1.0000044e-06
0.9280829,1.0,1.0000045e-06
0.9267355,1.0,1.0000047e-06
0.92669976,1.0,1.0000047e-06
0.9260958,1.0,1.0000048e-06
0.92487055,1.0,1.0000048e-06
0.9247089,1.0,1.0000049e-06
0.92221993,1.0,1.000005e-06
0.9228441,1.0,1.000005e-06
0.9224217,1.0,1.0000051e-06
0.92172754,1.0,1.0000051e-06
0.9209393,1.0,1.0000052e-06
0.92037535,1.0,1.0000053e-06
0.9192093,1.0,1.0000053e-06
0.9187439,1.0,1.0000055e-06
0.9184477,1.0,1.0000055e-06
0.9175356,1.0,1.0000056e-06
0.9167815,1.0,1.0000056e-06
0.9162829,1.0,1.0000057e-06
0.9146518,1.0,1.0000058e-06
0.91432333,1.0,1.0000058e-06
0.91371524,1.0,1.0000059e-06
0.9127117,1.0,1.0000059e-06
0.9120218,1.0,1.000006e-06
0.91116405,1.0,1.000006e-06
0.9101569,1.0,1.0000061e-06
0.90932053,1.0,1.0000061e-06
0.90857375,1.0,1.0000063e-06
0.90780854,1.0,1.0000063e-06
0.90665984,1.0,1.0000063e-06
0.9057935,1.0,1.0000064e-06
0.90467864,1.0,1.0000064e-06
0.90413016,1.0,1.0000065e-06
0.9029623,1.0,1.0000065e-06
0.9019274,1.0,1.0000065e-06
0.900992,1.0,1.0000066e-06
0.8998409,1.0,1.0000066e-06
0.8992324,1.0,1.0000067e-06
0.89841807,1.0,1.0000067e-06
0.8970525,1.0,1.0000067e-06
0.8960367,1.0,1.0000067e-06
0.8951615,1.0,1.0000068e-06
0.8938924,1.0,1.0000068e-06
0.8917793,1.0,1.0000068e-06
0.89201146,1.0,1.0000068e-06
0.89066213,1.0,1.0000069e-06
0.8894436,1.0,1.0000069e-06
0.88847786,1.0,1.0000069e-06
0.8874665,1.0,1.0000069e-06
0.8864738,1.0,1.0000069e-06
0.88534194,1.0,1.0000069e-06
0.8837818,1.0,1.0000069e-06
0.8827745,1.0,1.000007e-06
0.88132113,1.0,1.000007e-06
0.879988,1.0,1.000007e-06
0.87926054,1.0,1.000007e-06
0.878044,1.0,1.000007e-06
0.8765231,1.0,1.000007e-06
0.87566966,1.0,1.000007e-06
0.8735722,1.0,1.000007e-06
0.8728399,1.0,1.000007e-06
0.8718004,1.0,1.000007e-06
0.87080944,1.0,1.000007e-06
0.8694306,1.0,1.0000069e-06
0.86796683,1.0,1.0000069e-06
0.8666223,1.0,1.0000069e-06
0.86543757,1.0,1.0000069e-06
0.86441165,1.0,1.0000069e-06
0.86297137,1.0,1.0000069e-06
0.8615396,1.0,1.0000069e-06
0.85974073,1.0,1.0000068e-06
0.8590392,1.0,1.0000068e-06
0.8575344,1.0,1.0000068e-06
0.8562246,1.0,1.0000068e-06
0.85502285,1.0,1.0000068e-06
0.8538366,1.0,1.0000067e-06
0.8523592,1.0,1.0000067e-06
0.85097545,1.0,1.0000067e-06
0.8495192,1.0,1.0000067e-06
0.8481591,1.0,1.0000066e-06
0.8467809,1.0,1.0000066e-06
0.8453161,1.0,1.0000066e-06
0.84437126,1.0,1.0000066e-06
0.8428813,1.0,1.0000065e-06
0.84122455,1.0,1.0000065e-06
0.84034747,1.0,1.0000065e-06
0.8389256,1.0,1.0000064e-06
0.8376364,1.0,1.0000064e-06
0.8364456,1.0,1.0000064e-06
0.83472025,1.0,1.0000063e-06
0.8331129,1.0,1.0000063e-06
0.83191884,1.0,1.0000061e-06
0.8306735,1.0,1.0000061e-06
0.8291649,1.0,1.0000061e-06
0.82831067,1.0,1.000006e-06
0.8266714,1.0,1.000006e-06
0.8251694,1.0,1.000006e-06
0.8238937,1.0,1.0000059e-06
0.82291305,1.0,1.0000059e-06
0.82146984,1.0,1.0000058e-06
0.8197672,1.0,1.0000058e-06
0.81897527,1.0,1.0000058e-06
0.81776065,1.0,1.0000057e-06
0.816915,1.0,1.0000057e-06
0.8154861,1.0,1.0000056e-06
0.8140681,1.0,1.0000056e-06
0.81258065,1.0,1.0000056e-06
0.81114304,1.0,1.0000055e-06
0.8097489,1.0,1.0000055e-06
0.80831957,1.0,1.0000053e-06
0.8069587,1.0,1.0000053e-06
0.8055398,1.0,1.0000052e-06
0.8040984,1.0,1.0000052e-06
0.80279684,1.0,1.0000052e-06
0.8012818,1.0,1.0000051e-06
0.7998958,1.0,1.0000051e-06
0.7985198,1.0,1.000005e-06
0.79711616,1.0,1.000005e-06
0.7957756,1.0,1.0000049e-06
0.7932964,1.0,1.0000049e-06
0.7929183,1.0,1.0000049e-06
0.7915616,1.0,1.0000048e-06
0.7900528,1.0,1.0000048e-06
0.78856474,1.0,1.0000047e-06
0.7872835,1.0,1.0000047e-06
0.7858125,1.0,1.0000047e-06
0.7842161,1.0,1.0000045e-06
0.7830169,1.0,1.0000045e-06
0.78159815,1.0,1.0000044e-06
0.77982336,1.0,1.0000044e-06
0.7785277,1.0,1.0000043e-06
0.7769823,1.0,1.0000043e-06
0.77537525,1.0,1.0000043e-06
0.77401555,1.0,1.0000042e-06
0.77266735,1.0,1.0000042e-06
0.770998,1.0,1.0000041e-06
0.76961416,1.0,1.0000041e-06
0.7680479,1.0,1.0000041e-06
0.766533,1.0,1.000004e-06
0.99829566,1.0,1.0000747e-06
0.9980639,1.0,1.0000747e-06
0.9979491,1.0,1.0000747e-06
0.9978183,1.0,1.0000747e-06
0.9963597,1.0,1.0000746e-06
0.9974191,1.0,1.0000746e-06
0.9971942,1.0,1.0000746e-06
0.99697,1.0,1.0000745e-06
0.99694663,1.0,1.0000745e-06
0.99685365,1.0,1.0000743e-06
0.99656606,1.0,1.0000743e-06
0.99638206,1.0,1.0000742e-06
0.9962499,1.0,1.0000741e-06
0.9960441,1.0,1.0000741e-06
0.99591833,1.0,1.000074e-06
0.99579567,1.0,1.0000739e-06
0.9955104,1.0,1.0000738e-06
0.99531084,1.0,1.0000737e-06
0.99515986,1.0,1.0000734e-06
0.9948823,1.0,1.0000733e-06
0.9946738,1.0,1.0000732e-06
0.99455065,1.0,1.000073e-06
0.9943887,1.0,1.0000729e-06
0.9941564,1.0,1.0000726e-06
0.99399877,1.0,1.0000725e-06
0.9936896,1.0,1.0000723e-06
0.9934775,1.0,1.0000721e-06
0.9932456,1.0,1.000072e-06
0.99312186,1.0,1.0000717e-06
0.9929697,1.0,1.0000715e-06
0.9926437,1.0,1.0000713e-06
0.99242693,1.0,1.0000709e-06
0.99229276,1.0,1.0000707e-06
0.9921124,1.0,1.0000705e-06
0.9919153,1.0,1.0000703e-06
0.9919537,1.0,1.0000699e-06
0.99160767,1.0,1.0000697e-06
0.9914604,1.0,1.0000693e-06
0.9913053,1.0,1.000069e-06
0.99098575,1.0,1.0000688e-06
0.99076796,1.0,1.0000684e-06
0.99070597,1.0,1.0000681e-06
0.9903688,1.0,1.0000678e-06
0.9901803,1.0,1.0000674e-06
0.98992145,1.0,1.0000671e-06
0.98965067,1.0,1.0000666e-06
0.98942584,1.0,1.0000663e-06
0.989252,1.0,1.0000659e-06
0.9890229,1.0,1.0000655e-06
0.98890865,1.0,1.0000651e-06
0.9885334,1.0,1.0000647e-06
0.9883209,1.0,1.0000643e-06
0.98808163,1.0,1.0000639e-06
0.9877512,1.0,1.0000634e-06
0.98758274,1.0,1.000063e-06
0.98741966,1.0,1.0000625e-06
0.98711854,1.0,1.0000621e-06
0.9858789,1.0,1.0000616e-06
0.98687077,1.0,1.0000612e-06
0.9865459,1.0,1.0000607e-06
0.9862899,1.0,1.0000601e-06
0.98626256,1.0,1.0000597e-06
0.98586094,1.0,1.0000592e-06
0.9855973,1.0,1.0000587e-06
0.9853842,1.0,1.0000582e-06
0.9849506,1.0,1.0000576e-06
0.98472375,1.0,1.0000571e-06
0.98458827,1.0,1.0000566e-06
0.98421466,1.0,1.000056e-06
0.9839421,1.0,1.0000555e-06
0.9838322,1.0,1.0000549e-06
0.9835185,1.0,1.0000543e-06
0.9832901,1.0,1.0000539e-06
0.983069,1.0,1.0000533e-06
0.98276365,1.0,1.0000527e-06
0.98248667,1.0,1.0000521e-06
0.9821518,1.0,1.0000515e-06
0.9818975,1.0,1.0000509e-06
0.9816687,1.0,1.0000504e-06
0.981444,1.0,1.0000498e-06
0.98123306,1.0,1.0000491e-06
0.9809348,1.0,1.0000485e-06
0.98057693,1.0,1.000048e-06
0.9804782,1.0,1.0000474e-06
0.98014796,1.0,1.0000467e-06
0.97989553,1.0,1.0000462e-06
0.9795749,1.0,1.0000455e-06
0.979576,1.0,1.0000449e-06
0.9792464,1.0,1.0000443e-06
0.97899795,1.0,1.0000437e-06
0.97883254,1.0,1.0000431e-06
0.97846544,1.0,1.0000424e-06
0.9782249,1.0,1.0000418e-06
0.9780265,1.0,1.0000412e-06
0.97710127,1.0,1.0000406e-06
0.9773984,1.0,1.0000399e-06
0.97725344,1.0,1.0000393e-06
0.97691995,1.0,1.0000387e-06
0.97661513,1.0,1.0000381e-06
0.9763988,1.0,1.0000374e-06
0.9760244,1.0,1.0000368e-06
0.9757291,1.0,1.0000363e-06
0.97551763,1.0,1.0000356e-06
0.97518367,1.0,1.000035e-06
0.974912,1.0,1.0000343e-06
0.97466147,1.0,1.0000338e-06
0.9743201,1.0,1.0000332e-06
0.9741755,1.0,1.0000326e-06
0.9739141,1.0,1.000032e-06
0.9735795,1.0,1.0000314e-06
0.97334784,1.0,1.0000308e-06
0.97305053,1.0,1.0000302e-06
0.97278225,1.0,1.0000296e-06
0.97248363,1.0,1.000029e-06
0.9721638,1.0,1.0000284e-06
0.9718366,1.0,1.0000279e-06
0.9715417,1.0,1.0000273e-06
0.9712835,1.0,1.0000267e-06
0.9710286,1.0,1.0000263e-06
0.97085124,1.0,1.0000257e-06
0.9705291,1.0,1.0000251e-06
0.9703354,1.0,1.0000246e-06
0.9699106,1.0,1.0000241e-06
0.96974635,1.0,1.0000235e-06
0.96951807,1.0,1.000023e-06
0.96929586,1.0,1.0000225e-06
0.96876454,1.0,1.0000219e-06
0.96869993,1.0,1.0000215e-06
0.96853274,1.0,1.000021e-06
0.9681291,1.0,1.0000205e-06
0.9678416,1.0,1.00002e-06
0.96745384,1.0,1.0000196e-06
0.9672677,1.0,1.0000191e-06
0.96709913,1.0,1.0000186e-06
0.9667048,1.0,1.0000182e-06
0.96599823,1.0,1.0000177e-06
0.9661708,1.0,1.0000173e-06
0.96600443,1.0,1.0000168e-06
0.96554697,1.0,1.0000165e-06
0.96539,1.0,1.000016e-06
0.9643888,1.0,1.0000157e-06
0.9641767,1.0,1.0000152e-06
0.96442914,1.0,1.0000149e-06
0.9642147,1.0,1.0000144e-06
0.96399426,1.0,1.0000141e-06
0.963599,1.0,1.0000138e-06
0.96291137,1.0,1.0000133e-06
0.9631323,1.0,1.000013e-06
0.9626805,1.0,1.0000126e-06
0.9622388,1.0,1.0000123e-06
0.9621967,1.0,1.0000119e-06
0.9619742,1.0,1.0000117e-06
0.9610782,1.0,1.0000114e-06
0.961164,1.0,1.000011e-06
0.96099454,1.0,1.0000107e-06
0.96012,1.0,1.0000105e-06
0.96059114,1.0,1.0000101e-06
0.9597846,1.0,1.0000099e-06
0.9596907,1.0,1.0000095e-06
0.9586969,1.0,1.0000093e-06
0.9593762,1.0,1.0000091e-06
0.95876265,1.0,1.0000088e-06
0.95856965,1.0,1.0000085e-06
0.95827526,1.0,1.0000083e-06
0.9573436,1.0,1.0000081e-06
0.95764196,1.0,1.0000078e-06
0.9565825,1.0,1.0000076e-06
0.95665973,1.0,1.0000074e-06
0.95681125,1.0,1.0000072e-06
0.9565645,1.0,1.0000069e-06
0.9559635,1.0,1.0000068e-06
0.95568895,1.0,1.0000066e-06
0.95584947,1.0,1.0000064e-06
0.95497805,1.0,1.0000063e-06
0.9548449,1.0,1.000006e-06
0.95440567,1.0,1.0000058e-06
0.95380837,1.0,1.0000057e-06
0.95380104,1.0,1.0000055e-06
0.9529838,1.0,1.0000053e-06
0.9528505,1.0,1.0000052e-06
0.9530309,1.0,1.000005e-06
0.9520869,1.0,1.0000049e-06
0.951984,1.0,1.0000048e-06
0.9519186,1.0,1.0000047e-06
0.9516477,1.0,1.0000044e-06
0.95145535,1.0,1.0000043e-06
0.9508315,1.0,1.0000042e-06
0.95079607,1.0,1.0000041e-06
0.95026785,1.0,1.000004e-06
0.94992965,1.0,1.0000039e-06
0.9496461,1.0,1.0000037e-06
0.94963795,1.0,1.0000036e-06
0.94882053,1.0,1.0000035e-06
0.9487997,1.0,1.0000034e-06
0.94844234,1.0,1.0000034e-06
0.9483066,1.0,1.0000033e-06
0.947636,1.0,1.0000032e-06
0.9474924,1.0,1.0000031e-06
0.9471266,1.0,1.000003e-06
0.9467506,1.0,1.000003e-06
0.9467506,1.0,1.0000028e-06
0.94406056,1.0,1.0000027e-06
0.9444275,1.0,1.0000027e-06
0.9444714,1.0,1.0000026e-06
0.9446879,1.0,1.0000025e-06
0.9450298,1.0,1.0000025e-06
0.94481874,1.0,1.0000024e-06
0.94429266,1.0,1.0000024e-06
0.9443393,1.0,1.0000023e-06
0.943813,1.0,1.0000023e-06
0.9436928,1.0,1.0000022e-06
0.9424131,1.0,1.0000022e-06
0.94332653,1.0,1.000002e-06
0.94280034,1.0,1.000002e-06
0.9419699,1.0,1.0000019e-06
0.94199467,1.0,1.0000019e-06
0.9418408,1.0,1.0000019e-06
0.942091,1.0,1.0000018e-06
0.9411326,1.0,1.0000018e-06
0.9413274,1.0,1.0000018e-06
0.9410846,1.0,1.0000017e-06
0.94081664,1.0,1.0000017e-06
0.94049245,1.0,1.0000017e-06
0.93967813,1.0,1.0000016e-06
0.9397106,1.0,1.0000016e-06
0.9394383,1.0,1.0000016e-06
0.93856806,1.0,1.0000015e-06
0.9389234,1.0,1.0000015e-06
0.93853736,1.0,1.0000015e-06
0.9382368,1.0,1.0000015e-06
0.938207,1.0,1.0000014e-06
0.93795496,1.0,1.0000014e-06
0.9369126,1.0,1.0000014e-06
0.93611425,1.0,1.0000014e-06
0.9356559,1.0,1.0000012e-06
0.93611866,1.0,1.0000012e-06
0.93567926,1.0,1.0000012e-06
0.9348964,1.0,1.0000012e-06
0.935054,1.0,1.0000012e-06
0.9344684,1.0,1.0000012e-06
0.93404156,1.0,1.0000011e-06
0.93400407,1.0,1.0000011e-06
0.93329036,1.0,1.0000011e-06
0.9330745,1.0,1.0000011e-06
0.9326297,1.0,1.0000011e-06
0.932376,1.0,1.0000011e-06
0.9321503,1.0,1.0000011e-06
0.93178326,1.0,1.0000011e-06
0.9307661,1.0,1.000001e-06
0.9309552,1.0,1.000001e-06
0.9310308,1.0,1.000001e-06
0.9301886,1.0,1.000001e-06
0.92978084,1.0,1.000001e-06
0.9295108,1.0,1.000001e-06
0.9296247,1.0,1.000001e-06
0.92895126,1.0,1.000001e-06
0.928432,1.0,1.000001e-06
0.92753947,1.0,1.000001e-06
0.9272842,1.0,1.000001e-06
0.9268786,1.0,1.000001e-06
0.92656904,1.0,1.000001e-06
0.92616564,1.0,1.000001e-06
0.9258298,1.0,1.000001e-06
0.9252263,1.0,1.000001e-06
0.92508084,1.0,1.0000009e-06
0.92489773,1.0,1.0000009e-06
0.9243441,1.0,1.0000009e-06
0.923171,1.0,1.0000009e-06
0.9232794,1.0,1.0000009e-06
0.92307585,1.0,1.0000009e-06
0.92254287,1.0,1.0000009e-06
0.9214561,1.0,1.0000009e-06
0.9217346,1.0,1.0000009e-06
0.9207417,1.0,1.0000009e-06
0.9206746,1.0,1.0000009e-06
0.92019916,1.0,1.000001e-06
0.92018384,1.0,1.000001e-06
0.9187644,1.0,1.000001e-06
0.9191959,1.0,1.000001e-06
0.91823375,1.0,1.000001e-06
0.9179901,1.0,1.000001e-06
0.91769224,1.0,1.000001e-06
0.9169023,1.0,1.000001e-06
0.9165751,1.0,1.000001e-06
0.91627604,1.0,1.000001e-06
0.91550034,1.0,1.000001e-06
0.9151884,1.0,1.000001e-06
0.91438824,1.0,1.000001e-06
0.9142225,1.0,1.000001e-06
0.9137526,1.0,1.000001e-06
0.9134769,1.0,1.000001e-06
0.9128792,1.0,1.000001e-06
0.91246974,1.0,1.0000011e-06
0.91154057,1.0,1.0000011e-06
0.9106883,1.0,1.0000011e-06
0.91063887,1.0,1.0000011e-06
0.9101186,1.0,1.0000011e-06
0.9096554,1.0,1.0000011e-06
0.9089036,1.0,1.0000011e-06
0.90906215,1.0,1.0000011e-06
0.9082781,1.0,1.0000012e-06
0.907426,1.0,1.0000012e-06
0.9069985,1.0,1.0000012e-06
0.90648663,1.0,1.0000012e-06
0.9061656,1.0,1.0000012e-06
0.90601426,1.0,1.0000012e-06
0.9053684,1.0,1.0000014e-06
0.9047001,1.0,1.0000014e-06
0.90367126,1.0,1.0000014e-06
0.90353584,1.0,1.0000014e-06
0.90286183,1.0,1.0000014e-06
0.90217423,1.0,1.0000014e-06
0.90155953,1.0,1.0000015e-06
0.90103394,1.0,1.0000015e-06
0.90041,1.0,1.0000015e-06
0.8998402,1.0,1.0000015e-06
0.89951295,1.0,1.0000016e-06
0.8997755,1.0,1.0000016e-06
0.89861953,1.0,1.0000016e-06
0.8980553,1.0,1.0000016e-06
0.89754456,1.0,1.0000017e-06
0.8967537,1.0,1.0000017e-06
0.8960901,1.0,1.0000017e-06
0.894489,1.0,1.0000018e-06
0.89511114,1.0,1.0000018e-06
0.8945157,1.0,1.0000018e-06
0.8935844,1.0,1.0000019e-06
0.8930708,1.0,1.0000019e-06
0.8923604,1.0,1.0000019e-06
0.89210683,1.0,1.000002e-06
0.8911117,1.0,1.000002e-06
0.891013,1.0,1.000002e-06
0.8905785,1.0,1.0000022e-06
0.88967574,1.0,1.0000022e-06
0.88872564,1.0,1.0000022e-06
0.8883653,1.0,1.0000023e-06
0.8877454,1.0,1.0000023e-06
0.887117,1.0,1.0000024e-06
0.8865757,1.0,1.0000024e-06
0.88588655,1.0,1.0000025e-06
0.8849414,1.0,1.0000025e-06
0.8842548,1.0,1.0000026e-06
0.8840175,1.0,1.0000026e-06
0.88323635,1.0,1.0000026e-06
0.8825924,1.0,1.0000027e-06
0.88129675,1.0,1.0000027e-06
0.88138276,1.0,1.0000028e-06
0.8807199,1.0,1.0000028e-06
0.8803227,1.0,1.000003e-06
0.8792053,1.0,1.0000031e-06
0.8784645,1.0,1.0000031e-06
0.87747025,1.0,1.0000032e-06
0.87707275,1.0,1.0000032e-06
0.87639844,1.0,1.0000033e-06
0.87554634,1.0,1.0000033e-06
0.8748002,1.0,1.0000034e-06
0.8741719,1.0,1.0000034e-06
0.8735977,1.0,1.0000035e-06
0.87266934,1.0,1.0000036e-06
0.87182397,1.0,1.0000036e-06
0.8710054,1.0,1.0000037e-06
0.870399,1.0,1.0000037e-06
0.8693685,1.0,1.0000039e-06
0.8688795,1.0,1.000004e-06
0.8677223,1.0,1.000004e-06
0.86668617,1.0,1.0000041e-06
0.86625886,1.0,1.0000042e-06
0.8652786,1.0,1.0000042e-06
0.86428803,1.0,1.0000043e-06
0.86346304,1.0,1.0000043e-06
0.862407,1.0,1.0000044e-06
0.8613045,1.0,1.0000045e-06
0.8607462,1.0,1.0000045e-06
0.8599849,1.0,1.0000047e-06
0.8588719,1.0,1.0000048e-06
0.85773146,1.0,1.0000048e-06
0.8568666,1.0,1.0000049e-06
0.8557092,1.0,1.0000049e-06
0.8549105,1.0,1.000005e-06
0.8539318,1.0,1.0000051e-06
0.851752,1.0,1.0000051e-06
0.852018,1.0,1.0000052e-06
0.8506085,1.0,1.0000053e-06
0.8492902,1.0,1.0000053e-06
0.8483699,1.0,1.0000055e-06
0.847248,1.0,1.0000055e-06
0.8457568,1.0,1.0000056e-06
0.84469503,1.0,1.0000057e-06
0.84367234,1.0,1.0000057e-06
0.8425138,1.0,1.0000058e-06
0.8412304,1.0,1.0000058e-06
0.83989596,1.0,1.0000059e-06
0.83849573,1.0,1.0000059e-06
0.83699167,1.0,1.000006e-06
0.8357107,1.0,1.000006e-06
0.8344796,1.0,1.0000061e-06
0.8333342,1.0,1.0000061e-06
0.8317059,1.0,1.0000063e-06
0.8306167,1.0,1.0000063e-06
0.82889813,1.0,1.0000064e-06
0.8275683,1.0,1.0000064e-06
0.8260512,1.0,1.0000065e-06
0.82482004,1.0,1.0000065e-06
0.8235731,1.0,1.0000066e-06
0.82216895,1.0,1.0000066e-06
0.8209988,1.0,1.0000066e-06
0.8192955,1.0,1.0000067e-06
0.8181585,1.0,1.0000067e-06
0.8164727,1.0,1.0000068e-06
0.8150678,1.0,1.0000068e-06
0.81348413,1.0,1.0000068e-06
0.81180733,1.0,1.0000068e-06
0.8102394,1.0,1.0000069e-06
0.8086874,1.0,1.0000069e-06
0.8071222,1.0,1.0000069e-06
0.80578864,1.0,1.0000069e-06
0.8044251,1.0,1.000007e-06
0.80273736,1.0,1.000007e-06
0.8013326,1.0,1.000007e-06
0.7998726,1.0,1.000007e-06
0.7983565,1.0,1.000007e-06
0.7968603,1.0,1.000007e-06
0.79542744,1.0,1.0000072e-06
0.79233944,1.0,1.0000072e-06
0.79233503,1.0,1.0000072e-06
0.7908291,1.0,1.0000072e-06
0.78927344,1.0,1.0000072e-06
0.7878129,1.0,1.0000072e-06
0.78636605,1.0,1.0000072e-06
0.7847155,1.0,1.0000072e-06
0.7832416,1.0,1.0000072e-06
0.7817019,1.0,1.0000072e-06
0.78019375,1.0,1.0000072e-06
0.7786302,1.0,1.0000072e-06
0.7774331,1.0,1.0000072e-06
0.7757745,1.0,1.0000072e-06
0.774314,1.0,1.000007e-06
0.7725048,1.0,1.000007e-06
0.7710376,1.0,1.000007e-06
0.76984894,1.0,1.000007e-06
1.0,1.0,1.0000746e-06
1.0,1.0,1.0000746e-06
1.0,1.0,1.0000746e-06
1.0,1.0,1.0000746e-06
1.0,1.0,1.0000746e-06
1.0,1.0,1.0000746e-06
1.0,1.0,1.0000745e-06
1.0,1.0,1.0000745e-06
1.0,1.0,1.0000743e-06
1.0,1.0,1.0000743e-06
1.0,1.0,1.0000742e-06
1.0,1.0,1.0000742e-06
1.0,1.0,1.0000741e-06
1.0,1.0,1.000074e-06
1.0,1.0,1.0000739e-06
1.0,1.0,1.0000738e-06
1.0,1.0,1.0000737e-06
1.0,1.0,1.0000736e-06
1.0,1.0,1.0000734e-06
1.0,1.0,1.0000732e-06
1.0,1.0,1.0000731e-06
1.0,1.0,1.000073e-06
1.0,1.0,1.0000728e-06
1.0,1.0,1.0000726e-06
1.0,1.0,1.0000724e-06
1.0,1.0,1.0000722e-06
1.0,1.0,1.0000721e-06
1.0,1.0,1.0000718e-06
1.0,1.0,1.0000716e-06
1.0,1.0,1.0000714e-06
1.0,1.0,1.0000712e-06
1.0,1.0,1.0000709e-06
1.0,1.0,1.0000706e-06
1.0,1.0,1.0000704e-06
1.0,1.0,1.0000701e-06
1.0,1.0,1.0000698e-06
1.0,1.0,1.0000696e-06
1.0,1.0,1.0000692e-06
1.0,1.0,1.0000689e-06
1.0,1.0,1.0000687e-06
1.0,1.0,1.0000683e-06
1.0,1.0,1.000068e-06
1.0,1.0,1.0000676e-06
1.0,1.0,1.0000673e-06
1.0,1.0,1.000067e-06
1.0,1.0,1.0000665e-06
1.0,1.0,1.0000662e-06
1.0,1.0,1.0000658e-06
1.0,1.0,1.0000654e-06
1.0,1.0,1.000065e-06
1.0,1.0,1.0000646e-06
1.0,1.0,1.0000641e-06
1.0,1.0,1.0000638e-06
1.0,1.0,1.0000633e-06
1.0,1.0,1.0000629e-06
1.0,1.0,1.0000624e-06
1.0,1.0,1.000062e-06
1.0,1.0,1.0000615e-06
1.0,1.0,1.000061e-06
1.0,1.0,1.0000606e-06
1.0,1.0,1.00006e-06
1.0,1.0,1.0000596e-06
1.0,1.0,1.0000591e-06
1.0,1.0,1.0000585e-06
1.0,1.0,1.0000581e-06
1.0,1.0,1.0000575e-06
1.0,1.0,1.000057e-06
1.0,1.0,1.0000565e-06
1.0,1.0,1.0000559e-06
1.0,1.0,1.0000554e-06
1.0,1.0,1.0000548e-06
1.0,1.0,1.0000542e-06
1.0,1.0,1.0000537e-06
1.0,1.0,1.0000531e-06
1.0,1.0,1.0000525e-06
1.0,1.0,1.000052e-06
1.0,1.0,1.0000514e-06
1.0,1.0,1.0000508e-06
1.0,1.0,1.0000502e-06
1.0,1.0,1.0000497e-06
1.0,1.0,1.000049e-06
0.99997467,1.0,1.0000484e-06
0.99994487,1.0,1.0000479e-06
0.9998531,1.0,1.0000472e-06
0.9998352,1.0,1.0000466e-06
0.99963814,1.0,1.000046e-06
0.99956393,1.0,1.0000454e-06
0.9994981,1.0,1.0000448e-06
0.9993758,1.0,1.0000441e-06
0.99946475,1.0,1.0000435e-06
0.9992582,1.0,1.000043e-06
0.9991078,1.0,1.0000423e-06
0.9991413,1.0,1.0000417e-06
0.99892336,1.0,1.000041e-06
0.99880093,1.0,1.0000405e-06
0.99882716,1.0,1.0000398e-06
0.9986434,1.0,1.0000392e-06
0.9983879,1.0,1.0000385e-06
0.9983898,1.0,1.000038e-06
0.9982439,1.0,1.0000373e-06
0.9980277,1.0,1.0000367e-06
0.99803305,1.0,1.0000361e-06
0.99785125,1.0,1.0000355e-06
0.99774235,1.0,1.0000349e-06
0.99780184,1.0,1.0000342e-06
0.9977072,1.0,1.0000336e-06
0.9977448,1.0,1.0000331e-06
0.9976022,1.0,1.0000325e-06
0.9974072,1.0,1.0000318e-06
0.9975069,1.0,1.0000313e-06
0.99728286,1.0,1.0000307e-06
0.99706304,1.0,1.0000301e-06
0.9971975,1.0,1.0000296e-06
0.9969311,1.0,1.0000289e-06
0.99664295,1.0,1.0000283e-06
0.99677527,1.0,1.0000277e-06
0.9964902,1.0,1.0000272e-06
0.9963851,1.0,1.0000267e-06
0.9964211,1.0,1.0000261e-06
0.9962825,1.0,1.0000256e-06
0.99622095,1.0,1.000025e-06
0.99602234,1.0,1.0000244e-06
0.9958382,1.0,1.000024e-06
0.995814,1.0,1.0000234e-06
0.9956074,1.0,1.000023e-06
0.9954642,1.0,1.0000224e-06
0.9953908,1.0,1.0000219e-06
0.99524415,1.0,1.0000214e-06
0.9952019,1.0,1.0000209e-06
0.9953363,1.0,1.0000205e-06
0.995109,1.0,1.0000199e-06
0.99502856,1.0,1.0000194e-06
0.99503607,1.0,1.000019e-06
0.9948051,1.0,1.0000185e-06
0.9946764,1.0,1.0000181e-06
0.9946143,1.0,1.0000176e-06
0.9943554,1.0,1.0000173e-06
0.9942387,1.0,1.0000168e-06
0.99420923,1.0,1.0000164e-06
0.99393094,1.0,1.0000159e-06
0.9936586,1.0,1.0000156e-06
0.99360913,1.0,1.0000151e-06
0.9934698,1.0,1.0000148e-06
0.99346006,1.0,1.0000144e-06
0.99333954,1.0,1.000014e-06
0.99316794,1.0,1.0000136e-06
0.9929096,1.0,1.0000133e-06
0.9927523,1.0,1.000013e-06
0.99256665,1.0,1.0000126e-06
0.992602,1.0,1.0000123e-06
0.99231625,1.0,1.0000119e-06
0.99208874,1.0,1.0000116e-06
0.99227405,1.0,1.0000113e-06
0.9921132,1.0,1.0000109e-06
0.9919594,1.0,1.0000107e-06
0.9919729,1.0,1.0000103e-06
0.9916299,1.0,1.0000101e-06
0.9914963,1.0,1.0000098e-06
0.9914876,1.0,1.0000095e-06
0.9912582,1.0,1.0000092e-06
0.99099034,1.0,1.000009e-06
0.9908633,1.0,1.0000088e-06
0.99063104,1.0,1.0000085e-06
0.9905873,1.0,1.0000083e-06
0.9903328,1.0,1.000008e-06
0.9901952,1.0,1.0000077e-06
0.9901826,1.0,1.0000075e-06
0.98999834,1.0,1.0000074e-06
0.98990494,1.0,1.0000072e-06
0.9897968,1.0,1.0000069e-06
0.989486,1.0,1.0000067e-06
0.98934317,1.0,1.0000065e-06
0.9893319,1.0,1.0000064e-06
0.98901343,1.0,1.0000061e-06
0.9888768,1.0,1.000006e-06
0.9887949,1.0,1.0000058e-06
0.98854536,1.0,1.0000057e-06
0.98851943,1.0,1.0000055e-06
0.98846877,1.0,1.0000053e-06
0.9881915,1.0,1.0000051e-06
0.98809475,1.0,1.000005e-06
0.9879779,1.0,1.0000049e-06
0.98778266,1.0,1.0000048e-06
0.9875238,1.0,1.0000045e-06
0.98737484,1.0,1.0000044e-06
0.9870996,1.0,1.0000043e-06
0.9870575,1.0,1.0000042e-06
0.9868194,1.0,1.0000041e-06
0.9866386,1.0,1.000004e-06
0.98647404,1.0,1.0000039e-06
0.9862831,1.0,1.0000037e-06
0.9861289,1.0,1.0000036e-06
0.98616236,1.0,1.0000035e-06
0.98590195,1.0,1.0000034e-06
0.9855987,1.0,1.0000033e-06
0.98545843,1.0,1.0000033e-06
0.98445845,1.0,1.0000032e-06
0.9836275,1.0,1.0000031e-06
0.9839203,1.0,1.000003e-06
0.9838512,1.0,1.000003e-06
0.9838204,1.0,1.0000028e-06
0.98386437,1.0,1.0000027e-06
0.9836643,1.0,1.0000027e-06
0.9835989,1.0,1.0000026e-06
0.9835235,1.0,1.0000025e-06
0.983304,1.0,1.0000025e-06
0.98324364,1.0,1.0000024e-06
0.98316896,1.0,1.0000024e-06
0.9830499,1.0,1.0000023e-06
0.98295003,1.0,1.0000023e-06
0.98271096,1.0,1.0000022e-06
0.98252004,1.0,1.0000022e-06
0.9824812,1.0,1.000002e-06
0.9822011,1.0,1.000002e-06
0.9820429,1.0,1.0000019e-06
0.98187417,1.0,1.0000019e-06
0.98170143,1.0,1.0000018e-06
0.98161507,1.0,1.0000018e-06
0.98158354,1.0,1.0000018e-06
0.9813215,1.0,1.0000017e-06
0.9811335,1.0,1.0000017e-06
0.98110527,1.0,1.0000017e-06
0.98082334,1.0,1.0000016e-06
0.9807008,1.0,1.0000016e-06
0.98059934,1.0,1.0000016e-06
0.9803097,1.0,1.0000015e-06
0.9799562,1.0,1.0000015e-06
0.9798898,1.0,1.0000015e-06
0.97964746,1.0,1.0000015e-06
0.97944564,1.0,1.0000014e-06
0.9792787,1.0,1.0000014e-06
0.9790582,1.0,1.0000014e-06
0.97893643,1.0,1.0000014e-06
0.9787803,1.0,1.0000014e-06
0.97844213,1.0,1.0000012e-06
0.9783363,1.0,1.0000012e-06
0.9780928,1.0,1.0000012e-06
0.97788304,1.0,1.0000012e-06
0.9778114,1.0,1.0000012e-06
0.97753423,1.0,1.0000011e-06
0.9772703,1.0,1.0000011e-06
0.977225,1.0,1.0000011e-06
0.97702765,1.0,1.0000011e-06
0.9767307,1.0,1.0000011e-06
0.9766162,1.0,1.0000011e-06
0.9762692,1.0,1.0000011e-06
0.9759737,1.0,1.0000011e-06
0.97587556,1.0,1.000001e-06
0.97561353,1.0,1.000001e-06
0.9754377,1.0,1.000001e-06
0.97518873,1.0,1.000001e-06
0.97489464,1.0,1.000001e-06
0.9747575,1.0,1.000001e-06
0.9743406,1.0,1.000001e-06
0.9740797,1.0,1.000001e-06
0.9740569,1.0,1.000001e-06
0.973745,1.0,1.000001e-06
0.973426,1.0,1.000001e-06
0.97323024,1.0,1.000001e-06
0.97291285,1.0,1.000001e-06
0.9726215,1.0,1.000001e-06
0.97237086,1.0,1.0000009e-06
0.97203577,1.0,1.0000009e-06
0.97184354,1.0,1.0000009e-06
0.97162604,1.0,1.0000009e-06
0.9713761,1.0,1.0000009e-06
0.9712209,1.0,1.0000009e-06
0.97093326,1.0,1.0000009e-06
0.97056425,1.0,1.0000009e-06
0.9703037,1.0,1.0000009e-06
0.97004884,1.0,1.0000009e-06
0.9697043,1.0,1.0000009e-06
0.9695154,1.0,1.0000009e-06
0.96913856,1.0,1.0000009e-06
0.96875715,1.0,1.0000009e-06
0.9685299,1.0,1.0000009e-06
0.9681619,1.0,1.0000009e-06
0.96784914,1.0,1.0000009e-06
0.96755266,1.0,1.0000009e-06
0.9672576,1.0,1.000001e-06
0.966949,1.0,1.000001e-06
0.9665234,1.0,1.000001e-06
0.9657658,1.0,1.000001e-06
0.96578896,1.0,1.000001e-06
0.9653438,1.0,1.000001e-06
0.9649782,1.0,1.000001e-06
0.9646963,1.0,1.000001e-06
0.9643109,1.0,1.000001e-06
0.9637669,1.0,1.000001e-06
0.96379256,1.0,1.000001e-06
0.9631867,1.0,1.000001e-06
0.9630692,1.0,1.000001e-06
0.9626271,1.0,1.000001e-06
0.9622173,1.0,1.000001e-06
0.96196586,1.0,1.0000011e-06
0.9615386,1.0,1.0000011e-06
0.96107244,1.0,1.0000011e-06
0.96081823,1.0,1.0000011e-06
0.96020484,1.0,1.0000011e-06
0.95985,1.0,1.0000011e-06
0.9596381,1.0,1.0000011e-06
0.95905924,1.0,1.0000011e-06
0.9582821,1.0,1.0000012e-06
0.958,1.0,1.0000012e-06
0.9578372,1.0,1.0000012e-06
0.95696366,1.0,1.0000012e-06
0.95678467,1.0,1.0000012e-06
0.956252,1.0,1.0000012e-06
0.9556895,1.0,1.0000014e-06
0.9551609,1.0,1.0000014e-06
0.954734,1.0,1.0000014e-06
0.95398194,1.0,1.0000014e-06
0.953223,1.0,1.0000014e-06
0.95264554,1.0,1.0000015e-06
0.953174,1.0,1.0000015e-06
0.9520433,1.0,1.0000015e-06
0.9517607,1.0,1.0000015e-06
0.9516832,1.0,1.0000016e-06
0.9510402,1.0,1.0000016e-06
0.9503993,1.0,1.0000016e-06
0.94981045,1.0,1.0000016e-06
0.94936705,1.0,1.0000017e-06
0.9488221,1.0,1.0000017e-06
0.94792664,1.0,1.0000017e-06
0.94706154,1.0,1.0000018e-06
0.9470584,1.0,1.0000018e-06
0.9466159,1.0,1.0000018e-06
0.9458213,1.0,1.0000019e-06
0.94500554,1.0,1.0000019e-06
0.9446154,1.0,1.0000019e-06
0.94419384,1.0,1.000002e-06
0.9429763,1.0,1.000002e-06
0.94177467,1.0,1.000002e-06
0.94160706,1.0,1.0000022e-06
0.9408365,1.0,1.0000022e-06
0.9407683,1.0,1.0000022e-06
0.93913096,1.0,1.0000023e-06
0.93902326,1.0,1.0000023e-06
0.93871975,1.0,1.0000024e-06
0.93844295,1.0,1.0000024e-06
0.9372467,1.0,1.0000025e-06
0.93687487,1.0,1.0000025e-06
0.93573654,1.0,1.0000025e-06
0.9351943,1.0,1.0000026e-06
0.93456656,1.0,1.0000026e-06
0.93327427,1.0,1.0000027e-06
0.9327406,1.0,1.0000027e-06
0.9324659,1.0,1.0000028e-06
0.9311665,1.0,1.0000028e-06
0.93020725,1.0,1.000003e-06
0.92923903,1.0,1.000003e-06
0.92883545,1.0,1.0000031e-06
0.92831314,1.0,1.0000031e-06
0.926963,1.0,1.0000032e-06
0.92653537,1.0,1.0000033e-06
0.92510027,1.0,1.0000033e-06
0.9246864,1.0,1.0000034e-06
0.92328227,1.0,1.0000034e-06
0.9221503,1.0,1.0000035e-06
0.9214077,1.0,1.0000035e-06
0.92047906,1.0,1.0000036e-06
0.9193986,1.0,1.0000037e-06
0.918318,1.0,1.0000037e-06
0.91717744,1.0,1.0000039e-06
0.916376,1.0,1.0000039e-06
0.91543037,1.0,1.000004e-06
0.9140388,1.0,1.0000041e-06
0.91283447,1.0,1.0000041e-06
0.9117497,1.0,1.0000042e-06
0.9103401,1.0,1.0000042e-06
0.90983677,1.0,1.0000043e-06
0.90847176,1.0,1.0000044e-06
0.9069658,1.0,1.0000044e-06
0.90575945,1.0,1.0000045e-06
0.90468234,1.0,1.0000047e-06
0.90354925,1.0,1.0000047e-06
0.90258086,1.0,1.0000048e-06
0.9007904,1.0,1.0000048e-06
0.89972067,1.0,1.0000049e-06
0.8981723,1.0,1.000005e-06
0.8967241,1.0,1.000005e-06
0.89549917,1.0,1.0000051e-06
0.8939456,1.0,1.0000052e-06
0.8927846,1.0,1.0000052e-06
0.89145213,1.0,1.0000053e-06
0.8900938,1.0,1.0000053e-06
0.889024,1.0,1.0000055e-06
0.8871134,1.0,1.0000055e-06
0.8862161,1.0,1.0000056e-06
0.8850586,1.0,1.0000057e-06
0.883081,1.0,1.0000057e-06
0.8814457,1.0,1.0000058e-06
0.8804398,1.0,1.0000058e-06
0.8789295,1.0,1.0000059e-06
0.8770212,1.0,1.0000059e-06
0.8753833,1.0,1.000006e-06
0.87400734,1.0,1.000006e-06
0.8724543,1.0,1.0000061e-06
0.870802,1.0,1.0000061e-06
0.8695293,1.0,1.0000063e-06
0.86800236,1.0,1.0000063e-06
0.866139,1.0,1.0000064e-06
0.86476785,1.0,1.0000064e-06
0.8627846,1.0,1.0000064e-06
0.86114675,1.0,1.0000065e-06
0.85943776,1.0,1.0000065e-06
0.8580293,1.0,1.0000066e-06
0.85628927,1.0,1.0000066e-06
0.8544871,1.0,1.0000066e-06
0.8526049,1.0,1.0000067e-06
0.85111964,1.0,1.0000067e-06
0.84980667,1.0,1.0000067e-06
0.84826994,1.0,1.0000068e-06
0.84640026,1.0,1.0000068e-06
0.8447206,1.0,1.0000068e-06
0.8433199,1.0,1.0000068e-06
0.8414555,1.0,1.0000069e-06
0.8396741,1.0,1.0000069e-06
0.83808583,1.0,1.0000069e-06
0.8362119,1.0,1.0000069e-06
0.8345323,1.0,1.0000069e-06
0.8330097,1.0,1.0000069e-06
0.83112377,1.0,1.0000069e-06
0.8297472,1.0,1.000007e-06
0.8276377,1.0,1.000007e-06
0.82605296,1.0,1.000007e-06
0.82447016,1.0,1.000007e-06
0.8227879,1.0,1.000007e-06
0.82097787,1.0,1.000007e-06
0.81920993,1.0,1.000007e-06
0.8173197,1.0,1.000007e-06
0.81556404,1.0,1.000007e-06
0.81378293,1.0,1.000007e-06
0.8119921,1.0,1.000007e-06
0.81005234,1.0,1.000007e-06
0.80831593,1.0,1.000007e-06
0.8063461,1.0,1.0000069e-06
0.8043895,1.0,1.0000069e-06
0.80281675,1.0,1.0000069e-06
0.8007854,1.0,1.0000069e-06
0.79898125,1.0,1.0000069e-06
0.79703724,1.0,1.0000069e-06
0.7952715,1.0,1.0000069e-06
0.7933569,1.0,1.0000068e-06
0.79136467,1.0,1.0000068e-06
0.7897711,1.0,1.0000068e-06
0.7876503,1.0,1.0000068e-06
0.7859939,1.0,1.0000068e-06
0.7840591,1.0,1.0000067e-06
0.7820341,1.0,1.0000067e-06
0.7802466,1.0,1.0000067e-06
0.7802466,1.0,1.0000066e-06
0.7802466,1.0,1.0000066e-06
0.7802466,1.0,1.0000066e-06
0.7802466,1.0,1.0000066e-06
0.7802466,1.0,1.0000065e-06
0.96174824,1.0,1.0000746e-06
0.9593958,1.0,1.0000746e-06
0.959374,1.0,1.0000746e-06
0.95843333,1.0,1.0000746e-06
0.95641667,1.0,1.0000746e-06
0.95599717,1.0,1.0000746e-06
0.9544937,1.0,1.0000746e-06
0.9526948,1.0,1.0000745e-06
0.9521579,1.0,1.0000745e-06
0.9513317,1.0,1.0000743e-06
0.9496942,1.0,1.0000743e-06
0.94868207,1.0,1.0000742e-06
0.94748694,1.0,1.0000741e-06
0.94639415,1.0,1.0000741e-06
0.94577855,1.0,1.000074e-06
0.94386077,1.0,1.0000739e-06
0.9436509,1.0,1.0000738e-06
0.94232106,1.0,1.0000737e-06
0.9402536,1.0,1.0000736e-06
0.93926716,1.0,1.0000733e-06
0.93840134,1.0,1.0000732e-06
0.9370281,1.0,1.0000731e-06
0.93624634,1.0,1.0000729e-06
0.93462616,1.0,1.0000728e-06
0.93364775,1.0,1.0000725e-06
0.9320675,1.0,1.0000724e-06
0.93031216,1.0,1.0000722e-06
0.9298967,1.0,1.000072e-06
0.9290088,1.0,1.0000717e-06
0.92684156,1.0,1.0000715e-06
0.92574984,1.0,1.0000713e-06
0.9238367,1.0,1.000071e-06
0.9231955,1.0,1.0000708e-06
0.92183965,1.0,1.0000706e-06
0.9211029,1.0,1.0000704e-06
0.9197148,1.0,1.00007e-06
0.91875416,1.0,1.0000698e-06
0.91648924,1.0,1.0000695e-06
0.915199,1.0,1.0000691e-06
0.9150082,1.0,1.0000689e-06
0.91257566,1.0,1.0000686e-06
0.911308,1.0,1.0000682e-06
0.9106103,1.0,1.0000679e-06
0.90861005,1.0,1.0000675e-06
0.90788233,1.0,1.0000672e-06
0.9070397,1.0,1.0000668e-06
0.9049153,1.0,1.0000665e-06
0.9034438,1.0,1.000066e-06
0.902638,1.0,1.0000657e-06
0.89977866,1.0,1.0000653e-06
0.8987458,1.0,1.0000649e-06
0.8966742,1.0,1.0000645e-06
0.8963811,1.0,1.000064e-06
0.8938187,1.0,1.0000635e-06
0.89377165,1.0,1.0000632e-06
0.8921976,1.0,1.0000628e-06
0.889533,1.0,1.0000623e-06
0.8883929,1.0,1.0000618e-06
0.8862485,1.0,1.0000614e-06
0.88485634,1.0,1.0000608e-06
0.88424295,1.0,1.0000604e-06
0.8821327,1.0,1.0000599e-06
0.88124347,1.0,1.0000593e-06
0.8791001,1.0,1.0000589e-06
0.877624,1.0,1.0000583e-06
0.8755259,1.0,1.0000579e-06
0.8729882,1.0,1.0000573e-06
0.87258667,1.0,1.0000567e-06
0.8704986,1.0,1.0000563e-06
0.8685031,1.0,1.0000557e-06
0.8670245,1.0,1.0000551e-06
0.8651377,1.0,1.0000546e-06
0.8633132,1.0,1.000054e-06
0.8612838,1.0,1.0000534e-06
0.859811,1.0,1.0000529e-06
0.85803515,1.0,1.0000523e-06
0.85586417,1.0,1.0000517e-06
0.85449123,1.0,1.0000512e-06
0.85310066,1.0,1.0000506e-06
0.8507282,1.0,1.0000499e-06
0.848647,1.0,1.0000493e-06
0.8465856,1.0,1.0000488e-06
0.8445237,1.0,1.0000482e-06
0.8425173,1.0,1.0000475e-06
0.84053564,1.0,1.000047e-06
0.8386652,1.0,1.0000464e-06
0.8367131,1.0,1.0000457e-06
0.83416796,1.0,1.0000451e-06
0.83220744,1.0,1.0000444e-06
0.8301202,1.0,1.0000439e-06
0.8287971,1.0,1.0000432e-06
0.8265834,1.0,1.0000426e-06
0.82491636,1.0,1.000042e-06
0.823105,1.0,1.0000414e-06
0.8214457,1.0,1.0000407e-06
0.8195632,1.0,1.0000401e-06
0.8182015,1.0,1.0000394e-06
0.81625557,1.0,1.0000389e-06
0.81388736,1.0,1.0000382e-06
0.8120787,1.0,1.0000376e-06
0.8101712,1.0,1.000037e-06
0.8081623,1.0,1.0000364e-06
0.8054276,1.0,1.0000358e-06
0.80343324,1.0,1.0000351e-06
0.8015485,1.0,1.0000346e-06
0.79886353,1.0,1.0000339e-06
0.79701436,1.0,1.0000333e-06
0.7948548,1.0,1.0000327e-06
0.792933,1.0,1.0000321e-06
0.7901893,1.0,1.0000315e-06
0.7882842,1.0,1.0000309e-06
0.78583205,1.0,1.0000304e-06
0.78293216,1.0,1.0000298e-06
0.7810747,1.0,1.0000291e-06
0.77899146,1.0,1.0000285e-06
0.77628475,1.0,1.000028e-06
0.77362084,1.0,1.0000274e-06
0.7711846,1.0,1.0000268e-06
0.76851815,1.0,1.0000263e-06
1.0,1.0,1.0000746e-06
0.999841,1.0,1.0000746e-06
0.99964947,1.0,1.0000746e-06
0.9995613,1.0,1.0000746e-06
0.99943006,1.0,1.0000746e-06
0.99934214,1.0,1.0000745e-06
0.9991696,1.0,1.0000745e-06
0.9990257,1.0,1.0000745e-06
0.9988941,1.0,1.0000743e-06
0.998739,1.0,1.0000743e-06
0.99869674,1.0,1.0000742e-06
0.99852866,1.0,1.0000741e-06
0.99839205,1.0,1.0000741e-06
0.99827915,1.0,1.000074e-06
0.99814916,1.0,1.0000739e-06
0.99801224,1.0,1.0000738e-06
0.9980197,1.0,1.0000737e-06
0.998105,1.0,1.0000736e-06
0.9981388,1.0,1.0000733e-06
0.9981048,1.0,1.0000732e-06
0.99802953,1.0,1.0000731e-06
0.99758846,1.0,1.0000729e-06
0.99738044,1.0,1.0000728e-06
0.9972413,1.0,1.0000726e-06
0.99710023,1.0,1.0000724e-06
0.99697554,1.0,1.0000722e-06
0.9968888,1.0,1.0000721e-06
0.9967761,1.0,1.0000718e-06
0.9967383,1.0,1.0000716e-06
0.99661934,1.0,1.0000714e-06
0.99653184,1.0,1.0000712e-06
0.9964021,1.0,1.0000709e-06
0.9962319,1.0,1.0000706e-06
0.9961292,1.0,1.0000704e-06
0.9960338,1.0,1.0000701e-06
0.9958754,1.0,1.0000698e-06
0.99572563,1.0,1.0000696e-06
0.99561423,1.0,1.0000692e-06
0.9954747,1.0,1.0000689e-06
0.99530685,1.0,1.0000687e-06
0.9951602,1.0,1.0000683e-06
0.9950266,1.0,1.000068e-06
0.9949067,1.0,1.0000676e-06
0.9947582,1.0,1.0000673e-06
0.9945977,1.0,1.000067e-06
0.9944264,1.0,1.0000665e-06
0.99429786,1.0,1.0000662e-06
0.9941343,1.0,1.0000658e-06
0.9940259,1.0,1.0000654e-06
0.993873,1.0,1.000065e-06
0.9937274,1.0,1.0000646e-06
0.99353355,1.0,1.0000642e-06
0.9934203,1.0,1.0000638e-06
0.99329454,1.0,1.0000633e-06
0.9931031,1.0,1.0000629e-06
0.99294,1.0,1.0000624e-06
0.9928347,1.0,1.000062e-06
0.9926852,1.0,1.0000615e-06
0.9925302,1.0,1.000061e-06
0.99241775,1.0,1.0000606e-06
0.9922894,1.0,1.00006e-06
0.9921273,1.0,1.0000596e-06
0.992017,1.0,1.0000591e-06
0.991837,1.0,1.0000585e-06
0.9916661,1.0,1.0000581e-06
0.99149835,1.0,1.0000575e-06
0.99137336,1.0,1.0000571e-06
0.99118114,1.0,1.0000565e-06
0.99103695,1.0,1.0000559e-06
0.990895,1.0,1.0000554e-06
0.9908094,1.0,1.0000548e-06
0.9906523,1.0,1.0000543e-06
0.9905199,1.0,1.0000538e-06
0.9903913,1.0,1.0000532e-06
0.99021995,1.0,1.0000526e-06
0.99005336,1.0,1.0000521e-06
0.9898342,1.0,1.0000514e-06
0.9896419,1.0,1.0000508e-06
0.989643,1.0,1.0000502e-06
0.98952544,1.0,1.0000497e-06
0.98936707,1.0,1.0000491e-06
0.98920596,1.0,1.0000484e-06
0.9890404,1.0,1.0000479e-06
0.9888707,1.0,1.0000473e-06
0.9887178,1.0,1.0000466e-06
0.9885099,1.0,1.000046e-06
0.98836726,1.0,1.0000455e-06
0.9881976,1.0,1.0000448e-06
0.98807395,1.0,1.0000442e-06
0.9879273,1.0,1.0000435e-06
0.987797,1.0,1.000043e-06
0.9876211,1.0,1.0000423e-06
0.98744917,1.0,1.0000417e-06
0.9872046,1.0,1.000041e-06
0.9870556,1.0,1.0000405e-06
0.9868727,1.0,1.0000399e-06
0.9867515,1.0,1.0000392e-06
0.98656315,1.0,1.0000387e-06
0.9864045,1.0,1.000038e-06
0.9862649,1.0,1.0000374e-06
0.9860678,1.0,1.0000367e-06
0.9859192,1.0,1.0000361e-06
0.9857303,1.0,1.0000355e-06
0.985505,1.0,1.0000349e-06
0.9853357,1.0,1.0000343e-06
0.9851308,1.0,1.0000336e-06
0.98497957,1.0,1.0000331e-06
0.9848133,1.0,1.0000325e-06
0.9846902,1.0,1.000032e-06
0.9845809,1.0,1.0000313e-06
0.9844476,1.0,1.0000307e-06
0.9842691,1.0,1.0000301e-06
0.98405224,1.0,1.0000296e-06
0.9837823,1.0,1.000029e-06
0.98308194,1.0,1.0000284e-06
0.98340124,1.0,1.0000279e-06
0.9832589,1.0,1.0000273e-06
0.9831056,1.0,1.0000267e-06
0.9829193,1.0,1.0000261e-06
0.98273456,1.0,1.0000256e-06
0.9826365,1.0,1.000025e-06
0.98248935,1.0,1.0000246e-06
0.98232293,1.0,1.000024e-06
0.982162,1.0,1.0000234e-06
0.9819566,1.0,1.000023e-06
0.9817684,1.0,1.0000224e-06
0.98159385,1.0,1.0000219e-06
0.98141456,1.0,1.0000215e-06
0.9812262,1.0,1.0000209e-06
0.9810413,1.0,1.0000205e-06
0.9808681,1.0,1.00002e-06
0.98068744,1.0,1.0000196e-06
0.98046076,1.0,1.0000191e-06
0.9803596,1.0,1.0000185e-06
0.9802541,1.0,1.0000182e-06
0.9801806,1.0,1.0000177e-06
0.98004514,1.0,1.0000173e-06
0.97984546,1.0,1.0000168e-06
0.9795275,1.0,1.0000164e-06
0.97930133,1.0,1.000016e-06
0.978962,1.0,1.0000156e-06
0.97890806,1.0,1.0000152e-06
0.9788666,1.0,1.0000148e-06
0.97884905,1.0,1.0000144e-06
0.97872096,1.0,1.0000141e-06
0.9785817,1.0,1.0000136e-06
0.97840464,1.0,1.0000133e-06
0.9782186,1.0,1.000013e-06
0.97799164,1.0,1.0000126e-06
0.97777194,1.0,1.0000123e-06
0.97744364,1.0,1.0000119e-06
0.97733456,1.0,1.0000116e-06
0.9771619,1.0,1.0000113e-06
0.97694117,1.0,1.000011e-06
0.97675693,1.0,1.0000107e-06
0.9765575,1.0,1.0000103e-06
0.9763479,1.0,1.0000101e-06
0.9761083,1.0,1.0000098e-06
0.9758952,1.0,1.0000095e-06
0.9756118,1.0,1.0000093e-06
0.97534084,1.0,1.000009e-06
0.97536045,1.0,1.0000088e-06
0.975231,1.0,1.0000085e-06
0.97518003,1.0,1.0000083e-06
0.97514254,1.0,1.0000081e-06
0.97497684,1.0,1.0000078e-06
0.9747567,1.0,1.0000076e-06
0.97448146,1.0,1.0000074e-06
0.9741995,1.0,1.0000072e-06
0.9739778,1.0,1.0000069e-06
0.9737768,1.0,1.0000067e-06
0.9738409,1.0,1.0000066e-06
0.9738314,1.0,1.0000064e-06
0.973792,1.0,1.0000061e-06
0.9735952,1.0,1.000006e-06
0.97303104,1.0,1.0000058e-06
0.9731357,1.0,1.0000057e-06
0.9726261,1.0,1.0000055e-06
0.97293,1.0,1.0000053e-06
0.9725082,1.0,1.0000051e-06
0.97221553,1.0,1.000005e-06
0.9716726,1.0,1.0000049e-06
0.97182715,1.0,1.0000048e-06
0.97161305,1.0,1.0000045e-06
0.97140825,1.0,1.0000044e-06
0.9712195,1.0,1.0000043e-06
0.97095114,1.0,1.0000042e-06
0.97077227,1.0,1.0000041e-06
0.9704289,1.0,1.000004e-06
0.9704204,1.0,1.0000039e-06
0.97029746,1.0,1.0000037e-06
0.97016394,1.0,1.0000036e-06
0.97009593,1.0,1.0000035e-06
0.96996176,1.0,1.0000034e-06
0.9698517,1.0,1.0000033e-06
0.96914285,1.0,1.0000033e-06
0.9693286,1.0,1.0000032e-06
0.969044,1.0,1.0000031e-06
0.96885604,1.0,1.000003e-06
0.9685809,1.0,1.000003e-06
0.96829206,1.0,1.0000028e-06
0.96831125,1.0,1.0000027e-06
0.9683425,1.0,1.0000027e-06
0.9681219,1.0,1.0000026e-06
0.96767384,1.0,1.0000025e-06
0.96783346,1.0,1.0000025e-06
0.967565,1.0,1.0000024e-06
0.9673584,1.0,1.0000024e-06
0.9671125,1.0,1.0000023e-06
0.96687555,1.0,1.0000023e-06
0.965602,1.0,1.0000022e-06
0.96569586,1.0,1.0000022e-06
0.9658494,1.0,1.000002e-06
0.9658382,1.0,1.000002e-06
0.9653144,1.0,1.0000019e-06
0.96542245,1.0,1.0000019e-06
0.96534586,1.0,1.0000019e-06
0.96501327,1.0,1.0000018e-06
0.9648895,1.0,1.0000018e-06
0.96454823,1.0,1.0000017e-06
0.96431553,1.0,1.0000017e-06
0.96424246,1.0,1.0000017e-06
0.96346176,1.0,1.0000016e-06
0.9641598,1.0,1.0000016e-06
0.96366096,1.0,1.0000016e-06
0.9633338,1.0,1.0000016e-06
0.96346,1.0,1.0000015e-06
0.96327454,1.0,1.0000015e-06
0.9628596,1.0,1.0000015e-06
0.96274656,1.0,1.0000015e-06
0.96216005,1.0,1.0000014e-06
0.962645,1.0,1.0000014e-06
0.962245,1.0,1.0000014e-06
0.9619358,1.0,1.0000014e-06
0.9615723,1.0,1.0000012e-06
0.9616516,1.0,1.0000012e-06
0.9611559,1.0,1.0000012e-06
0.9614531,1.0,1.0000012e-06
0.96113205,1.0,1.0000012e-06
0.9607774,1.0,1.0000012e-06
0.9605183,1.0,1.0000011e-06
0.95994014,1.0,1.0000011e-06
0.95992595,1.0,1.0000011e-06
0.9598957,1.0,1.0000011e-06
0.95874155,1.0,1.0000011e-06
0.959184,1.0,1.0000011e-06
0.9591039,1.0,1.0000011e-06
0.95873445,1.0,1.000001e-06
0.9590246,1.0,1.000001e-06
0.95842147,1.0,1.000001e-06
0.9575054,1.0,1.000001e-06
0.9578657,1.0,1.000001e-06
0.9578782,1.0,1.000001e-06
0.95810217,1.0,1.000001e-06
0.9570947,1.0,1.000001e-06
0.95694613,1.0,1.000001e-06
0.956832,1.0,1.000001e-06
0.9564622,1.0,1.000001e-06
0.9564019,1.0,1.000001e-06
0.9561312,1.0,1.000001e-06
0.95554787,1.0,1.000001e-06
0.9553843,1.0,1.000001e-06
0.9555667,1.0,1.0000009e-06
0.9558834,1.0,1.0000009e-06
0.95542943,1.0,1.0000009e-06
0.95506966,1.0,1.0000009e-06
0.9550867,1.0,1.0000009e-06
0.9551719,1.0,1.0000009e-06
0.9545019,1.0,1.0000009e-06
0.9542698,1.0,1.0000009e-06
0.9537221,1.0,1.0000009e-06
0.95390826,1.0,1.0000009e-06
0.9533729,1.0,1.0000009e-06
0.9530518,1.0,1.0000009e-06
0.9532547,1.0,1.0000009e-06
0.95252275,1.0,1.0000009e-06
0.9522075,1.0,1.0000009e-06
0.9518835,1.0,1.0000009e-06
0.9520574,1.0,1.000001e-06
0.95140165,1.0,1.000001e-06
0.95107526,1.0,1.000001e-06
0.9510452,1.0,1.000001e-06
0.950606,1.0,1.000001e-06
0.95102423,1.0,1.000001e-06
0.9505606,1.0,1.000001e-06
0.9502819,1.0,1.000001e-06
0.949455,1.0,1.000001e-06
0.9499171,1.0,1.000001e-06
0.9498735,1.0,1.000001e-06
0.9493082,1.0,1.000001e-06
0.94902784,1.0,1.000001e-06
0.94916147,1.0,1.000001e-06
0.9487835,1.0,1.000001e-06
0.9477836,1.0,1.0000011e-06
0.94778544,1.0,1.0000011e-06
0.9481731,1.0,1.0000011e-06
0.9477159,1.0,1.0000011e-06
0.9471134,1.0,1.0000011e-06
0.94677526,1.0,1.0000011e-06
0.94592535,1.0,1.0000011e-06
0.94717515,1.0,1.0000011e-06
0.9459038,1.0,1.0000012e-06
0.94578844,1.0,1.0000012e-06
0.9459849,1.0,1.0000012e-06
0.9449505,1.0,1.0000012e-06
0.94516546,1.0,1.0000012e-06
0.94484824,1.0,1.0000012e-06
0.94459194,1.0,1.0000014e-06
0.94381285,1.0,1.0000014e-06
0.94434375,1.0,1.0000014e-06
0.94377404,1.0,1.0000014e-06
0.94373196,1.0,1.0000014e-06
0.94337714,1.0,1.0000015e-06
0.94319147,1.0,1.0000015e-06
0.9436055,1.0,1.0000015e-06
0.9429176,1.0,1.0000015e-06
0.943033,1.0,1.0000015e-06
0.94231445,1.0,1.0000016e-06
0.94189084,1.0,1.0000016e-06
0.9424155,1.0,1.0000016e-06
0.94198054,1.0,1.0000017e-06
0.9420703,1.0,1.0000017e-06
0.9421076,1.0,1.0000017e-06
0.9418535,1.0,1.0000017e-06
0.9416225,1.0,1.0000018e-06
0.941314,1.0,1.0000018e-06
0.94148237,1.0,1.0000018e-06
0.9408405,1.0,1.0000019e-06
0.9409732,1.0,1.0000019e-06
0.94011164,1.0,1.0000019e-06
0.9401126,1.0,1.000002e-06
0.9395154,1.0,1.000002e-06
0.9390738,1.0,1.0000022e-06
0.9388758,1.0,1.0000022e-06
0.9388329,1.0,1.0000022e-06
0.93865246,1.0,1.0000023e-06
0.93788123,1.0,1.0000023e-06
0.93809634,1.0,1.0000024e-06
0.93732774,1.0,1.0000024e-06
0.9368602,1.0,1.0000025e-06
0.9365708,1.0,1.0000025e-06
0.93628013,1.0,1.0000026e-06
0.93617547,1.0,1.0000026e-06
0.9356291,1.0,1.0000026e-06
0.93565345,1.0,1.0000027e-06
0.9354522,1.0,1.0000027e-06
0.93508494,1.0,1.0000028e-06
0.9345966,1.0,1.000003e-06
0.93420047,1.0,1.000003e-06
0.9338936,1.0,1.0000031e-06
0.9333745,1.0,1.0000031e-06
0.9329643,1.0,1.0000032e-06
0.9334507,1.0,1.0000032e-06
0.93284863,1.0,1.0000033e-06
0.93263125,1.0,1.0000033e-06
0.93222857,1.0,1.0000034e-06
0.9316997,1.0,1.0000035e-06
0.931703,1.0,1.0000035e-06
0.9313598,1.0,1.0000036e-06
0.9319066,1.0,1.0000036e-06
0.9309199,1.0,1.0000037e-06
0.93063515,1.0,1.0000039e-06
0.92973304,1.0,1.0000039e-06
0.9296623,1.0,1.000004e-06
0.92948616,1.0,1.0000041e-06
0.9287241,1.0,1.0000041e-06
0.9287383,1.0,1.0000042e-06
0.928324,1.0,1.0000043e-06
0.9277751,1.0,1.0000043e-06
0.92737293,1.0,1.0000044e-06
0.92733055,1.0,1.0000044e-06
0.9260102,1.0,1.0000045e-06
0.9262876,1.0,1.0000047e-06
0.9260272,1.0,1.0000047e-06
0.9254515,1.0,1.0000048e-06
0.9252123,1.0,1.0000049e-06
0.9248234,1.0,1.0000049e-06
0.92466456,1.0,1.000005e-06
0.92360264,1.0,1.000005e-06
0.9231406,1.0,1.0000051e-06
0.9227768,1.0,1.0000052e-06
0.9226012,1.0,1.0000052e-06
0.9220918,1.0,1.0000053e-06
0.9217669,1.0,1.0000055e-06
0.9216015,1.0,1.0000055e-06
0.9208372,1.0,1.0000056e-06
0.9212378,1.0,1.0000056e-06
0.9206431,1.0,1.0000057e-06
0.9201128,1.0,1.0000058e-06
0.91986305,1.0,1.0000058e-06
0.91959393,1.0,1.0000059e-06
0.9190934,1.0,1.0000059e-06
0.9183943,1.0,1.000006e-06
0.91728365,1.0,1.000006e-06
0.91697633,1.0,1.0000061e-06
0.91702735,1.0,1.0000061e-06
0.9165329,1.0,1.0000063e-06
0.916178,1.0,1.0000064e-06
0.9153074,1.0,1.0000064e-06
0.91444427,1.0,1.0000064e-06
0.91404146,1.0,1.0000065e-06
0.9131301,1.0,1.0000065e-06
0.91306746,1.0,1.0000066e-06
0.9127443,1.0,1.0000066e-06
0.9126018,1.0,1.0000067e-06
0.91197747,1.0,1.0000067e-06
0.91106063,1.0,1.0000067e-06
0.9105267,1.0,1.0000068e-06
0.90992856,1.0,1.0000068e-06
0.90992826,1.0,1.0000068e-06
0.9096122,1.0,1.0000069e-06
0.9083201,1.0,1.0000069e-06
0.9082741,1.0,1.0000069e-06
0.90750563,1.0,1.000007e-06
0.90712273,1.0,1.000007e-06
0.90617704,1.0,1.000007e-06
0.90611184,1.0,1.000007e-06
0.9055919,1.0,1.000007e-06
0.9051533,1.0,1.0000072e-06
0.90482545,1.0,1.0000072e-06
0.9041332,1.0,1.0000072e-06
0.9036657,1.0,1.0000072e-06
0.9027239,1.0,1.0000072e-06
0.90223426,1.0,1.0000072e-06
0.9019586,1.0,1.0000072e-06
0.9010968,1.0,1.0000073e-06
0.900088,1.0,1.0000073e-06
0.899581,1.0,1.0000073e-06
0.8987941,1.0,1.0000073e-06
0.89827985,1.0,1.0000073e-06
0.8978302,1.0,1.0000073e-06
0.8968482,1.0,1.0000073e-06
0.8961994,1.0,1.0000073e-06
0.8956978,1.0,1.0000073e-06
0.8945197,1.0,1.0000072e-06
0.8944042,1.0,1.0000072e-06
0.8936495,1.0,1.0000072e-06
0.89298695,1.0,1.0000072e-06
0.8924423,1.0,1.0000072e-06
0.8911993,1.0,1.0000072e-06
0.8908573,1.0,1.0000072e-06
0.89017606,1.0,1.000007e-06
0.88960993,1.0,1.000007e-06
0.888892,1.0,1.000007e-06
0.8875068,1.0,1.000007e-06
0.8869945,1.0,1.000007e-06
0.886345,1.0,1.0000069e-06
0.88507575,1.0,1.0000069e-06
0.88425446,1.0,1.0000069e-06
0.8839719,1.0,1.0000069e-06
0.8830353,1.0,1.0000068e-06
0.8824805,1.0,1.0000068e-06
0.8817132,1.0,1.0000068e-06
0.88111645,1.0,1.0000067e-06
0.8800253,1.0,1.0000067e-06
0.87942284,1.0,1.0000067e-06
0.87855226,1.0,1.0000067e-06
0.87796956,1.0,1.0000066e-06
0.87661296,1.0,1.0000066e-06
0.8756911,1.0,1.0000065e-06
0.87486476,1.0,1.0000065e-06
0.87362367,1.0,1.0000065e-06
0.8727577,1.0,1.0000064e-06
0.87163013,1.0,1.0000064e-06
0.8704885,1.0,1.0000064e-06
0.86939603,1.0,1.0000063e-06
0.8686614,1.0,1.0000063e-06
0.86766034,1.0,1.0000061e-06
0.8664977,1.0,1.0000061e-06
0.86566705,1.0,1.0000061e-06
0.8646385,1.0,1.000006e-06
0.86280835,1.0,1.000006e-06
0.86153257,1.0,1.0000059e-06
0.86085916,1.0,1.0000059e-06
0.8595586,1.0,1.0000059e-06
0.8582933,1.0,1.0000058e-06
0.85712934,1.0,1.0000058e-06
0.85606164,1.0,1.0000057e-06
0.8545167,1.0,1.0000057e-06
0.85377234,1.0,1.0000056e-06
0.8521995,1.0,1.0000056e-06
0.85076535,1.0,1.0000055e-06
0.84988177,1.0,1.0000055e-06
0.8486817,1.0,1.0000055e-06
0.84761834,1.0,1.0000053e-06
0.8463451,1.0,1.0000053e-06
0.8447869,1.0,1.0000052e-06
0.84365845,1.0,1.0000052e-06
0.8422186,1.0,1.0000051e-06
0.84082025,1.0,1.0000051e-06
0.8396569,1.0,1.0000051e-06
0.8381302,1.0,1.000005e-06
0.83627445,1.0,1.000005e-06
0.834723,1.0,1.0000049e-06
0.8331492,1.0,1.0000049e-06
0.8316088,1.0,1.0000049e-06
0.83019805,1.0,1.0000048e-06
0.8280913,1.0,1.0000048e-06
0.8266346,1.0,1.0000047e-06
0.82509005,1.0,1.0000047e-06
0.82279634,1.0,1.0000045e-06
0.820612,1.0,1.0000045e-06
0.81765085,1.0,1.0000045e-06
0.8157651,1.0,1.0000044e-06
0.81481665,1.0,1.0000044e-06
0.8126488,1.0,1.0000043e-06
0.81139916,1.0,1.0000043e-06
1.0,1.0,1.0000746e-06
1.0,1.0,1.0000746e-06
1.0,1.0,1.0000746e-06
1.0,1.0,1.0000746e-06
1.0,1.0,1.0000746e-06
1.0,1.0,1.0000745e-06
1.0,1.0,1.0000745e-06
1.0,1.0,1.0000745e-06
1.0,1.0,1.0000743e-06
1.0,1.0,1.0000743e-06
1.0,1.0,1.0000742e-06
1.0,1.0,1.0000741e-06
1.0,1.0,1.000074e-06
1.0,1.0,1.000074e-06
1.0,1.0,1.0000739e-06
1.0,1.0,1.0000738e-06
1.0,1.0,1.0000737e-06
1.0,1.0,1.0000736e-06
1.0,1.0,1.0000733e-06
1.0,1.0,1.0000732e-06
1.0,1.0,1.0000731e-06
1.0,1.0,1.000073e-06
1.0,1.0,1.0000728e-06
1.0,1.0,1.0000726e-06
1.0,1.0,1.0000724e-06
1.0,1.0,1.0000722e-06
1.0,1.0,1.000072e-06
1.0,1.0,1.0000718e-06
1.0,1.0,1.0000716e-06
1.0,1.0,1.0000714e-06
1.0,1.0,1.0000712e-06
1.0,1.0,1.0000709e-06
1.0,1.0,1.0000706e-06
1.0,1.0,1.0000704e-06
1.0,1.0,1.0000701e-06
1.0,1.0,1.0000698e-06
1.0,1.0,1.0000696e-06
1.0,1.0,1.0000692e-06
1.0,1.0,1.0000689e-06
1.0,1.0,1.0000687e-06
1.0,1.0,1.0000683e-06
1.0,1.0,1.000068e-06
1.0,1.0,1.0000676e-06
1.0,1.0,1.0000673e-06
1.0,1.0,1.000067e-06
1.0,1.0,1.0000665e-06
1.0,1.0,1.0000662e-06
1.0,1.0,1.0000658e-06
1.0,1.0,1.0000654e-06
1.0,1.0,1.000065e-06
1.0,1.0,1.0000646e-06
1.0,1.0,1.0000641e-06
1.0,1.0,1.0000638e-06
1.0,1.0,1.0000633e-06
1.0,1.0,1.0000629e-06
1.0,1.0,1.0000624e-06
1.0,1.0,1.000062e-06
1.0,1.0,1.0000615e-06
1.0,1.0,1.000061e-06
1.0,1.0,1.0000606e-06
1.0,1.0,1.00006e-06
1.0,1.0,1.0000596e-06
1.0,1.0,1.0000591e-06
1.0,1.0,1.0000585e-06
1.0,1.0,1.000058e-06
1.0,1.0,1.0000575e-06
1.0,1.0,1.000057e-06
1.0,1.0,1.0000565e-06
1.0,1.0,1.0000559e-06
1.0,1.0,1.0000554e-06
1.0,1.0,1.0000548e-06
1.0,1.0,1.0000542e-06
1.0,1.0,1.0000537e-06
1.0,1.0,1.0000531e-06
1.0,1.0,1.0000525e-06
1.0,1.0,1.000052e-06
1.0,1.0,1.0000514e-06
1.0,1.0,1.0000508e-06
1.0,1.0,1.0000502e-06
1.0,1.0,1.0000496e-06
1.0,1.0,1.000049e-06
1.0,1.0,1.0000484e-06
1.0,1.0,1.0000479e-06
1.0,1.0,1.0000472e-06
1.0,1.0,1.0000466e-06
1.0,1.0,1.0000459e-06
1.0,1.0,1.0000454e-06
1.0,1.0,1.0000448e-06
1.0,1.0,1.0000441e-06
1.0,1.0,1.0000435e-06
1.0,1.0,1.0000429e-06
1.0,1.0,1.0000423e-06
1.0,1.0,1.0000416e-06
1.0,1.0,1.000041e-06
1.0,1.0,1.0000404e-06
1.0,1.0,1.0000398e-06
1.0,1.0,1.0000391e-06
1.0,1.0,1.0000385e-06
1.0,1.0,1.000038e-06
1.0,1.0,1.0000373e-06
1.0,1.0,1.0000367e-06
1.0,1.0,1.000036e-06
1.0,1.0,1.0000355e-06
1.0,1.0,1.0000349e-06
1.0,1.0,1.0000342e-06
1.0,1.0,1.0000336e-06
1.0,1.0,1.000033e-06
1.0,1.0,1.0000324e-06
1.0,1.0,1.0000318e-06
1.0,1.0,1.0000313e-06
1.0,1.0,1.0000306e-06
1.0,1.0,1.00003e-06
1.0,1.0,1.0000294e-06
1.0,1.0,1.0000289e-06
1.0,1.0,1.0000283e-06
1.0,1.0,1.0000277e-06
1.0,1.0,1.0000272e-06
1.0,1.0,1.0000266e-06
1.0,1.0,1.000026e-06
1.0,1.0,1.0000256e-06
1.0,1.0,1.000025e-06
1.0,1.0,1.0000244e-06
1.0,1.0,1.0000239e-06
1.0,1.0,1.0000234e-06
1.0,1.0,1.0000228e-06
1.0,1.0,1.0000224e-06
1.0,1.0,1.0000218e-06
1.0,1.0,1.0000214e-06
1.0,1.0,1.0000209e-06
1.0,1.0,1.0000203e-06
1.0,1.0,1.0000199e-06
1.0,1.0,1.0000194e-06
1.0,1.0,1.000019e-06
1.0,1.0,1.0000185e-06
1.0,1.0,1.0000181e-06
1.0,1.0,1.0000176e-06
1.0,1.0,1.0000172e-06
1.0,1.0,1.0000167e-06
1.0,1.0,1.0000164e-06
1.0,1.0,1.0000159e-06
1.0,1.0,1.0000156e-06
1.0,1.0,1.0000151e-06
1.0,1.0,1.0000148e-06
1.0,1.0,1.0000143e-06
1.0,1.0,1.000014e-06
1.0,1.0,1.0000136e-06
1.0,1.0,1.0000133e-06
1.0,1.0,1.000013e-06
1.0,1.0,1.0000125e-06
1.0,1.0,1.0000122e-06
1.0,1.0,1.0000119e-06
1.0,1.0,1.0000116e-06
1.0,1.0,1.0000113e-06
1.0,1.0,1.0000109e-06
1.0,1.0,1.0000107e-06
1.0,1.0,1.0000103e-06
1.0,1.0,1.00001e-06
1.0,1.0,1.0000098e-06
1.0,1.0,1.0000095e-06
1.0,1.0,1.0000092e-06
1.0,1.0,1.000009e-06
1.0,1.0,1.0000088e-06
1.0,1.0,1.0000085e-06
1.0,1.0,1.0000082e-06
1.0,1.0,1.000008e-06
1.0,1.0,1.0000077e-06
1.0,1.0,1.0000075e-06
1.0,1.0,1.0000073e-06
1.0,1.0,1.0000072e-06
1.0,1.0,1.0000069e-06
1.0,1.0,1.0000067e-06
1.0,1.0,1.0000065e-06
1.0,1.0,1.0000064e-06
1.0,1.0,1.0000061e-06
1.0,1.0,1.0000059e-06
1.0,1.0,1.0000058e-06
1.0,1.0,1.0000056e-06
1.0,1.0,1.0000055e-06
1.0,1.0,1.0000053e-06
1.0,1.0,1.0000051e-06
1.0,1.0,1.000005e-06
1.0,1.0,1.0000049e-06
1.0,1.0,1.0000047e-06
1.0,1.0,1.0000045e-06
1.0,1.0,1.0000044e-06
1.0,1.0,1.0000043e-06
1.0,1.0,1.0000042e-06
1.0,1.0,1.0000041e-06
1.0,1.0,1.000004e-06
1.0,1.0,1.0000039e-06
1.0,1.0,1.0000037e-06
1.0,1.0,1.0000036e-06
1.0,1.0,1.0000035e-06
1.0,1.0,1.0000034e-06
1.0,1.0,1.0000033e-06
1.0,1.0,1.0000032e-06
1.0,1.0,1.0000032e-06
1.0,1.0,1.0000031e-06
1.0,1.0,1.000003e-06
1.0,1.0,1.0000028e-06
1.0,1.0,1.0000028e-06
1.0,1.0,1.0000027e-06
1.0,1.0,1.0000026e-06
1.0,1.0,1.0000026e-06
1.0,1.0,1.0000025e-06
1.0,1.0,1.0000025e-06
1.0,1.0,1.0000024e-06
1.0,1.0,1.0000024e-06
1.0,1.0,1.0000023e-06
1.0,1.0,1.0000022e-06
1.0,1.0,1.0000022e-06
1.0,1.0,1.0000022e-06
1.0,1.0,1.000002e-06
1.0,1.0,1.000002e-06
1.0,1.0,1.0000019e-06
1.0,1.0,1.0000019e-06
0.9999358,1.0,1.0000018e-06
0.99989533,1.0,1.0000018e-06
0.99983597,1.0,1.0000018e-06
0.9997811,1.0,1.0000017e-06
0.99974895,1.0,1.0000017e-06
0.9996692,1.0,1.0000017e-06
0.9996674,1.0,1.0000016e-06
0.9995979,1.0,1.0000016e-06
0.9996393,1.0,1.0000016e-06
0.9997375,1.0,1.0000015e-06
0.9997849,1.0,1.0000015e-06
0.9996866,1.0,1.0000015e-06
0.99961704,1.0,1.0000015e-06
0.99959284,1.0,1.0000014e-06
0.99948895,1.0,1.0000014e-06
0.99948937,1.0,1.0000014e-06
0.99959725,1.0,1.0000014e-06
0.9996897,1.0,1.0000014e-06
0.99978316,1.0,1.0000012e-06
0.9997956,1.0,1.0000012e-06
0.9997947,1.0,1.0000012e-06
0.9997969,1.0,1.0000012e-06
0.9998012,1.0,1.0000012e-06
0.999526,1.0,1.0000011e-06
0.99928665,1.0,1.0000011e-06
0.999358,1.0,1.0000011e-06
0.9993033,1.0,1.0000011e-06
0.9992328,1.0,1.0000011e-06
0.9992007,1.0,1.0000011e-06
0.9991519,1.0,1.0000011e-06
0.9991011,1.0,1.0000011e-06
0.99906856,1.0,1.000001e-06
0.99901885,1.0,1.000001e-06
0.9989833,1.0,1.000001e-06
0.9989534,1.0,1.000001e-06
0.9989446,1.0,1.000001e-06
0.99891603,1.0,1.000001e-06
0.99888647,1.0,1.000001e-06
0.9989706,1.0,1.000001e-06
0.99895704,1.0,1.000001e-06
0.9989732,1.0,1.000001e-06
0.9987939,1.0,1.000001e-06
0.9987596,1.0,1.000001e-06
0.99877924,1.0,1.0000009e-06
0.99881554,1.0,1.0000009e-06
0.9988652,1.0,1.0000009e-06
0.99885416,1.0,1.0000009e-06
0.99882877,1.0,1.0000009e-06
0.9988409,1.0,1.0000009e-06
0.99872607,1.0,1.0000009e-06
0.99854463,1.0,1.0000009e-06
0.9985152,1.0,1.0000009e-06
0.99848217,1.0,1.0000009e-06
0.9984426,1.0,1.0000009e-06
0.99842525,1.0,1.0000009e-06
0.9984138,1.0,1.0000009e-06
0.9983749,1.0,1.0000009e-06
0.9983614,1.0,1.0000009e-06
0.9983754,1.0,1.0000009e-06
0.99834496,1.0,1.0000009e-06
0.998328,1.0,1.0000009e-06
0.9986239,1.0,1.0000009e-06
0.9990365,1.0,1.0000009e-06
0.99921197,1.0,1.0000009e-06
0.9991386,1.0,1.0000009e-06
0.9991161,1.0,1.000001e-06
0.9990221,1.0,1.000001e-06
0.99897516,1.0,1.000001e-06
0.99916047,1.0,1.000001e-06
0.9993869,1.0,1.000001e-06
0.9995272,1.0,1.000001e-06
0.9996639,1.0,1.000001e-06
0.9997435,1.0,1.000001e-06
0.9997916,1.0,1.000001e-06
0.99976915,1.0,1.000001e-06
0.9997589,1.0,1.000001e-06
0.9994346,1.0,1.000001e-06
0.9991269,1.0,1.000001e-06
0.99889815,1.0,1.0000011e-06
0.9987082,1.0,1.0000011e-06
0.9986174,1.0,1.0000011e-06
0.9985421,1.0,1.0000011e-06
0.9985056,1.0,1.0000011e-06
0.99847174,1.0,1.0000011e-06
0.99843574,1.0,1.0000011e-06
0.9984308,1.0,1.0000011e-06
0.99840397,1.0,1.0000012e-06
0.998344,1.0,1.0000012e-06
0.9984095,1.0,1.0000012e-06
0.9984759,1.0,1.0000012e-06
0.99840564,1.0,1.0000012e-06
0.99825186,1.0,1.0000012e-06
0.9981772,1.0,1.0000014e-06
0.9981045,1.0,1.0000014e-06
0.9980875,1.0,1.0000014e-06
0.9982928,1.0,1.0000014e-06
0.998431,1.0,1.0000014e-06
0.9985444,1.0,1.0000015e-06
0.9986183,1.0,1.0000015e-06
0.99866706,1.0,1.0000015e-06
0.99866366,1.0,1.0000015e-06
0.99870336,1.0,1.0000016e-06
0.99857277,1.0,1.0000016e-06
0.9983146,1.0,1.0000016e-06
0.99812764,1.0,1.0000016e-06
0.99795115,1.0,1.0000017e-06
0.99782324,1.0,1.0000017e-06
0.9977382,1.0,1.0000017e-06
0.99769163,1.0,1.0000018e-06
0.9976262,1.0,1.0000018e-06
0.9976683,1.0,1.0000018e-06
0.99764794,1.0,1.0000019e-06
0.99760306,1.0,1.0000019e-06
0.9975919,1.0,1.0000019e-06
0.9976057,1.0,1.000002e-06
0.99769855,1.0,1.000002e-06
0.99766207,1.0,1.000002e-06
0.9975865,1.0,1.0000022e-06
0.9974281,1.0,1.0000022e-06
0.9973318,1.0,1.0000023e-06
0.99723065,1.0,1.0000023e-06
0.99736774,1.0,1.0000023e-06
0.9975417,1.0,1.0000024e-06
0.99769485,1.0,1.0000024e-06
0.9977739,1.0,1.0000025e-06
0.9978679,1.0,1.0000025e-06
0.99790066,1.0,1.0000026e-06
0.99789524,1.0,1.0000026e-06
0.9978755,1.0,1.0000026e-06
0.9975961,1.0,1.0000027e-06
0.99735904,1.0,1.0000027e-06
0.9971886,1.0,1.0000028e-06
0.9970403,1.0,1.0000028e-06
0.99696594,1.0,1.000003e-06
0.9968852,1.0,1.0000031e-06
0.99684125,1.0,1.0000031e-06
0.99681437,1.0,1.0000032e-06
0.99678427,1.0,1.0000032e-06
0.9968044,1.0,1.0000033e-06
0.9967955,1.0,1.0000033e-06
0.9967751,1.0,1.0000034e-06
0.99690545,1.0,1.0000034e-06
0.9969692,1.0,1.0000035e-06
0.9969023,1.0,1.0000036e-06
0.996772,1.0,1.0000036e-06
0.99664813,1.0,1.0000037e-06
0.9965566,1.0,1.0000037e-06
0.99651134,1.0,1.0000039e-06
0.9966863,1.0,1.000004e-06
0.9968551,1.0,1.000004e-06
0.99696535,1.0,1.0000041e-06
0.99702066,1.0,1.0000041e-06
0.9970382,1.0,1.0000042e-06
0.9969627,1.0,1.0000043e-06
0.9969403,1.0,1.0000043e-06
0.99671465,1.0,1.0000044e-06
0.9965126,1.0,1.0000044e-06
0.99634224,1.0,1.0000045e-06
0.9961791,1.0,1.0000047e-06
0.99607486,1.0,1.0000047e-06
0.996038,1.0,1.0000048e-06
0.99599457,1.0,1.0000049e-06
0.9959605,1.0,1.0000049e-06
0.99594814,1.0,1.000005e-06
0.99592924,1.0,1.000005e-06
0.9959252,1.0,1.0000051e-06
0.9959117,1.0,1.0000052e-06
0.9959524,1.0,1.0000052e-06
0.9960703,1.0,1.0000053e-06
0.9960318,1.0,1.0000053e-06
0.9958665,1.0,1.0000055e-06
0.9957727,1.0,1.0000056e-06
0.9956951,1.0,1.0000056e-06
0.9956513,1.0,1.0000057e-06
0.99575037,1.0,1.0000057e-06
0.99587125,1.0,1.0000058e-06
0.9959372,1.0,1.0000058e-06
0.9959834,1.0,1.0000059e-06
0.9957831,1.0,1.0000059e-06
0.99597216,1.0,1.000006e-06
0.9959877,1.0,1.000006e-06
0.9959956,1.0,1.0000061e-06
0.99577993,1.0,1.0000061e-06
0.9955764,1.0,1.0000063e-06
0.9954498,1.0,1.0000063e-06
0.9953454,1.0,1.0000064e-06
0.99526525,1.0,1.0000064e-06
0.9952157,1.0,1.0000065e-06
0.99519086,1.0,1.0000065e-06
0.99516267,1.0,1.0000065e-06
0.9951041,1.0,1.0000066e-06
0.99505985,1.0,1.0000066e-06
0.9950038,1.0,1.0000066e-06
0.99498516,1.0,1.0000067e-06
0.9949574,1.0,1.0000067e-06
0.9949216,1.0,1.0000067e-06
0.99488115,1.0,1.0000068e-06
0.9948088,1.0,1.0000068e-06
0.9947717,1.0,1.0000068e-06
0.99470896,1.0,1.0000068e-06
0.99478847,1.0,1.0000068e-06
0.99500525,1.0,1.0000069e-06
0.9952211,1.0,1.0000069e-06
0.9953628,1.0,1.0000069e-06
0.9954993,1.0,1.0000069e-06
0.9955574,1.0,1.0000069e-06
0.99559516,1.0,1.0000069e-06
0.99559647,1.0,1.0000069e-06
0.9954039,1.0,1.000007e-06
0.99506634,1.0,1.000007e-06
0.9948209,1.0,1.000007e-06
0.994581,1.0,1.000007e-06
0.9945051,1.0,1.000007e-06
0.9944357,1.0,1.000007e-06
0.99414384,1.0,1.000007e-06
0.9935704,1.0,1.000007e-06
0.99236286,1.0,1.000007e-06
0.99072105,1.0,1.000007e-06
0.9942315,1.0,1.000007e-06
0.99196,1.0,1.000007e-06
0.99280924,1.0,1.0000069e-06
0.99295586,1.0,1.0000069e-06
0.9930412,1.0,1.0000069e-06
0.99312913,1.0,1.0000069e-06
0.993116,1.0,1.0000069e-06
0.993029,1.0,1.0000069e-06
0.9928838,1.0,1.0000068e-06
0.99293554,1.0,1.0000068e-06
0.99303365,1.0,1.0000068e-06
0.99310887,1.0,1.0000068e-06
0.9932089,1.0,1.0000067e-06
0.9932279,1.0,1.0000067e-06
0.99325955,1.0,1.0000067e-06
0.99326336,1.0,1.0000067e-06
0.9932797,1.0,1.0000066e-06
0.99302447,1.0,1.0000066e-06
0.992779,1.0,1.0000066e-06
0.99259967,1.0,1.0000066e-06
0.9925692,1.0,1.0000065e-06
0.9925219,1.0,1.0000065e-06
0.9924573,1.0,1.0000065e-06
0.99240875,1.0,1.0000064e-06
0.99235964,1.0,1.0000064e-06
0.99236095,1.0,1.0000064e-06
0.9923389,1.0,1.0000063e-06
0.9923118,1.0,1.0000063e-06
0.9923272,1.0,1.0000061e-06
0.99228466,1.0,1.0000061e-06
0.9923122,1.0,1.0000061e-06
0.99219275,1.0,1.000006e-06
0.99237233,1.0,1.000006e-06
0.99229985,1.0,1.0000059e-06
0.99224097,1.0,1.0000059e-06
0.99210066,1.0,1.0000059e-06
0.9921256,1.0,1.0000058e-06
0.9922147,1.0,1.0000058e-06
0.9922913,1.0,1.0000057e-06
0.99225575,1.0,1.0000057e-06
0.99226964,1.0,1.0000057e-06
0.9921783,1.0,1.0000056e-06
0.99216086,1.0,1.0000056e-06
0.9919727,1.0,1.0000055e-06
0.9917911,1.0,1.0000055e-06
0.99184805,1.0,1.0000053e-06
0.99186516,1.0,1.0000053e-06
0.9917771,1.0,1.0000053e-06
0.9917119,1.0,1.0000052e-06
0.9916614,1.0,1.0000052e-06
0.9915519,1.0,1.0000051e-06
0.9914646,1.0,1.0000051e-06
0.9914362,1.0,1.0000051e-06
0.99138445,1.0,1.000005e-06
0.9913794,1.0,1.000005e-06
0.99136007,1.0,1.0000049e-06
0.99141365,1.0,1.0000049e-06
0.99136126,1.0,1.0000048e-06
0.99128383,1.0,1.0000048e-06
0.9913092,1.0,1.0000048e-06
0.9912977,1.0,1.0000047e-06
0.99117285,1.0,1.0000047e-06
0.9911434,1.0,1.0000045e-06
0.9913217,1.0,1.0000045e-06
0.99147236,1.0,1.0000045e-06
0.9915336,1.0,1.0000044e-06
0.9915389,1.0,1.0000044e-06
0.99160695,1.0,1.0000043e-06
0.9915294,1.0,1.0000043e-06
0.99151105,1.0,1.0000043e-06
0.9912194,1.0,1.0000042e-06
0.99088585,1.0,1.0000042e-06
0.99094385,1.0,1.0000041e-06
0.990793,1.0,1.0000041e-06
0.9906811,1.0,1.0000041e-06
0.9906679,1.0,1.000004e-06
0.9906145,1.0,1.000004e-06
0.9906026,1.0,1.000004e-06
0.99055094,1.0,1.0000039e-06
0.99052954,1.0,1.0000039e-06
0.9905343,1.0,1.0000037e-06
0.9904618,1.0,1.0000037e-06
0.99038506,1.0,1.0000037e-06
0.9904538,1.0,1.0000036e-06
0.99016577,1.0,1.0000036e-06
0.99042565,1.0,1.0000036e-06
0.99050295,1.0,1.0000035e-06
0.9904538,1.0,1.0000035e-06
0.9902288,1.0,1.0000035e-06
0.9903018,1.0,1.0000034e-06
0.9904218,1.0,1.0000034e-06
0.99051785,1.0,1.0000034e-06
0.9905591,1.0,1.0000033e-06
0.9905129,1.0,1.0000033e-06
0.9904848,1.0,1.0000033e-06
0.99041486,1.0,1.0000032e-06
0.99025977,1.0,1.0000032e-06
0.9900493,1.0,1.0000032e-06
0.98995167,1.0,1.0000031e-06
0.989902,1.0,1.0000031e-06
0.9898395,1.0,1.0000031e-06
0.98989564,1.0,1.0000031e-06
0.98995805,1.0,1.000003e-06
0.98989034,1.0,1.000003e-06
0.98988307,1.0,1.000003e-06
0.9898033,1.0,1.0000028e-06
0.9897394,1.0,1.0000028e-06
0.9896974,1.0,1.0000028e-06
0.98958236,1.0,1.0000028e-06
0.9894883,1.0,1.0000027e-06
0.98952675,1.0,1.0000027e-06
0.9895282,1.0,1.0000027e-06
0.98956394,1.0,1.0000027e-06
0.9895678,1.0,1.0000026e-06
0.9894629,1.0,1.0000026e-06
0.9892798,1.0,1.0000026e-06
0.98924327,1.0,1.0000026e-06
0.9892585,1.0,1.0000025e-06
0.9892799,1.0,1.0000025e-06
0.98911685,1.0,1.0000025e-06
0.98915076,1.0,1.0000025e-06
0.989132,1.0,1.0000024e-06
0.98916584,1.0,1.0000024e-06
0.9891002,1.0,1.0000024e-06
0.98913914,1.0,1.0000024e-06
0.98890024,1.0,1.0000023e-06
0.9891276,1.0,1.0000023e-06
0.98906404,1.0,1.0000023e-06
0.98904705,1.0,1.0000023e-06
0.98897016,1.0,1.0000023e-06
0.98874635,1.0,1.0000022e-06
0.9887928,1.0,1.0000022e-06
0.9887662,1.0,1.0000022e-06
0.9887274,1.0,1.0000022e-06
0.9887072,1.0,1.000002e-06
0.9886184,1.0,1.000002e-06
0.9886513,1.0,1.000002e-06
0.98862225,1.0,1.000002e-06
0.9886345,1.0,1.000002e-06
0.98867446,1.0,1.000002e-06
0.9886281,1.0,1.0000019e-06
0.9884499,1.0,1.0000019e-06
0.98835444,1.0,1.0000019e-06
0.9884835,1.0,1.0000019e-06
0.98850757,1.0,1.0000019e-06
0.9884966,1.0,1.0000018e-06
0.98843,1.0,1.0000018e-06
0.9883433,1.0,1.0000018e-06
0.9882491,1.0,1.0000018e-06
0.98826885,1.0,1.0000018e-06
0.9883327,1.0,1.0000018e-06
0.98835045,1.0,1.0000018e-06
0.9883198,1.0,1.0000017e-06
0.9882669,1.0,1.0000017e-06
0.9882042,1.0,1.0000017e-06
0.98825735,1.0,1.0000017e-06
0.9881541,1.0,1.0000017e-06
0.9880837,1.0,1.0000017e-06
0.9880685,1.0,1.0000016e-06
0.9880159,1.0,1.0000016e-06
0.9879632,1.0,1.0000016e-06
0.98791695,1.0,1.0000016e-06
0.98782915,1.0,1.0000016e-06
0.98787725,1.0,1.0000016e-06
0.98800015,1.0,1.0000016e-06
0.9879736,1.0,1.0000016e-06
0.9878653,1.0,1.0000015e-06
0.9877809,1.0,1.0000015e-06
0.98756236,1.0,1.0000015e-06
0.98754567,1.0,1.0000015e-06
0.98756385,1.0,1.0000015e-06
0.9875961,1.0,1.0000015e-06
0.9875265,1.0,1.0000015e-06
0.9874698,1.0,1.0000015e-06
0.9874016,1.0,1.0000014e-06
0.98738277,1.0,1.0000014e-06
0.98748887,1.0,1.0000014e-06
0.9874567,1.0,1.0000014e-06
0.9874344,1.0,1.0000014e-06
0.98745686,1.0,1.0000014e-06
0.98743635,1.0,1.0000014e-06
0.9873674,1.0,1.0000014e-06
0.9873273,1.0,1.0000014e-06
0.98727554,1.0,1.0000014e-06
0.9872014,1.0,1.0000012e-06
0.98714703,1.0,1.0000012e-06
0.98718554,1.0,1.0000012e-06
0.9870887,1.0,1.0000012e-06
0.98713887,1.0,1.0000012e-06
0.98708063,1.0,1.0000012e-06
0.98704046,1.0,1.0000012e-06
0.98698133,1.0,1.0000012e-06
0.98697233,1.0,1.0000012e-06
0.9870729,1.0,1.0000012e-06
0.9867976,1.0,1.0000012e-06
0.98663795,1.0,1.0000012e-06
0.9866212,1.0,1.0000011e-06
0.986657,1.0,1.0000011e-06
0.98666674,1.0,1.0000011e-06
0.9867081,1.0,1.0000011e-06
0.9866841,1.0,1.0000011e-06
0.98668706,1.0,1.0000011e-06
0.9865806,1.0,1.0000011e-06
0.9866225,1.0,1.0000011e-06
0.9865979,1.0,1.0000011e-06
0.9866269,1.0,1.0000011e-06
0.9866124,1.0,1.0000011e-06
0.98654884,1.0,1.0000011e-06
0.98635876,1.0,1.0000011e-06
0.98639804,1.0,1.0000011e-06
0.98652184,1.0,1.0000011e-06
0.98663926,1.0,1.000001e-06
0.9866728,1.0,1.000001e-06
0.9866947,1.0,1.000001e-06
0.9867024,1.0,1.000001e-06
0.986696,1.0,1.000001e-06
0.98668605,1.0,1.000001e-06
0.98661715,1.0,1.000001e-06
0.9865772,1.0,1.000001e-06
0.9864316,1.0,1.000001e-06
0.9863943,1.0,1.000001e-06
0.9864297,1.0,1.000001e-06
0.98665917,1.0,1.000001e-06
0.9867605,1.0,1.000001e-06
0.9870345,1.0,1.000001e-06
0.98721147,1.0,1.000001e-06
0.9871242,1.0,1.000001e-06
0.9869708,1.0,1.000001e-06
0.9873309,1.0,1.000001e-06
0.9870004,1.0,1.000001e-06
0.9868222,1.0,1.000001e-06
0.9864007,1.0,1.000001e-06
0.9862263,1.0,1.000001e-06
0.9859833,1.0,1.000001e-06
0.98584235,1.0,1.0000009e-06
0.9857469,1.0,1.0000009e-06
0.9856485,1.0,1.0000009e-06
0.98558885,1.0,1.0000009e-06
0.9855484,1.0,1.0000009e-06
0.9855143,1.0,1.0000009e-06
0.9854685,1.0,1.0000009e-06
0.985398,1.0,1.0000009e-06
0.98539084,1.0,1.0000009e-06
0.98536843,1.0,1.0000009e-06
0.9853448,1.0,1.0000009e-06
0.9853637,1.0,1.0000009e-06
0.98534286,1.0,1.0000009e-06
0.98529005,1.0,1.0000009e-06
0.9854326,1.0,1.0000009e-06
0.9855659,1.0,1.0000009e-06
0.985722,1.0,1.0000009e-06
0.9858174,1.0,1.0000009e-06
0.9858494,1.0,1.0000009e-06
0.9856297,1.0,1.0000009e-06
0.9857918,1.0,1.0000009e-06
0.98572516,1.0,1.0000009e-06
0.9854622,1.0,1.0000009e-06
0.98517793,1.0,1.0000009e-06
0.98477256,1.0,1.0000009e-06
0.9848048,1.0,1.0000009e-06
0.9842282,1.0,1.0000009e-06
0.9846037,1.0,1.0000009e-06
0.9845598,1.0,1.0000009e-06
0.9845201,1.0,1.0000009e-06
0.9844713,1.0,1.0000009e-06
0.9844817,1.0,1.0000009e-06
0.9843826,1.0,1.0000009e-06
0.98442477,1.0,1.0000009e-06
0.98435044,1.0,1.0000009e-06
0.9842895,1.0,1.0000009e-06
0.98408085,1.0,1.0000009e-06
0.98416555,1.0,1.0000009e-06
0.9841672,1.0,1.0000009e-06
0.984078,1.0,1.0000009e-06
0.98388386,1.0,1.0000009e-06
0.9842153,1.0,1.0000009e-06
0.98446304,1.0,1.0000009e-06
0.9845661,1.0,1.0000009e-06
0.98464394,1.0,1.0000009e-06
0.9844992,1.0,1.0000009e-06
0.98462677,1.0,1.0000009e-06
0.9846047,1.0,1.0000009e-06
0.98408395,1.0,1.0000009e-06
0.98421,1.0,1.0000009e-06
0.9840377,1.0,1.0000009e-06
0.9833816,1.0,1.0000009e-06
0.9837249,1.0,1.0000009e-06
0.98369104,1.0,1.0000009e-06
0.9836427,1.0,1.0000009e-06
0.9835623,1.0,1.0000009e-06
0.983573,1.0,1.0000009e-06
0.9834318,1.0,1.0000009e-06
0.98347515,1.0,1.0000009e-06
0.983452,1.0,1.0000009e-06
0.98331696,1.0,1.0000009e-06
0.9831962,1.0,1.0000009e-06
0.98267895,1.0,1.000001e-06
0.982701,1.0,1.000001e-06
0.983045,1.0,1.000001e-06
0.98296213,1.0,1.000001e-06
0.98303115,1.0,1.000001e-06
0.98308134,1.0,1.000001e-06
0.9829576,1.0,1.000001e-06
0.98328125,1.0,1.000001e-06
0.98337764,1.0,1.000001e-06
0.98343,1.0,1.000001e-06
0.98352283,1.0,1.000001e-06
0.9835334,1.0,1.000001e-06
0.9834768,1.0,1.000001e-06
0.98331666,1.0,1.000001e-06
0.98305756,1.0,1.000001e-06
0.98271275,1.0,1.000001e-06
0.9826517,1.0,1.000001e-06
0.9825184,1.0,1.000001e-06
0.98249996,1.0,1.000001e-06
0.9824341,1.0,1.000001e-06
0.9823927,1.0,1.0000011e-06
0.9823443,1.0,1.0000011e-06
0.98229027,1.0,1.0000011e-06
0.9822502,1.0,1.0000011e-06
0.9822209,1.0,1.0000011e-06
0.98215723,1.0,1.0000011e-06
0.98215723,1.0,1.0000011e-06
0.9820667,1.0,1.0000011e-06
0.9820785,1.0,1.0000011e-06
0.9819832,1.0,1.0000011e-06
0.9819623,1.0,1.0000011e-06
0.9818931,1.0,1.0000011e-06
0.9820241,1.0,1.0000011e-06
0.9821687,1.0,1.0000012e-06
0.98226535,1.0,1.0000012e-06
0.98171335,1.0,1.0000012e-06
0.9822467,1.0,1.0000012e-06
0.9821523,1.0,1.0000012e-06
0.9820492,1.0,1.0000012e-06
0.9817138,1.0,1.0000012e-06
0.981701,1.0,1.0000012e-06
0.98157316,1.0,1.0000012e-06
0.9814431,1.0,1.0000012e-06
0.9814208,1.0,1.0000014e-06
0.98138165,1.0,1.0000014e-06
0.98138255,1.0,1.0000014e-06
0.9813188,1.0,1.0000014e-06
0.9812888,1.0,1.0000014e-06
0.9812236,1.0,1.0000014e-06
0.98120266,1.0,1.0000014e-06
0.9811541,1.0,1.0000015e-06
0.9811091,1.0,1.0000015e-06
0.98104465,1.0,1.0000015e-06
0.981156,1.0,1.0000015e-06
0.9810808,1.0,1.0000015e-06
0.98096216,1.0,1.0000015e-06
0.9808741,1.0,1.0000015e-06
0.98073965,1.0,1.0000016e-06
0.98087406,1.0,1.0000016e-06
0.9811288,1.0,1.0000016e-06
0.9812129,1.0,1.0000016e-06
0.9813886,1.0,1.0000016e-06
0.9811307,1.0,1.0000017e-06
0.9810438,1.0,1.0000017e-06
0.9810022,1.0,1.0000017e-06
0.9828465,1.0,1.0000017e-06
0.9808414,1.0,1.0000017e-06
0.98078614,1.0,1.0000018e-06
0.98074543,1.0,1.0000018e-06
0.98061925,1.0,1.0000018e-06
0.98046875,1.0,1.0000018e-06
0.98039764,1.0,1.0000018e-06
0.98028576,1.0,1.0000019e-06
0.9802126,1.0,1.0000019e-06
0.98017645,1.0,1.0000019e-06
0.9801906,1.0,1.0000019e-06
0.9801148,1.0,1.000002e-06
0.9798,1.0,1.000002e-06
0.97991174,1.0,1.000002e-06
0.9796218,1.0,1.0000022e-06
0.9798002,1.0,1.0000022e-06
0.9800097,1.0,1.0000022e-06
0.9802199,1.0,1.0000022e-06
0.980332,1.0,1.0000023e-06
0.9800648,1.0,1.0000023e-06
0.98036253,1.0,1.0000023e-06
0.98023957,1.0,1.0000024e-06
0.9799417,1.0,1.0000024e-06
0.97995454,1.0,1.0000024e-06
0.97931474,1.0,1.0000025e-06
0.979412,1.0,1.0000025e-06
0.97918636,1.0,1.0000026e-06
0.9792617,1.0,1.0000026e-06
0.97923434,1.0,1.0000026e-06
0.979158,1.0,1.0000027e-06
0.97908574,1.0,1.0000027e-06
0.97901183,1.0,1.0000028e-06
0.9790103,1.0,1.0000028e-06
0.97895384,1.0,1.000003e-06
0.9788566,1.0,1.000003e-06
0.97874403,1.0,1.000003e-06
0.97821146,1.0,1.0000031e-06
0.9785673,1.0,1.0000031e-06
0.9784803,1.0,1.0000032e-06
0.97837603,1.0,1.0000032e-06
0.97841674,1.0,1.0000033e-06
0.9785459,1.0,1.0000033e-06
0.97856677,1.0,1.0000034e-06
0.9786456,1.0,1.0000035e-06
0.9786937,1.0,1.0000035e-06
0.9792273,1.0,1.0000036e-06
0.9789965,1.0,1.0000036e-06
0.9794172,1.0,1.0000037e-06
0.9794631,1.0,1.0000039e-06
0.9791976,1.0,1.0000039e-06
0.97893596,1.0,1.000004e-06
0.9782073,1.0,1.0000041e-06
0.9784065,1.0,1.0000041e-06
0.9780118,1.0,1.0000042e-06
0.97768617,1.0,1.0000043e-06
0.9779906,1.0,1.0000044e-06
0.97786963,1.0,1.0000044e-06
0.97786653,1.0,1.0000045e-06
0.9778862,1.0,1.0000047e-06
0.9776283,1.0,1.0000048e-06
0.97763205,1.0,1.0000049e-06
0.9774261,1.0,1.000005e-06
0.976459,1.0,1.0000051e-06
0.9751539,1.0,1.0000051e-06
0.97809035,1.0,1.0000052e-06
0.97622675,1.0,1.0000053e-06
0.97590804,1.0,1.0000055e-06
0.97715217,1.0,1.0000056e-06
0.97529864,1.0,1.0000057e-06
0.9757117,1.0,1.0000058e-06
0.9765208,1.0,1.0000059e-06
0.9765799,1.0,1.000006e-06
0.9761453,1.0,1.0000061e-06
0.97635204,1.0,1.0000063e-06
0.97657454,1.0,1.0000064e-06
0.9760231,1.0,1.0000066e-06
0.9761431,1.0,1.0000067e-06
0.9766609,1.0,1.0000068e-06
0.97542197,1.0,1.0000069e-06
0.9756487,1.0,1.0000072e-06
0.9765358,1.0,1.0000073e-06
0.97522956,1.0,1.0000074e-06
0.9752279,1.0,1.0000076e-06
0.9750397,1.0,1.0000077e-06
0.97495556,1.0,1.000008e-06
0.9750361,1.0,1.0000081e-06
0.97430706,1.0,1.0000083e-06
0.9746712,1.0,1.0000084e-06
0.9745406,1.0,1.0000086e-06
0.9738975,1.0,1.0000088e-06
0.9740041,1.0,1.000009e-06
0.97514653,1.0,1.0000091e-06
0.9757733,1.0,1.0000093e-06
0.97632366,1.0,1.0000095e-06
0.9757587,1.0,1.0000097e-06
0.9759618,1.0,1.0000099e-06
0.9757402,1.0,1.0000101e-06
0.9753992,1.0,1.0000103e-06
0.9749588,1.0,1.0000106e-06
0.97574836,1.0,1.0000108e-06
0.97516316,1.0,1.000011e-06
0.97465706,1.0,1.0000113e-06
0.9754718,1.0,1.0000115e-06
0.975047,1.0,1.0000117e-06
0.974143,1.0,1.000012e-06
0.9744978,1.0,1.0000123e-06
0.9755535,1.0,1.0000125e-06
0.9742825,1.0,1.0000128e-06
0.97408307,1.0,1.0000131e-06
0.9753072,1.0,1.0000134e-06
0.9741102,1.0,1.0000136e-06
0.97439134,1.0,1.000014e-06
0.97467464,1.0,1.0000143e-06
0.97407126,1.0,1.0000147e-06
0.97413677,1.0,1.000015e-06
0.97441196,1.0,1.0000153e-06
0.97379535,1.0,1.0000157e-06
0.97358227,1.0,1.000016e-06
0.9743447,1.0,1.0000164e-06
0.974285,1.0,1.0000167e-06
0.9737048,1.0,1.000017e-06
0.9744716,1.0,1.0000175e-06
0.9743011,1.0,1.0000178e-06
0.9737602,1.0,1.0000183e-06
0.97429484,1.0,1.0000186e-06
0.97485024,1.0,1.0000191e-06
0.97387767,1.0,1.0000196e-06
0.9741265,1.0,1.00002e-06
0.97428966,1.0,1.0000205e-06
0.97366863,1.0,1.0000209e-06
0.97334665,1.0,1.0000214e-06
0.9732132,1.0,1.0000219e-06
0.97369236,1.0,1.0000224e-06
0.9729842,1.0,1.000023e-06
0.97307587,1.0,1.0000234e-06
0.973279,1.0,1.000024e-06
0.97321594,1.0,1.0000246e-06
0.9734221,1.0,1.0000251e-06
0.9737604,1.0,1.0000257e-06
0.97319937,1.0,1.0000263e-06
0.9739595,1.0,1.0000268e-06
0.9732191,1.0,1.0000275e-06
0.9738173,1.0,1.0000281e-06
0.97274435,1.0,1.0000286e-06
0.9731082,1.0,1.0000293e-06
0.9735796,1.0,1.00003e-06
0.97341394,1.0,1.0000307e-06
0.9730917,1.0,1.0000314e-06
0.9734662,1.0,1.0000321e-06
0.9734133,1.0,1.0000327e-06
0.9731105,1.0,1.0000335e-06
0.9733366,1.0,1.0000342e-06
0.9725982,1.0,1.000035e-06
0.97327626,1.0,1.0000358e-06
0.97299135,1.0,1.0000366e-06
0.9724689,1.0,1.0000374e-06
0.97269416,1.0,1.0000383e-06
0.97284466,1.0,1.0000391e-06
0.9728199,1.0,1.00004e-06
0.97284454,1.0,1.0000409e-06
0.9728582,1.0,1.0000418e-06
0.9725713,1.0,1.0000427e-06
0.9726962,1.0,1.0000437e-06
0.9730265,1.0,1.0000447e-06
0.9727118,1.0,1.0000457e-06
0.9730024,1.0,1.0000466e-06
0.9726194,1.0,1.0000476e-06
0.9722526,1.0,1.0000488e-06
0.97220963,1.0,1.0000498e-06
0.9726974,1.0,1.0000509e-06
0.97194684,1.0,1.000052e-06
0.9724995,1.0,1.0000531e-06
0.9719507,1.0,1.0000542e-06
0.97204936,1.0,1.0000554e-06
0.972539,1.0,1.0000566e-06
0.972188,1.0,1.0000578e-06
0.97206026,1.0,1.000059e-06
0.97234106,1.0,1.0000603e-06
0.9718562,1.0,1.0000615e-06
0.97167957,1.0,1.0000629e-06
0.971963,1.0,1.0000641e-06
0.9720158,1.0,1.0000655e-06
0.97143096,1.0,1.000067e-06
0.9715352,1.0,1.0000683e-06
0.9719205,1.0,1.0000698e-06
0.9716886,1.0,1.0000713e-06
0.97174376,1.0,1.0000728e-06
0.9721915,1.0,1.0000742e-06
0.9720993,1.0,1.0000757e-06
0.9720997,1.0,1.0000772e-06
0.97160864,1.0,1.0000788e-06
0.97130764,1.0,1.0000803e-06
0.9715309,1.0,1.0000819e-06
0.97137517,1.0,1.0000836e-06
0.97177255,1.0,1.0000851e-06
0.97163326,1.0,1.0000869e-06
0.9709823,1.0,1.0000886e-06
0.9712301,1.0,1.0000903e-06
0.9713608,1.0,1.000092e-06
0.9710051,1.0,1.0000938e-06
0.97098696,1.0,1.0000956e-06
0.97133446,1.0,1.0000974e-06
0.97126406,1.0,1.0000994e-06
0.9712195,1.0,1.0001013e-06
0.97117794,1.0,1.0001031e-06
0.9709802,1.0,1.0001052e-06
0.97101027,1.0,1.0001071e-06
0.97056705,1.0,1.0001091e-06
0.97065365,1.0,1.0001112e-06
0.9706083,1.0,1.0001132e-06
0.97066885,1.0,1.0001153e-06
0.97037786,1.0,1.0001174e-06
0.9709195,1.0,1.0001196e-06
0.97099215,1.0,1.0001218e-06
0.97018325,1.0,1.0001239e-06
0.9705536,1.0,1.0001262e-06
0.9702831,1.0,1.0001285e-06
0.9702936,1.0,1.0001307e-06
0.97028434,1.0,1.0001331e-06
0.96984154,1.0,1.0001355e-06
0.96970916,1.0,1.0001379e-06
0.9702199,1.0,1.0001404e-06
0.97024184,1.0,1.0001428e-06
0.97033376,1.0,1.0001454e-06
0.96988714,1.0,1.0001479e-06
0.96976864,1.0,1.0001504e-06
0.9693969,1.0,1.000153e-06
0.9696719,1.0,1.0001557e-06
0.96980184,1.0,1.0001585e-06
0.9701758,1.0,1.0001612e-06
0.96959037,1.0,1.0001639e-06
0.97013676,1.0,1.0001668e-06
0.9698614,1.0,1.0001696e-06
0.9695422,1.0,1.0001725e-06
0.9698132,1.0,1.0001754e-06
0.9695592,1.0,1.0001784e-06
0.96951187,1.0,1.0001813e-06
0.9692432,1.0,1.0001843e-06
0.9693733,1.0,1.0001872e-06
0.96923953,1.0,1.0001903e-06
0.9697374,1.0,1.0001934e-06
0.96924853,1.0,1.0001964e-06
0.96854323,1.0,1.0001996e-06
0.96924424,1.0,1.0002028e-06
0.96929586,1.0,1.000206e-06
0.96910536,1.0,1.0002093e-06
0.9692223,1.0,1.0002126e-06
0.9687782,1.0,1.0002159e-06
0.9689088,1.0,1.0002193e-06
0.9687446,1.0,1.0002228e-06
0.96894264,1.0,1.0002262e-06
0.96883315,1.0,1.0002298e-06
0.96899176,1.0,1.0002334e-06
0.9688644,1.0,1.0002369e-06
0.9682442,1.0,1.0002406e-06
0.96875495,1.0,1.0002443e-06
0.96879035,1.0,1.0002481e-06
0.96833545,1.0,1.0002517e-06
0.96879786,1.0,1.0002556e-06
0.9685483,1.0,1.0002594e-06
0.9684457,1.0,1.0002632e-06
0.9686134,1.0,1.0002672e-06
0.96810865,1.0,1.000271e-06
0.9682123,1.0,1.000275e-06
0.9681221,1.0,1.000279e-06
0.9681966,1.0,1.0002831e-06
0.96794033,1.0,1.000287e-06
0.96779627,1.0,1.0002911e-06
0.96803737,1.0,1.0002952e-06
0.96822315,1.0,1.0002993e-06
0.967993,1.0,1.0003035e-06
0.96778214,1.0,1.0003076e-06
0.9676588,1.0,1.000312e-06
0.96784526,1.0,1.0003162e-06
0.96757126,1.0,1.0003206e-06
0.968028,1.0,1.000325e-06
0.9676107,1.0,1.0003293e-06
0.9682558,1.0,1.0003339e-06
0.9679349,1.0,1.0003384e-06
0.967713,1.0,1.000343e-06
0.96785474,1.0,1.0003475e-06
0.96767414,1.0,1.0003522e-06
0.96763355,1.0,1.0003569e-06
0.9677742,1.0,1.0003616e-06
0.9674271,1.0,1.0003663e-06
0.96798277,1.0,1.0003713e-06
0.96740854,1.0,1.0003761e-06
0.9672306,1.0,1.0003811e-06
0.96733475,1.0,1.000386e-06
0.9673021,1.0,1.0003909e-06
0.96740335,1.0,1.0003959e-06
0.96722883,1.0,1.0004007e-06
0.9670174,1.0,1.0004059e-06
0.9669501,1.0,1.0004107e-06
0.96701926,1.0,1.0004158e-06
0.9669434,1.0,1.0004209e-06
0.96686846,1.0,1.0004259e-06
0.96663374,1.0,1.000431e-06
0.9666091,1.0,1.000436e-06
0.966706,1.0,1.0004412e-06
0.9666843,1.0,1.0004464e-06
0.9667532,1.0,1.0004517e-06
0.96654916,1.0,1.0004571e-06
0.9663903,1.0,1.0004625e-06
0.9663698,1.0,1.0004678e-06
0.96663994,1.0,1.0004733e-06
0.96643776,1.0,1.0004787e-06
0.96657884,1.0,1.0004843e-06
0.9656019,1.0,1.0004899e-06
0.96644413,1.0,1.0004954e-06
0.9659933,1.0,1.0005011e-06
0.9660822,1.0,1.0005068e-06
0.9662832,1.0,1.0005125e-06
0.9665607,1.0,1.0005183e-06
0.96601385,1.0,1.0005243e-06
0.9664081,1.0,1.0005301e-06
0.9659077,1.0,1.000536e-06
0.9659396,1.0,1.0005419e-06
0.9659223,1.0,1.0005479e-06
0.9654161,1.0,1.0005539e-06
0.96565574,1.0,1.0005597e-06
0.96570045,1.0,1.0005657e-06
0.9659275,1.0,1.0005716e-06
0.9655715,1.0,1.0005775e-06
0.9660712,1.0,1.0005834e-06
0.96564454,1.0,1.0005894e-06
0.9659654,1.0,1.0005955e-06
0.96553385,1.0,1.0006016e-06
0.96536046,1.0,1.0006075e-06
1.0,1.0,1.0000746e-06
1.0,1.0,1.0000746e-06
1.0,1.0,1.0000746e-06
1.0,1.0,1.0000746e-06
1.0,1.0,1.0000745e-06
1.0,1.0,1.0000745e-06
1.0,1.0,1.0000745e-06
1.0,1.0,1.0000743e-06
1.0,1.0,1.0000743e-06
1.0,1.0,1.0000742e-06
1.0,1.0,1.0000742e-06
1.0,1.0,1.0000741e-06
1.0,1.0,1.000074e-06
1.0,1.0,1.000074e-06
1.0,1.0,1.0000739e-06
1.0,1.0,1.0000738e-06
1.0,1.0,1.0000737e-06
1.0,1.0,1.0000736e-06
1.0,1.0,1.0000733e-06
1.0,1.0,1.0000732e-06
1.0,1.0,1.0000731e-06
1.0,1.0,1.0000729e-06
1.0,1.0,1.0000728e-06
1.0,1.0,1.0000725e-06
1.0,1.0,1.0000724e-06
1.0,1.0,1.0000722e-06
1.0,1.0,1.000072e-06
1.0,1.0,1.0000718e-06
1.0,1.0,1.0000716e-06
1.0,1.0,1.0000714e-06
1.0,1.0,1.0000712e-06
1.0,1.0,1.0000708e-06
1.0,1.0,1.0000706e-06
1.0,1.0,1.0000704e-06
1.0,1.0,1.00007e-06
1.0,1.0,1.0000698e-06
1.0,1.0,1.0000695e-06
1.0,1.0,1.0000692e-06
1.0,1.0,1.0000689e-06
1.0,1.0,1.0000686e-06
0.9998668,1.0,1.0000682e-06
0.9999173,1.0,1.000068e-06
0.9996809,1.0,1.0000676e-06
0.99955213,1.0,1.0000672e-06
0.99938416,1.0,1.0000668e-06
0.9992679,1.0,1.0000665e-06
0.9996813,1.0,1.0000662e-06
0.9994459,1.0,1.0000657e-06
0.9994216,1.0,1.0000654e-06
0.99913484,1.0,1.0000649e-06
0.99880046,1.0,1.0000646e-06
0.9987226,1.0,1.0000641e-06
0.9989077,1.0,1.0000637e-06
0.9985717,1.0,1.0000633e-06
0.9984304,1.0,1.0000629e-06
0.99860966,1.0,1.0000624e-06
0.998494,1.0,1.000062e-06
0.9984393,1.0,1.0000615e-06
0.99849033,1.0,1.000061e-06
0.99810207,1.0,1.0000605e-06
0.9979409,1.0,1.00006e-06
0.9980906,1.0,1.0000596e-06
0.9979748,1.0,1.000059e-06
0.99742,1.0,1.0000585e-06
0.99753344,1.0,1.000058e-06
0.9972147,1.0,1.0000575e-06
0.99731547,1.0,1.000057e-06
0.9971001,1.0,1.0000564e-06
0.99571174,1.0,1.0000559e-06
0.9969518,1.0,1.0000554e-06
0.9967597,1.0,1.0000548e-06
0.99656796,1.0,1.0000542e-06
0.99672467,1.0,1.0000537e-06
0.9962353,1.0,1.0000531e-06
0.99586815,1.0,1.0000525e-06
0.996195,1.0,1.000052e-06
0.99586767,1.0,1.0000514e-06
0.9957652,1.0,1.0000508e-06
0.9958059,1.0,1.0000502e-06
0.9953986,1.0,1.0000496e-06
0.99524885,1.0,1.000049e-06
0.99549466,1.0,1.0000484e-06
0.99509096,1.0,1.0000479e-06
0.99500084,1.0,1.0000472e-06
0.9950212,1.0,1.0000466e-06
0.9948289,1.0,1.000046e-06
0.99500066,1.0,1.0000454e-06
0.9948171,1.0,1.0000448e-06
0.9945764,1.0,1.0000441e-06
0.99456066,1.0,1.0000435e-06
0.99425745,1.0,1.0000429e-06
0.9941332,1.0,1.0000423e-06
0.99412763,1.0,1.0000416e-06
0.9937284,1.0,1.000041e-06
0.99358684,1.0,1.0000405e-06
0.9938771,1.0,1.0000398e-06
0.9934508,1.0,1.0000392e-06
0.993368,1.0,1.0000385e-06
0.99327433,1.0,1.000038e-06
0.99276143,1.0,1.0000373e-06
0.9928328,1.0,1.0000367e-06
0.9927832,1.0,1.000036e-06
0.9924607,1.0,1.0000355e-06
0.9924996,1.0,1.0000349e-06
0.99126834,1.0,1.0000342e-06
0.9922686,1.0,1.0000336e-06
0.9921635,1.0,1.0000331e-06
0.9919826,1.0,1.0000324e-06
0.99174917,1.0,1.0000318e-06
0.99182266,1.0,1.0000313e-06
0.9916069,1.0,1.0000307e-06
0.99147373,1.0,1.00003e-06
0.9914171,1.0,1.0000294e-06
0.99117,1.0,1.0000289e-06
0.9909168,1.0,1.0000283e-06
0.9910652,1.0,1.0000277e-06
0.9907048,1.0,1.0000272e-06
0.99037254,1.0,1.0000266e-06
0.9905415,1.0,1.000026e-06
0.9901188,1.0,1.0000256e-06
0.9898323,1.0,1.000025e-06
0.99008155,1.0,1.0000244e-06
0.989519,1.0,1.0000239e-06
0.9892519,1.0,1.0000234e-06
0.98924184,1.0,1.0000228e-06
0.9890182,1.0,1.0000224e-06
0.9888752,1.0,1.0000218e-06
0.9887318,1.0,1.0000214e-06
0.98840046,1.0,1.0000209e-06
0.9884798,1.0,1.0000203e-06
0.9883785,1.0,1.0000199e-06
0.98813844,1.0,1.0000194e-06
0.9882111,1.0,1.000019e-06
0.9878563,1.0,1.0000185e-06
0.9877411,1.0,1.0000181e-06
0.98797256,1.0,1.0000176e-06
0.9874858,1.0,1.0000172e-06
0.98726964,1.0,1.0000167e-06
0.98740405,1.0,1.0000164e-06
0.98692083,1.0,1.0000159e-06
0.98684776,1.0,1.0000156e-06
0.9866819,1.0,1.0000151e-06
0.98633265,1.0,1.0000148e-06
0.98611796,1.0,1.0000143e-06
0.9861744,1.0,1.000014e-06
0.98591137,1.0,1.0000136e-06
0.98551494,1.0,1.0000133e-06
0.985424,1.0,1.000013e-06
0.98519063,1.0,1.0000125e-06
0.98502195,1.0,1.0000122e-06
0.98483217,1.0,1.0000119e-06
0.9845864,1.0,1.0000116e-06
0.98439395,1.0,1.0000113e-06
0.98426247,1.0,1.0000109e-06
0.98403597,1.0,1.0000107e-06
0.98421746,1.0,1.0000103e-06
0.983774,1.0,1.00001e-06
0.9834272,1.0,1.0000098e-06
0.98353565,1.0,1.0000095e-06
0.98322064,1.0,1.0000092e-06
0.983108,1.0,1.000009e-06
0.9829808,1.0,1.0000088e-06
0.9825458,1.0,1.0000084e-06
0.9820262,1.0,1.0000082e-06
0.98212117,1.0,1.000008e-06
0.98163813,1.0,1.0000077e-06
0.9814748,1.0,1.0000075e-06
0.98140365,1.0,1.0000073e-06
0.9810812,1.0,1.0000072e-06
0.98108715,1.0,1.0000069e-06
0.9807915,1.0,1.0000067e-06
0.9804417,1.0,1.0000065e-06
0.98043275,1.0,1.0000064e-06
0.9800787,1.0,1.0000061e-06
0.9798884,1.0,1.0000059e-06
0.98007894,1.0,1.0000058e-06
0.9795719,1.0,1.0000056e-06
0.9793038,1.0,1.0000055e-06
0.97948515,1.0,1.0000053e-06
0.9789669,1.0,1.0000051e-06
0.97874904,1.0,1.000005e-06
0.978777,1.0,1.0000049e-06
0.9782548,1.0,1.0000047e-06
0.97808856,1.0,1.0000045e-06
0.97805095,1.0,1.0000044e-06
0.9777481,1.0,1.0000043e-06
0.9775568,1.0,1.0000042e-06
0.97696084,1.0,1.0000041e-06
0.9767923,1.0,1.000004e-06
0.9767521,1.0,1.0000039e-06
0.9765034,1.0,1.0000037e-06
0.97642326,1.0,1.0000036e-06
0.976479,1.0,1.0000035e-06
0.97601676,1.0,1.0000034e-06
0.9755967,1.0,1.0000033e-06
0.97571754,1.0,1.0000032e-06
0.9719557,1.0,1.0000032e-06
0.973121,1.0,1.0000031e-06
0.97363037,1.0,1.000003e-06
0.97360104,1.0,1.0000028e-06
0.973607,1.0,1.0000028e-06
0.9738178,1.0,1.0000027e-06
0.9735242,1.0,1.0000026e-06
0.972983,1.0,1.0000026e-06
0.97338337,1.0,1.0000025e-06
0.97308356,1.0,1.0000025e-06
0.9729772,1.0,1.0000024e-06
0.97294813,1.0,1.0000023e-06
0.9727465,1.0,1.0000023e-06
0.9726947,1.0,1.0000022e-06
0.97235364,1.0,1.0000022e-06
0.9721122,1.0,1.0000022e-06
0.972204,1.0,1.000002e-06
0.9717414,1.0,1.000002e-06
0.9715612,1.0,1.0000019e-06
0.97147876,1.0,1.0000019e-06
0.9711053,1.0,1.0000018e-06
0.9710983,1.0,1.0000018e-06
0.9711916,1.0,1.0000018e-06
0.97071886,1.0,1.0000017e-06
0.9706185,1.0,1.0000017e-06
0.9705756,1.0,1.0000017e-06
0.9700653,1.0,1.0000016e-06
0.96996015,1.0,1.0000016e-06
0.96986145,1.0,1.0000016e-06
0.96957636,1.0,1.0000015e-06
0.9692932,1.0,1.0000015e-06
0.9689991,1.0,1.0000015e-06
0.96868545,1.0,1.0000015e-06
0.9685728,1.0,1.0000014e-06
0.9682678,1.0,1.0000014e-06
0.9681081,1.0,1.0000014e-06
0.9680368,1.0,1.0000014e-06
0.9676557,1.0,1.0000014e-06
0.9673446,1.0,1.0000012e-06
0.9672204,1.0,1.0000012e-06
0.96665317,1.0,1.0000012e-06
0.9664037,1.0,1.0000012e-06
0.96632516,1.0,1.0000012e-06
0.96588475,1.0,1.0000011e-06
0.96574205,1.0,1.0000011e-06
0.9655304,1.0,1.0000011e-06
0.9651364,1.0,1.0000011e-06
0.9650617,1.0,1.0000011e-06
0.96469355,1.0,1.0000011e-06
0.96446294,1.0,1.0000011e-06
0.9644677,1.0,1.000001e-06
0.9639162,1.0,1.000001e-06
0.96367437,1.0,1.000001e-06
0.96370447,1.0,1.000001e-06
0.9631129,1.0,1.000001e-06
0.962837,1.0,1.000001e-06
0.9624592,1.0,1.000001e-06
0.96196157,1.0,1.000001e-06
0.9616345,1.0,1.000001e-06
0.9616456,1.0,1.000001e-06
0.9611857,1.0,1.000001e-06
0.960895,1.0,1.000001e-06
0.96061134,1.0,1.000001e-06
0.9601367,1.0,1.0000009e-06
0.95988655,1.0,1.0000009e-06
0.95952034,1.0,1.0000009e-06
0.959037,1.0,1.0000009e-06
0.95914567,1.0,1.0000009e-06
0.9586399,1.0,1.0000009e-06
0.95823115,1.0,1.0000009e-06
0.9584093,1.0,1.0000009e-06
0.9577397,1.0,1.0000009e-06
0.9572913,1.0,1.0000009e-06
0.95733875,1.0,1.0000009e-06
0.9568105,1.0,1.0000009e-06
0.95631236,1.0,1.0000009e-06
0.9562038,1.0,1.0000009e-06
0.95571834,1.0,1.0000009e-06
0.9543971,1.0,1.0000009e-06
0.9551348,1.0,1.0000009e-06
0.95478207,1.0,1.0000009e-06
0.95450604,1.0,1.0000009e-06
0.9540607,1.0,1.0000009e-06
0.95374304,1.0,1.0000009e-06
0.95361036,1.0,1.0000009e-06
0.95301646,1.0,1.000001e-06
0.95268327,1.0,1.000001e-06
0.95235777,1.0,1.000001e-06
0.9517559,1.0,1.000001e-06
0.95141715,1.0,1.000001e-06
0.95113176,1.0,1.000001e-06
0.95059395,1.0,1.000001e-06
0.9503782,1.0,1.000001e-06
0.9499635,1.0,1.000001e-06
0.94940066,1.0,1.000001e-06
0.949115,1.0,1.000001e-06
0.94873273,1.0,1.000001e-06
0.9481825,1.0,1.000001e-06
0.9483657,1.0,1.000001e-06
0.947522,1.0,1.0000011e-06
0.9470749,1.0,1.0000011e-06
0.9470733,1.0,1.0000011e-06
0.9463948,1.0,1.0000011e-06
0.9458706,1.0,1.0000011e-06
0.945684,1.0,1.0000011e-06
0.9449084,1.0,1.0000011e-06
0.9447306,1.0,1.0000011e-06
0.9443761,1.0,1.0000012e-06
0.94389594,1.0,1.0000012e-06
0.9433787,1.0,1.0000012e-06
0.94277364,1.0,1.0000012e-06
0.9420792,1.0,1.0000012e-06
0.9419838,1.0,1.0000012e-06
0.9412942,1.0,1.0000014e-06
0.9405417,1.0,1.0000014e-06
0.9405003,1.0,1.0000014e-06
0.9399526,1.0,1.0000014e-06
0.9395319,1.0,1.0000014e-06
0.9391904,1.0,1.0000015e-06
0.93834573,1.0,1.0000015e-06
0.938149,1.0,1.0000015e-06
0.9376696,1.0,1.0000015e-06
0.9371448,1.0,1.0000016e-06
0.93668234,1.0,1.0000016e-06
0.9355442,1.0,1.0000016e-06
0.935442,1.0,1.0000016e-06
0.9348858,1.0,1.0000017e-06
0.93360555,1.0,1.0000017e-06
0.9335731,1.0,1.0000017e-06
0.9330688,1.0,1.0000018e-06
0.93292195,1.0,1.0000018e-06
0.9322456,1.0,1.0000018e-06
0.9319225,1.0,1.0000019e-06
0.9307429,1.0,1.0000019e-06
0.9305543,1.0,1.0000019e-06
0.9300764,1.0,1.000002e-06
0.92890483,1.0,1.000002e-06
0.9285892,1.0,1.000002e-06
0.9273703,1.0,1.0000022e-06
0.9272705,1.0,1.0000022e-06
0.92710686,1.0,1.0000022e-06
0.9261055,1.0,1.0000023e-06
0.9260165,1.0,1.0000023e-06
0.9257695,1.0,1.0000024e-06
0.92450315,1.0,1.0000024e-06
0.9232749,1.0,1.0000025e-06
0.9232073,1.0,1.0000025e-06
0.9229675,1.0,1.0000025e-06
0.9222706,1.0,1.0000026e-06
0.9207777,1.0,1.0000026e-06
0.92007756,1.0,1.0000027e-06
0.91966164,1.0,1.0000027e-06
0.91931725,1.0,1.0000028e-06
0.9181012,1.0,1.0000028e-06
0.9176104,1.0,1.000003e-06
0.91745466,1.0,1.000003e-06
0.91662467,1.0,1.0000031e-06
0.91596764,1.0,1.0000031e-06
0.9151419,1.0,1.0000032e-06
0.9139973,1.0,1.0000033e-06
0.9135514,1.0,1.0000033e-06
0.91242737,1.0,1.0000034e-06
0.91121125,1.0,1.0000034e-06
0.9112222,1.0,1.0000035e-06
0.91030556,1.0,1.0000035e-06
0.9097245,1.0,1.0000036e-06
0.9090375,1.0,1.0000037e-06
0.908295,1.0,1.0000037e-06
0.90714675,1.0,1.0000039e-06
0.907147,1.0,1.0000039e-06
0.9063037,1.0,1.000004e-06
0.90561646,1.0,1.000004e-06
0.9045311,1.0,1.0000041e-06
0.9034682,1.0,1.0000042e-06
0.90267813,1.0,1.0000042e-06
0.90197414,1.0,1.0000043e-06
0.90082073,1.0,1.0000044e-06
0.9002581,1.0,1.0000044e-06
0.89930254,1.0,1.0000045e-06
0.89857715,1.0,1.0000045e-06
0.89760756,1.0,1.0000047e-06
0.896708,1.0,1.0000048e-06
0.8956566,1.0,1.0000048e-06
0.8947304,1.0,1.0000049e-06
0.893476,1.0,1.0000049e-06
0.8924733,1.0,1.000005e-06
0.892217,1.0,1.0000051e-06
0.89068246,1.0,1.0000051e-06
0.8900613,1.0,1.0000052e-06
0.8892437,1.0,1.0000052e-06
0.8878502,1.0,1.0000053e-06
0.8870594,1.0,1.0000053e-06
0.88604075,1.0,1.0000055e-06
0.88518757,1.0,1.0000056e-06
0.8839388,1.0,1.0000056e-06
0.88309133,1.0,1.0000057e-06
0.8814271,1.0,1.0000057e-06
0.88049173,1.0,1.0000058e-06
0.8794293,1.0,1.0000058e-06
0.8780061,1.0,1.0000059e-06
0.8771629,1.0,1.0000059e-06
0.8756378,1.0,1.000006e-06
0.87450653,1.0,1.000006e-06
0.87352186,1.0,1.0000061e-06
0.8720258,1.0,1.0000061e-06
0.87079185,1.0,1.0000061e-06
0.8698761,1.0,1.0000063e-06
0.8683982,1.0,1.0000063e-06
0.8666526,1.0,1.0000064e-06
0.8655707,1.0,1.0000064e-06
0.8639829,1.0,1.0000064e-06
0.86263454,1.0,1.0000065e-06
0.8612688,1.0,1.0000065e-06
0.85989785,1.0,1.0000065e-06
0.85834795,1.0,1.0000066e-06
0.8572604,1.0,1.0000066e-06
0.8554824,1.0,1.0000066e-06
0.853806,1.0,1.0000067e-06
0.85241854,1.0,1.0000067e-06
0.85083354,1.0,1.0000067e-06
0.84917164,1.0,1.0000067e-06
0.84757507,1.0,1.0000067e-06
0.84485173,1.0,1.0000068e-06
0.8443407,1.0,1.0000068e-06
0.8430245,1.0,1.0000068e-06
0.84095174,1.0,1.0000068e-06
0.8392779,1.0,1.0000068e-06
0.8376635,1.0,1.0000068e-06
0.8357606,1.0,1.0000068e-06
0.83417094,1.0,1.0000068e-06
0.8331357,1.0,1.0000068e-06
0.83113146,1.0,1.0000069e-06
0.8293492,1.0,1.0000069e-06
0.8275411,1.0,1.0000069e-06
0.82596844,1.0,1.0000069e-06
0.8240779,1.0,1.0000069e-06
0.82265013,1.0,1.0000068e-06
0.82098675,1.0,1.0000068e-06
0.81867826,1.0,1.0000068e-06
0.8179678,1.0,1.0000068e-06
0.8163833,1.0,1.0000068e-06
0.8147188,1.0,1.0000068e-06
0.81218314,1.0,1.0000068e-06
0.81150806,1.0,1.0000068e-06
0.80986387,1.0,1.0000068e-06
0.80843115,1.0,1.0000068e-06
0.8061203,1.0,1.0000067e-06
0.8050368,1.0,1.0000067e-06
0.80305254,1.0,1.0000067e-06
0.8016516,1.0,1.0000067e-06
0.80003756,1.0,1.0000067e-06
0.79766047,1.0,1.0000066e-06
0.796685,1.0,1.0000066e-06
0.7942046,1.0,1.0000066e-06
0.79357064,1.0,1.0000066e-06
0.7920999,1.0,1.0000065e-06
0.7904379,1.0,1.0000065e-06
0.7889962,1.0,1.0000065e-06
0.7874798,1.0,1.0000064e-06
0.78550404,1.0,1.0000064e-06
0.7841669,1.0,1.0000064e-06
0.7825049,1.0,1.0000064e-06
0.78028727,1.0,1.0000063e-06
0.7795428,1.0,1.0000063e-06
0.77794945,1.0,1.0000063e-06
0.77640057,1.0,1.0000061e-06
0.77477473,1.0,1.0000061e-06
0.7734175,1.0,1.000006e-06
0.7718016,1.0,1.000006e-06
0.77012455,1.0,1.000006e-06
0.76861906,1.0,1.0000059e-06
0.76713717,1.0,1.0000059e-06
0.765627,1.0,1.0000059e-06
1.0,1.0,1.0000746e-06
1.0,1.0,1.0000746e-06
1.0,1.0,1.0000746e-06
1.0,1.0,1.0000746e-06
1.0,1.0,1.0000746e-06
1.0,1.0,1.0000746e-06
1.0,1.0,1.0000745e-06
1.0,1.0,1.0000745e-06
1.0,1.0,1.0000745e-06
1.0,1.0,1.0000743e-06
1.0,1.0,1.0000742e-06
1.0,1.0,1.0000742e-06
1.0,1.0,1.0000741e-06
1.0,1.0,1.000074e-06
1.0,1.0,1.0000739e-06
1.0,1.0,1.0000738e-06
1.0,1.0,1.0000737e-06
1.0,1.0,1.0000736e-06
1.0,1.0,1.0000734e-06
1.0,1.0,1.0000733e-06
1.0,1.0,1.0000731e-06
1.0,1.0,1.000073e-06
1.0,1.0,1.0000729e-06
1.0,1.0,1.0000726e-06
1.0,1.0,1.0000724e-06
1.0,1.0,1.0000723e-06
1.0,1.0,1.0000721e-06
1.0,1.0,1.0000718e-06
1.0,1.0,1.0000716e-06
1.0,1.0,1.0000714e-06
1.0,1.0,1.0000712e-06
1.0,1.0,1.0000709e-06
1.0,1.0,1.0000707e-06
1.0,1.0,1.0000704e-06
1.0,1.0,1.0000701e-06
1.0,1.0,1.0000699e-06
1.0,1.0,1.0000696e-06
1.0,1.0,1.0000692e-06
1.0,1.0,1.000069e-06
1.0,1.0,1.0000687e-06
1.0,1.0,1.0000683e-06
1.0,1.0,1.000068e-06
1.0,1.0,1.0000676e-06
1.0,1.0,1.0000673e-06
1.0,1.0,1.000067e-06
1.0,1.0,1.0000666e-06
1.0,1.0,1.0000663e-06
1.0,1.0,1.0000658e-06
1.0,1.0,1.0000655e-06
1.0,1.0,1.000065e-06
1.0,1.0,1.0000647e-06
1.0,1.0,1.0000642e-06
1.0,1.0,1.0000638e-06
1.0,1.0,1.0000633e-06
1.0,1.0,1.0000629e-06
1.0,1.0,1.0000624e-06
1.0,1.0,1.000062e-06
1.0,1.0,1.0000615e-06
1.0,1.0,1.000061e-06
1.0,1.0,1.0000606e-06
1.0,1.0,1.0000601e-06
1.0,1.0,1.0000596e-06
1.0,1.0,1.0000591e-06
1.0,1.0,1.0000585e-06
1.0,1.0,1.0000581e-06
1.0,1.0,1.0000575e-06
1.0,1.0,1.0000571e-06
1.0,1.0,1.0000565e-06
1.0,1.0,1.0000559e-06
1.0,1.0,1.0000554e-06
1.0,1.0,1.0000549e-06
1.0,1.0,1.0000543e-06
1.0,1.0,1.0000538e-06
1.0,1.0,1.0000532e-06
1.0,1.0,1.0000526e-06
1.0,1.0,1.0000521e-06
1.0,1.0,1.0000515e-06
1.0,1.0,1.0000508e-06
1.0,1.0,1.0000502e-06
1.0,1.0,1.0000497e-06
1.0,1.0,1.0000491e-06
1.0,1.0,1.0000484e-06
1.0,1.0,1.0000479e-06
1.0,1.0,1.0000473e-06
1.0,1.0,1.0000467e-06
1.0,1.0,1.000046e-06
1.0,1.0,1.0000455e-06
1.0,1.0,1.0000448e-06
1.0,1.0,1.0000442e-06
1.0,1.0,1.0000435e-06
1.0,1.0,1.000043e-06
1.0,1.0,1.0000424e-06
1.0,1.0,1.0000417e-06
0.9999837,1.0,1.0000412e-06
0.9999391,1.0,1.0000405e-06
0.9999504,1.0,1.0000399e-06
0.9999789,1.0,1.0000392e-06
0.9999327,1.0,1.0000387e-06
0.999926,1.0,1.000038e-06
0.9998896,1.0,1.0000374e-06
0.9998251,1.0,1.0000367e-06
0.99977607,1.0,1.0000361e-06
0.99972063,1.0,1.0000356e-06
0.99964434,1.0,1.0000349e-06
0.9996294,1.0,1.0000343e-06
0.9995911,1.0,1.0000338e-06
0.9995704,1.0,1.0000331e-06
0.99954754,1.0,1.0000325e-06
0.9996459,1.0,1.000032e-06
0.9997486,1.0,1.0000313e-06
0.9997474,1.0,1.0000307e-06
0.99957436,1.0,1.0000301e-06
0.9994236,1.0,1.0000296e-06
0.99934244,1.0,1.000029e-06
0.9991863,1.0,1.0000284e-06
0.99927044,1.0,1.0000279e-06
0.9993993,1.0,1.0000273e-06
0.9994913,1.0,1.0000267e-06
0.9995129,1.0,1.0000261e-06
0.9995003,1.0,1.0000256e-06
0.9993855,1.0,1.0000251e-06
0.9993099,1.0,1.0000246e-06
0.9991803,1.0,1.000024e-06
0.99900603,1.0,1.0000235e-06
0.99897194,1.0,1.000023e-06
0.99893653,1.0,1.0000225e-06
0.99893314,1.0,1.0000219e-06
0.99887514,1.0,1.0000215e-06
0.99879277,1.0,1.0000209e-06
0.9987497,1.0,1.0000205e-06
0.99869436,1.0,1.00002e-06
0.9986237,1.0,1.0000196e-06
0.9985856,1.0,1.0000191e-06
0.99859387,1.0,1.0000186e-06
0.9986038,1.0,1.0000182e-06
0.9986992,1.0,1.0000177e-06
0.9988097,1.0,1.0000173e-06
0.99879783,1.0,1.0000168e-06
0.998653,1.0,1.0000164e-06
0.9984952,1.0,1.000016e-06
0.9983332,1.0,1.0000156e-06
0.9982337,1.0,1.0000152e-06
0.9983837,1.0,1.0000148e-06
0.9986102,1.0,1.0000144e-06
0.9986727,1.0,1.0000141e-06
0.99874485,1.0,1.0000136e-06
0.9987998,1.0,1.0000133e-06
0.998729,1.0,1.000013e-06
0.99863297,1.0,1.0000126e-06
0.998517,1.0,1.0000123e-06
0.99820596,1.0,1.0000119e-06
0.99804485,1.0,1.0000116e-06
0.9979628,1.0,1.0000114e-06
0.9978747,1.0,1.000011e-06
0.9978148,1.0,1.0000107e-06
0.99775976,1.0,1.0000105e-06
0.9977071,1.0,1.0000101e-06
0.9976969,1.0,1.0000099e-06
0.9976332,1.0,1.0000095e-06
0.9975894,1.0,1.0000093e-06
0.99761254,1.0,1.000009e-06
0.9976214,1.0,1.0000088e-06
0.99768007,1.0,1.0000085e-06
0.99781215,1.0,1.0000083e-06
0.9978131,1.0,1.0000081e-06
0.9976444,1.0,1.0000078e-06
0.9974381,1.0,1.0000076e-06
0.99729425,1.0,1.0000074e-06
0.9972277,1.0,1.0000072e-06
0.99719965,1.0,1.0000069e-06
0.99729437,1.0,1.0000067e-06
0.997393,1.0,1.0000066e-06
0.99745655,1.0,1.0000064e-06
0.99741864,1.0,1.0000061e-06
0.99740434,1.0,1.000006e-06
0.9973103,1.0,1.0000058e-06
0.99723554,1.0,1.0000057e-06
0.99697036,1.0,1.0000055e-06
0.99687755,1.0,1.0000053e-06
0.99686414,1.0,1.0000052e-06
0.99679476,1.0,1.000005e-06
0.99673945,1.0,1.0000049e-06
0.9966777,1.0,1.0000048e-06
0.9965884,1.0,1.0000047e-06
0.9965112,1.0,1.0000044e-06
0.99647504,1.0,1.0000043e-06
0.99642247,1.0,1.0000042e-06
0.99643487,1.0,1.0000041e-06
0.9964097,1.0,1.000004e-06
0.9964391,1.0,1.0000039e-06
0.9965582,1.0,1.0000037e-06
0.9966036,1.0,1.0000036e-06
0.99648285,1.0,1.0000035e-06
0.9962753,1.0,1.0000034e-06
0.9961263,1.0,1.0000033e-06
0.99604326,1.0,1.0000033e-06
0.99600875,1.0,1.0000032e-06
0.9961358,1.0,1.0000031e-06
0.99621063,1.0,1.000003e-06
0.99627334,1.0,1.000003e-06
0.99627566,1.0,1.0000028e-06
0.99624044,1.0,1.0000027e-06
0.9961956,1.0,1.0000027e-06
0.9961583,1.0,1.0000026e-06
0.99592745,1.0,1.0000025e-06
0.99571806,1.0,1.0000025e-06
0.99565035,1.0,1.0000024e-06
0.99559784,1.0,1.0000024e-06
0.9955378,1.0,1.0000023e-06
0.9955158,1.0,1.0000023e-06
0.99546576,1.0,1.0000022e-06
0.9953995,1.0,1.0000022e-06
0.99533886,1.0,1.000002e-06
0.9952884,1.0,1.000002e-06
0.9952355,1.0,1.0000019e-06
0.9951711,1.0,1.0000019e-06
0.9951651,1.0,1.0000019e-06
0.99525297,1.0,1.0000018e-06
0.99530435,1.0,1.0000018e-06
0.9952116,1.0,1.0000017e-06
0.9950419,1.0,1.0000017e-06
0.9950532,1.0,1.0000017e-06
0.994985,1.0,1.0000016e-06
0.99488926,1.0,1.0000016e-06
0.9949115,1.0,1.0000016e-06
0.9949942,1.0,1.0000016e-06
0.9951033,1.0,1.0000015e-06
0.99515545,1.0,1.0000015e-06
0.9951776,1.0,1.0000015e-06
0.9951464,1.0,1.0000015e-06
0.9951612,1.0,1.0000014e-06
0.9949741,1.0,1.0000014e-06
0.9946521,1.0,1.0000014e-06
0.9944485,1.0,1.0000014e-06
0.9943894,1.0,1.0000012e-06
0.99432117,1.0,1.0000012e-06
0.9942983,1.0,1.0000012e-06
0.994253,1.0,1.0000012e-06
0.99419564,1.0,1.0000012e-06
0.9941334,1.0,1.0000012e-06
0.9940902,1.0,1.0000011e-06
0.99404764,1.0,1.0000011e-06
0.9940286,1.0,1.0000011e-06
0.993977,1.0,1.0000011e-06
0.9939947,1.0,1.0000011e-06
0.9939467,1.0,1.0000011e-06
0.99394745,1.0,1.0000011e-06
0.99397427,1.0,1.0000011e-06
0.99391115,1.0,1.000001e-06
0.9938683,1.0,1.000001e-06
0.9937123,1.0,1.000001e-06
0.99368876,1.0,1.000001e-06
0.9937343,1.0,1.000001e-06
0.99374133,1.0,1.000001e-06
0.9937469,1.0,1.000001e-06
0.9937308,1.0,1.000001e-06
0.99368626,1.0,1.000001e-06
0.993658,1.0,1.000001e-06
0.9935992,1.0,1.000001e-06
0.99336106,1.0,1.000001e-06
0.99334073,1.0,1.000001e-06
0.99330276,1.0,1.000001e-06
0.99323004,1.0,1.0000009e-06
0.9931599,1.0,1.0000009e-06
0.9931302,1.0,1.0000009e-06
0.9930922,1.0,1.0000009e-06
0.99304533,1.0,1.0000009e-06
0.9929738,1.0,1.0000009e-06
0.99293965,1.0,1.0000009e-06
0.99287057,1.0,1.0000009e-06
0.9929548,1.0,1.0000009e-06
0.993372,1.0,1.0000009e-06
0.9936864,1.0,1.0000009e-06
0.99372,1.0,1.0000009e-06
0.99358463,1.0,1.0000009e-06
0.9935645,1.0,1.0000009e-06
0.99352545,1.0,1.0000009e-06
0.9934977,1.0,1.000001e-06
0.9936943,1.0,1.000001e-06
0.99389553,1.0,1.000001e-06
0.9940087,1.0,1.000001e-06
0.9941343,1.0,1.000001e-06
0.99417233,1.0,1.000001e-06
0.9942082,1.0,1.000001e-06
0.9941929,1.0,1.000001e-06
0.9941489,1.0,1.000001e-06
0.99381536,1.0,1.000001e-06
0.9934831,1.0,1.000001e-06
0.99324185,1.0,1.000001e-06
0.9930434,1.0,1.000001e-06
0.9929056,1.0,1.000001e-06
0.99278545,1.0,1.000001e-06
0.99271715,1.0,1.0000011e-06
0.99267876,1.0,1.0000011e-06
0.992628,1.0,1.0000011e-06
0.9925667,1.0,1.0000011e-06
0.9925063,1.0,1.0000011e-06
0.99242055,1.0,1.0000011e-06
0.9924171,1.0,1.0000011e-06
0.99250215,1.0,1.0000011e-06
0.9924249,1.0,1.0000012e-06
0.9923189,1.0,1.0000012e-06
0.9922074,1.0,1.0000012e-06
0.9921141,1.0,1.0000012e-06
0.99206495,1.0,1.0000012e-06
0.9921712,1.0,1.0000012e-06
0.99234277,1.0,1.0000014e-06
0.9924544,1.0,1.0000014e-06
0.9925293,1.0,1.0000014e-06
0.9925731,1.0,1.0000014e-06
0.9926184,1.0,1.0000014e-06
0.9925903,1.0,1.0000015e-06
0.9926022,1.0,1.0000015e-06
0.99229383,1.0,1.0000015e-06
0.99201924,1.0,1.0000015e-06
0.9917888,1.0,1.0000016e-06
0.9916045,1.0,1.0000016e-06
0.99145526,1.0,1.0000016e-06
0.99136585,1.0,1.0000016e-06
0.9912651,1.0,1.0000017e-06
0.9912034,1.0,1.0000017e-06
0.9911722,1.0,1.0000017e-06
0.99115735,1.0,1.0000017e-06
0.9911161,1.0,1.0000018e-06
0.9910765,1.0,1.0000018e-06
0.99104804,1.0,1.0000018e-06
0.9911736,1.0,1.0000019e-06
0.9911428,1.0,1.0000019e-06
0.9910014,1.0,1.0000019e-06
0.99085236,1.0,1.000002e-06
0.990692,1.0,1.000002e-06
0.99058175,1.0,1.000002e-06
0.99066925,1.0,1.0000022e-06
0.9908018,1.0,1.0000022e-06
0.9909537,1.0,1.0000023e-06
0.9910556,1.0,1.0000023e-06
0.9911035,1.0,1.0000023e-06
0.99111414,1.0,1.0000024e-06
0.9910939,1.0,1.0000024e-06
0.9910764,1.0,1.0000025e-06
0.990824,1.0,1.0000025e-06
0.99050033,1.0,1.0000026e-06
0.99028325,1.0,1.0000026e-06
0.9901195,1.0,1.0000027e-06
0.9900225,1.0,1.0000027e-06
0.9898905,1.0,1.0000028e-06
0.9898196,1.0,1.0000028e-06
0.9897639,1.0,1.000003e-06
0.9897286,1.0,1.000003e-06
0.98969716,1.0,1.0000031e-06
0.9896948,1.0,1.0000031e-06
0.98964465,1.0,1.0000032e-06
0.98966825,1.0,1.0000032e-06
0.98975897,1.0,1.0000033e-06
0.98977286,1.0,1.0000034e-06
0.98961294,1.0,1.0000034e-06
0.98944896,1.0,1.0000035e-06
0.9893205,1.0,1.0000035e-06
0.98917776,1.0,1.0000036e-06
0.9892306,1.0,1.0000037e-06
0.9893455,1.0,1.0000037e-06
0.9894803,1.0,1.0000039e-06
0.9895451,1.0,1.0000039e-06
0.98957235,1.0,1.000004e-06
0.9895639,1.0,1.0000041e-06
0.9895289,1.0,1.0000041e-06
0.98946834,1.0,1.0000042e-06
0.98926145,1.0,1.0000042e-06
0.9889706,1.0,1.0000043e-06
0.98874754,1.0,1.0000044e-06
0.98858213,1.0,1.0000044e-06
0.9884624,1.0,1.0000045e-06
0.9883734,1.0,1.0000047e-06
0.98832995,1.0,1.0000047e-06
0.9882758,1.0,1.0000048e-06
0.98820424,1.0,1.0000049e-06
0.98815477,1.0,1.0000049e-06
0.9880965,1.0,1.000005e-06
0.9880444,1.0,1.0000051e-06
0.98804843,1.0,1.0000051e-06
0.9881311,1.0,1.0000052e-06
0.98814875,1.0,1.0000052e-06
0.98796827,1.0,1.0000053e-06
0.9878255,1.0,1.0000055e-06
0.9877128,1.0,1.0000055e-06
0.98757803,1.0,1.0000056e-06
0.9875687,1.0,1.0000056e-06
0.9876847,1.0,1.0000057e-06
0.9877757,1.0,1.0000058e-06
0.9877757,1.0,1.0000058e-06
0.9877856,1.0,1.0000059e-06
0.9877815,1.0,1.0000059e-06
0.9877265,1.0,1.000006e-06
0.98771805,1.0,1.000006e-06
0.98758006,1.0,1.0000061e-06
0.98732644,1.0,1.0000061e-06
0.9871033,1.0,1.0000063e-06
0.9869453,1.0,1.0000063e-06
0.98682404,1.0,1.0000064e-06
0.98672044,1.0,1.0000064e-06
0.9866524,1.0,1.0000065e-06
0.9865847,1.0,1.0000065e-06
0.98651874,1.0,1.0000066e-06
0.98641837,1.0,1.0000066e-06
0.9863473,1.0,1.0000067e-06
0.98624855,1.0,1.0000067e-06
0.9861828,1.0,1.0000067e-06
0.98614,1.0,1.0000068e-06
0.98605883,1.0,1.0000068e-06
0.98600286,1.0,1.0000068e-06
0.9859174,1.0,1.0000069e-06
0.9858441,1.0,1.0000069e-06
0.98576045,1.0,1.0000069e-06
0.9858005,1.0,1.0000069e-06
0.9859789,1.0,1.000007e-06
0.9859896,1.0,1.000007e-06
0.98612386,1.0,1.000007e-06
0.98617774,1.0,1.000007e-06
0.9864344,1.0,1.0000072e-06
0.986443,1.0,1.0000072e-06
0.9861487,1.0,1.0000072e-06
0.98606116,1.0,1.0000072e-06
0.98588246,1.0,1.0000072e-06
0.9855592,1.0,1.0000072e-06
0.9853055,1.0,1.0000072e-06
0.9851357,1.0,1.0000072e-06
0.9849219,1.0,1.0000073e-06
0.98487747,1.0,1.0000073e-06
0.98373854,1.0,1.0000073e-06
0.9834625,1.0,1.0000073e-06
0.98147196,1.0,1.0000073e-06
0.9815698,1.0,1.0000073e-06
0.9828656,1.0,1.0000072e-06
0.9839327,1.0,1.0000072e-06
0.9833095,1.0,1.0000072e-06
0.9832054,1.0,1.0000072e-06
0.98316735,1.0,1.0000072e-06
0.9831036,1.0,1.0000072e-06
0.9829853,1.0,1.0000072e-06
0.9830056,1.0,1.0000072e-06
0.9828324,1.0,1.000007e-06
0.9828604,1.0,1.000007e-06
0.98294145,1.0,1.000007e-06
0.9829772,1.0,1.000007e-06
0.98300666,1.0,1.000007e-06
0.9829841,1.0,1.0000069e-06
0.9829715,1.0,1.0000069e-06
0.98297775,1.0,1.0000069e-06
0.98280543,1.0,1.0000068e-06
0.9825759,1.0,1.0000068e-06
0.982319,1.0,1.0000068e-06
0.9820767,1.0,1.0000068e-06
0.9820239,1.0,1.0000067e-06
0.9817248,1.0,1.0000067e-06
0.9817945,1.0,1.0000067e-06
0.9817083,1.0,1.0000066e-06
0.9816523,1.0,1.0000066e-06
0.98156226,1.0,1.0000066e-06
0.9814856,1.0,1.0000065e-06
0.9814285,1.0,1.0000065e-06
0.98134303,1.0,1.0000065e-06
0.9812809,1.0,1.0000064e-06
0.98134094,1.0,1.0000064e-06
0.9812223,1.0,1.0000063e-06
0.98105544,1.0,1.0000063e-06
0.9809889,1.0,1.0000063e-06
0.98095286,1.0,1.0000061e-06
0.98083574,1.0,1.0000061e-06
0.9807482,1.0,1.000006e-06
0.9807919,1.0,1.000006e-06
0.9807915,1.0,1.0000059e-06
0.9807286,1.0,1.0000059e-06
0.9803567,1.0,1.0000059e-06
0.98060775,1.0,1.0000058e-06
0.98034114,1.0,1.0000058e-06
0.9803129,1.0,1.0000057e-06
0.9801269,1.0,1.0000057e-06
0.97991157,1.0,1.0000056e-06
0.9798907,1.0,1.0000056e-06
0.9797702,1.0,1.0000056e-06
0.97967017,1.0,1.0000055e-06
0.97955793,1.0,1.0000055e-06
0.97944707,1.0,1.0000053e-06
0.97918576,1.0,1.0000053e-06
0.9792139,1.0,1.0000053e-06
0.97911733,1.0,1.0000052e-06
0.9788559,1.0,1.0000052e-06
0.97884315,1.0,1.0000051e-06
0.9785808,1.0,1.0000051e-06
0.97855735,1.0,1.000005e-06
0.9786365,1.0,1.000005e-06
0.97855604,1.0,1.000005e-06
0.97850084,1.0,1.0000049e-06
0.97836465,1.0,1.0000049e-06
0.97828054,1.0,1.0000048e-06
0.978074,1.0,1.0000048e-06
0.97792333,1.0,1.0000047e-06
0.9782845,1.0,1.0000047e-06
0.9777849,1.0,1.0000047e-06
0.9781204,1.0,1.0000045e-06
0.9780628,1.0,1.0000045e-06
0.9781828,1.0,1.0000044e-06
0.97793144,1.0,1.0000044e-06
0.9776741,1.0,1.0000044e-06
0.9774469,1.0,1.0000043e-06
0.9771649,1.0,1.0000043e-06
0.9769934,1.0,1.0000042e-06
0.9768238,1.0,1.0000042e-06
0.97680706,1.0,1.0000042e-06
0.9765572,1.0,1.0000041e-06
0.9761522,1.0,1.0000041e-06
0.97642016,1.0,1.0000041e-06
0.97618264,1.0,1.000004e-06
0.9760493,1.0,1.000004e-06
0.97590405,1.0,1.0000039e-06
0.9757566,1.0,1.0000039e-06
0.9754677,1.0,1.0000039e-06
0.97553587,1.0,1.0000037e-06
0.9751753,1.0,1.0000037e-06
0.9749641,1.0,1.0000037e-06
0.9751879,1.0,1.0000036e-06
0.97509086,1.0,1.0000036e-06
0.9741268,1.0,1.0000036e-06
0.9745531,1.0,1.0000035e-06
0.9746546,1.0,1.0000035e-06
0.97459894,1.0,1.0000034e-06
0.9746447,1.0,1.0000034e-06
0.97451484,1.0,1.0000034e-06
0.9744249,1.0,1.0000033e-06
0.97406995,1.0,1.0000033e-06
0.9736899,1.0,1.0000033e-06
0.9737679,1.0,1.0000033e-06
0.9735147,1.0,1.0000032e-06
0.9735485,1.0,1.0000032e-06
0.9731534,1.0,1.0000032e-06
0.97309667,1.0,1.0000031e-06
0.9728982,1.0,1.0000031e-06
0.9729147,1.0,1.0000031e-06
0.9727396,1.0,1.000003e-06
0.9725138,1.0,1.000003e-06
0.97241277,1.0,1.000003e-06
0.9721147,1.0,1.000003e-06
0.9720428,1.0,1.0000028e-06
0.9720584,1.0,1.0000028e-06
0.9717839,1.0,1.0000028e-06
0.97177094,1.0,1.0000027e-06
0.9716129,1.0,1.0000027e-06
0.97124225,1.0,1.0000027e-06
0.97095567,1.0,1.0000027e-06
0.97104234,1.0,1.0000026e-06
0.970653,1.0,1.0000026e-06
0.9708055,1.0,1.0000026e-06
0.9703313,1.0,1.0000026e-06
0.9706137,1.0,1.0000025e-06
0.9703895,1.0,1.0000025e-06
0.97007126,1.0,1.0000025e-06
0.9695749,1.0,1.0000025e-06
0.96984214,1.0,1.0000024e-06
0.9696154,1.0,1.0000024e-06
0.9695406,1.0,1.0000024e-06
0.969345,1.0,1.0000024e-06
0.96921355,1.0,1.0000023e-06
0.9689904,1.0,1.0000023e-06
0.9687763,1.0,1.0000023e-06
0.9682374,1.0,1.0000023e-06
0.9683864,1.0,1.0000023e-06
0.96792513,1.0,1.0000022e-06
0.9680913,1.0,1.0000022e-06
0.96765363,1.0,1.0000022e-06
0.9676291,1.0,1.0000022e-06
0.9676604,1.0,1.0000022e-06
0.9671098,1.0,1.000002e-06
0.9670748,1.0,1.000002e-06
0.96676546,1.0,1.000002e-06
0.9667472,1.0,1.000002e-06
0.9668346,1.0,1.000002e-06
0.9667384,1.0,1.0000019e-06
0.9664474,1.0,1.0000019e-06
0.9660613,1.0,1.0000019e-06
0.9661532,1.0,1.0000019e-06
0.9658566,1.0,1.0000019e-06
0.96529746,1.0,1.0000019e-06
0.9656368,1.0,1.0000018e-06
0.9654147,1.0,1.0000018e-06
0.9650696,1.0,1.0000018e-06
0.96485317,1.0,1.0000018e-06
0.96492016,1.0,1.0000018e-06
0.9647628,1.0,1.0000018e-06
0.96463466,1.0,1.0000017e-06
0.96455395,1.0,1.0000017e-06
0.9643057,1.0,1.0000017e-06
0.96395767,1.0,1.0000017e-06
0.96365905,1.0,1.0000017e-06
0.96354437,1.0,1.0000017e-06
0.9633971,1.0,1.0000017e-06
0.96304494,1.0,1.0000016e-06
0.9625858,1.0,1.0000016e-06
0.9626497,1.0,1.0000016e-06
0.96276295,1.0,1.0000016e-06
0.9623203,1.0,1.0000016e-06
0.9622585,1.0,1.0000016e-06
0.96219766,1.0,1.0000016e-06
0.96184355,1.0,1.0000016e-06
0.9615601,1.0,1.0000015e-06
0.9613888,1.0,1.0000015e-06
0.9613389,1.0,1.0000015e-06
0.9611428,1.0,1.0000015e-06
0.9606321,1.0,1.0000015e-06
0.96059304,1.0,1.0000015e-06
0.9605699,1.0,1.0000015e-06
0.9602489,1.0,1.0000015e-06
0.9600253,1.0,1.0000014e-06
0.9597108,1.0,1.0000014e-06
0.9596073,1.0,1.0000014e-06
0.95941806,1.0,1.0000014e-06
0.95913243,1.0,1.0000014e-06
0.9589758,1.0,1.0000014e-06
0.9586701,1.0,1.0000014e-06
0.958441,1.0,1.0000014e-06
0.9582267,1.0,1.0000014e-06
0.9579327,1.0,1.0000014e-06
0.95763564,1.0,1.0000012e-06
0.9575306,1.0,1.0000012e-06
0.95724416,1.0,1.0000012e-06
0.9569384,1.0,1.0000012e-06
0.9567687,1.0,1.0000012e-06
0.95658195,1.0,1.0000012e-06
0.9561927,1.0,1.0000012e-06
0.9559798,1.0,1.0000012e-06
0.9558968,1.0,1.0000012e-06
0.9555878,1.0,1.0000012e-06
0.9553208,1.0,1.0000012e-06
0.9551821,1.0,1.0000012e-06
0.95496863,1.0,1.0000011e-06
0.9544846,1.0,1.0000011e-06
0.95421547,1.0,1.0000011e-06
0.953854,1.0,1.0000011e-06
0.9538136,1.0,1.0000011e-06
0.95374423,1.0,1.0000011e-06
0.95334846,1.0,1.0000011e-06
0.95314145,1.0,1.0000011e-06
0.9530194,1.0,1.0000011e-06
0.95262325,1.0,1.0000011e-06
0.9525552,1.0,1.0000011e-06
0.9519769,1.0,1.0000011e-06
0.951863,1.0,1.0000011e-06
0.95167273,1.0,1.0000011e-06
0.9513903,1.0,1.0000011e-06
0.95108247,1.0,1.0000011e-06
0.9508249,1.0,1.000001e-06
0.95074725,1.0,1.000001e-06
0.9504853,1.0,1.000001e-06
0.9500949,1.0,1.000001e-06
0.94998425,1.0,1.000001e-06
0.94972616,1.0,1.000001e-06
0.94945925,1.0,1.000001e-06
0.949277,1.0,1.000001e-06
0.9490763,1.0,1.000001e-06
0.9489496,1.0,1.000001e-06
0.9482769,1.0,1.000001e-06
0.94824046,1.0,1.000001e-06
0.9479707,1.0,1.000001e-06
0.9475142,1.0,1.000001e-06
0.94730514,1.0,1.000001e-06
0.9472946,1.0,1.000001e-06
0.94694155,1.0,1.000001e-06
0.9469532,1.0,1.000001e-06
0.9467218,1.0,1.000001e-06
0.94664735,1.0,1.000001e-06
0.9463491,1.0,1.000001e-06
0.94619733,1.0,1.000001e-06
0.9458699,1.0,1.000001e-06
0.9454947,1.0,1.000001e-06
0.9450515,1.0,1.000001e-06
0.9445371,1.0,1.000001e-06
0.94408786,1.0,1.000001e-06
0.94348234,1.0,1.0000009e-06
0.94344366,1.0,1.0000009e-06
0.9430297,1.0,1.0000009e-06
0.9426587,1.0,1.0000009e-06
0.9420674,1.0,1.0000009e-06
0.94213104,1.0,1.0000009e-06
0.94174623,1.0,1.0000009e-06
0.9414202,1.0,1.0000009e-06
0.94103855,1.0,1.0000009e-06
0.9406831,1.0,1.0000009e-06
0.9406017,1.0,1.0000009e-06
0.9402818,1.0,1.0000009e-06
0.94004434,1.0,1.0000009e-06
0.9396249,1.0,1.0000009e-06
0.9393576,1.0,1.0000009e-06
0.93893296,1.0,1.0000009e-06
0.93877953,1.0,1.0000009e-06
0.93861854,1.0,1.0000009e-06
0.938351,1.0,1.0000009e-06
0.9382383,1.0,1.0000009e-06
0.93799824,1.0,1.0000009e-06
0.9376636,1.0,1.0000009e-06
0.9375849,1.0,1.0000009e-06
0.93718165,1.0,1.0000009e-06
0.9369372,1.0,1.0000009e-06
0.9364641,1.0,1.0000009e-06
0.93599755,1.0,1.0000009e-06
0.93554324,1.0,1.0000009e-06
0.9348779,1.0,1.0000009e-06
0.934495,1.0,1.0000009e-06
0.9343162,1.0,1.0000009e-06
0.93359447,1.0,1.0000009e-06
0.9334848,1.0,1.0000009e-06
0.9330901,1.0,1.0000009e-06
0.9327845,1.0,1.0000009e-06
0.9324511,1.0,1.0000009e-06
0.93228,1.0,1.0000009e-06
0.9319289,1.0,1.0000009e-06
0.9313918,1.0,1.0000009e-06
0.93111163,1.0,1.0000009e-06
0.93093723,1.0,1.0000009e-06
0.93033123,1.0,1.0000009e-06
0.93007433,1.0,1.0000009e-06
0.9296493,1.0,1.0000009e-06
0.9293613,1.0,1.0000009e-06
0.92903924,1.0,1.0000009e-06
0.9287255,1.0,1.000001e-06
0.9286916,1.0,1.000001e-06
0.92833924,1.0,1.000001e-06
0.9282246,1.0,1.000001e-06
0.9277047,1.0,1.000001e-06
0.9274943,1.0,1.000001e-06
0.92708904,1.0,1.000001e-06
0.9266558,1.0,1.000001e-06
0.92646855,1.0,1.000001e-06
0.92572534,1.0,1.000001e-06
0.92540693,1.0,1.000001e-06
0.92490697,1.0,1.000001e-06
0.9244775,1.0,1.000001e-06
0.9240572,1.0,1.000001e-06
0.9238311,1.0,1.000001e-06
0.9233603,1.0,1.000001e-06
0.9228905,1.0,1.000001e-06
0.9225386,1.0,1.000001e-06
0.92205983,1.0,1.000001e-06
0.92160076,1.0,1.000001e-06
0.9212813,1.0,1.000001e-06
0.9208795,1.0,1.000001e-06
0.92049044,1.0,1.000001e-06
0.9201495,1.0,1.0000011e-06
0.9195114,1.0,1.0000011e-06
0.91922617,1.0,1.0000011e-06
0.9187305,1.0,1.0000011e-06
0.9180431,1.0,1.0000011e-06
0.91783464,1.0,1.0000011e-06
0.917385,1.0,1.0000011e-06
0.9170635,1.0,1.0000011e-06
0.9168545,1.0,1.0000011e-06
0.91644335,1.0,1.0000011e-06
0.9158177,1.0,1.0000011e-06
0.91565806,1.0,1.0000011e-06
0.91536087,1.0,1.0000011e-06
0.9148127,1.0,1.0000011e-06
0.9143545,1.0,1.0000012e-06
0.9138981,1.0,1.0000012e-06
0.9131822,1.0,1.0000012e-06
0.91252095,1.0,1.0000012e-06
0.91190493,1.0,1.0000012e-06
0.9112662,1.0,1.0000012e-06
0.9109317,1.0,1.0000012e-06
0.91022533,1.0,1.0000012e-06
0.9098176,1.0,1.0000012e-06
0.9093828,1.0,1.0000014e-06
0.90888864,1.0,1.0000014e-06
0.9084116,1.0,1.0000014e-06
0.90765464,1.0,1.0000014e-06
0.90733606,1.0,1.0000014e-06
0.90676934,1.0,1.0000014e-06
0.9063506,1.0,1.0000014e-06
0.9056543,1.0,1.0000014e-06
0.90507877,1.0,1.0000014e-06
0.9045316,1.0,1.0000015e-06
0.90400255,1.0,1.0000015e-06
0.9033603,1.0,1.0000015e-06
0.9029775,1.0,1.0000015e-06
0.90228534,1.0,1.0000015e-06
0.9020207,1.0,1.0000015e-06
0.90165603,1.0,1.0000016e-06
0.9012214,1.0,1.0000016e-06
0.9005185,1.0,1.0000016e-06
0.9001344,1.0,1.0000016e-06
0.89956146,1.0,1.0000016e-06
0.89905703,1.0,1.0000016e-06
0.8985069,1.0,1.0000017e-06
0.8978011,1.0,1.0000017e-06
0.89716345,1.0,1.0000017e-06
0.8966503,1.0,1.0000017e-06
0.89579403,1.0,1.0000017e-06
0.895318,1.0,1.0000018e-06
0.8948145,1.0,1.0000018e-06
0.8942442,1.0,1.0000018e-06
0.8935586,1.0,1.0000018e-06
0.8928857,1.0,1.0000018e-06
0.8924638,1.0,1.0000019e-06
0.89182574,1.0,1.0000019e-06
0.8912455,1.0,1.0000019e-06
0.8904837,1.0,1.0000019e-06
0.89000803,1.0,1.000002e-06
0.88957477,1.0,1.000002e-06
0.888915,1.0,1.000002e-06
0.8884589,1.0,1.0000022e-06
0.8877001,1.0,1.0000022e-06
0.88699716,1.0,1.0000022e-06
0.88652635,1.0,1.0000022e-06
0.88582087,1.0,1.0000023e-06
0.88535583,1.0,1.0000023e-06
0.8847699,1.0,1.0000023e-06
0.884389,1.0,1.0000024e-06
0.8840696,1.0,1.0000024e-06
0.88326085,1.0,1.0000024e-06
0.8829252,1.0,1.0000025e-06
0.8822645,1.0,1.0000025e-06
0.88163805,1.0,1.0000025e-06
0.88117665,1.0,1.0000026e-06
0.87964,1.0,1.0000026e-06
0.87808573,1.0,1.0000027e-06
0.8779259,1.0,1.0000027e-06
0.8773569,1.0,1.0000027e-06
0.87695223,1.0,1.0000028e-06
0.8763801,1.0,1.0000028e-06
0.87576205,1.0,1.000003e-06
0.8750402,1.0,1.000003e-06
0.87453693,1.0,1.0000031e-06
0.87396914,1.0,1.0000031e-06
0.8734339,1.0,1.0000032e-06
0.8729159,1.0,1.0000032e-06
0.8723734,1.0,1.0000033e-06
0.8717992,1.0,1.0000033e-06
0.87121,1.0,1.0000034e-06
0.87057346,1.0,1.0000034e-06
0.8700437,1.0,1.0000035e-06
0.86917204,1.0,1.0000035e-06
0.86876225,1.0,1.0000036e-06
0.8682209,1.0,1.0000037e-06
0.8677134,1.0,1.0000037e-06
0.86721045,1.0,1.0000039e-06
0.8665876,1.0,1.000004e-06
0.8659641,1.0,1.000004e-06
0.8656941,1.0,1.0000041e-06
0.8649478,1.0,1.0000042e-06
0.8643659,1.0,1.0000042e-06
0.8637769,1.0,1.0000043e-06
0.86290324,1.0,1.0000044e-06
0.86216646,1.0,1.0000045e-06
0.8613225,1.0,1.0000047e-06
0.86077,1.0,1.0000047e-06
0.8601398,1.0,1.0000048e-06
0.85941845,1.0,1.0000049e-06
0.8588242,1.0,1.000005e-06
0.8582545,1.0,1.0000051e-06
0.85742444,1.0,1.0000052e-06
0.85671794,1.0,1.0000053e-06
0.8559331,1.0,1.0000055e-06
0.8553867,1.0,1.0000056e-06
0.85478365,1.0,1.0000057e-06
0.8540159,1.0,1.0000058e-06
0.8533555,1.0,1.0000059e-06
0.8526299,1.0,1.000006e-06
0.8519663,1.0,1.0000061e-06
0.8512914,1.0,1.0000063e-06
0.85061425,1.0,1.0000064e-06
0.84984666,1.0,1.0000065e-06
0.8490909,1.0,1.0000067e-06
0.84850603,1.0,1.0000068e-06
0.8477048,1.0,1.0000069e-06
0.8472699,1.0,1.000007e-06
0.846466,1.0,1.0000073e-06
0.84585655,1.0,1.0000074e-06
0.8453669,1.0,1.0000075e-06
0.8447189,1.0,1.0000077e-06
0.8439491,1.0,1.0000078e-06
0.843357,1.0,1.0000081e-06
0.8426906,1.0,1.0000082e-06
0.8420378,1.0,1.0000084e-06
0.84096694,1.0,1.0000086e-06
0.84031457,1.0,1.0000089e-06
0.83925605,1.0,1.000009e-06
0.83856976,1.0,1.0000092e-06
0.8375922,1.0,1.0000094e-06
0.83696365,1.0,1.0000097e-06
0.83603567,1.0,1.0000099e-06
0.8351968,1.0,1.0000101e-06
0.83444756,1.0,1.0000103e-06
0.83371925,1.0,1.0000106e-06
0.83268446,1.0,1.0000108e-06
0.8320598,1.0,1.000011e-06
0.8312341,1.0,1.0000113e-06
0.830189,1.0,1.0000115e-06
0.8288087,1.0,1.0000117e-06
0.8273391,1.0,1.000012e-06
0.826776,1.0,1.0000123e-06
0.8262698,1.0,1.0000125e-06
0.8248776,1.0,1.0000128e-06
0.824225,1.0,1.0000131e-06
0.82380855,1.0,1.0000134e-06
0.8227843,1.0,1.0000136e-06
0.82102245,1.0,1.000014e-06
0.82071877,1.0,1.0000143e-06
0.820697,1.0,1.0000145e-06
0.8188305,1.0,1.0000149e-06
0.8178695,1.0,1.0000152e-06
0.8173798,1.0,1.0000156e-06
0.8163012,1.0,1.0000159e-06
0.8150584,1.0,1.0000161e-06
0.8140713,1.0,1.0000166e-06
0.8138331,1.0,1.0000169e-06
0.8124056,1.0,1.0000173e-06
0.8109061,1.0,1.0000176e-06
1.0,1.0,1.0000749e-06
1.0,1.0,1.0000749e-06
1.0,1.0,1.0000748e-06
1.0,1.0,1.0000748e-06
1.0,1.0,1.0000748e-06
1.0,1.0,1.0000748e-06
1.0,1.0,1.0000747e-06
1.0,1.0,1.0000747e-06
1.0,1.0,1.0000747e-06
1.0,1.0,1.0000746e-06
1.0,1.0,1.0000745e-06
1.0,1.0,1.0000745e-06
1.0,1.0,1.0000743e-06
1.0,1.0,1.0000742e-06
1.0,1.0,1.0000741e-06
1.0,1.0,1.000074e-06
1.0,1.0,1.0000739e-06
1.0,1.0,1.0000738e-06
1.0,1.0,1.0000737e-06
1.0,1.0,1.0000736e-06
1.0,1.0,1.0000734e-06
1.0,1.0,1.0000732e-06
1.0,1.0,1.0000731e-06
1.0,1.0,1.0000729e-06
1.0,1.0,1.0000726e-06
1.0,1.0,1.0000725e-06
1.0,1.0,1.0000723e-06
1.0,1.0,1.0000721e-06
1.0,1.0,1.0000718e-06
1.0,1.0,1.0000716e-06
1.0,1.0,1.0000714e-06
1.0,1.0,1.0000712e-06
1.0,1.0,1.0000709e-06
1.0,1.0,1.0000706e-06
1.0,1.0,1.0000704e-06
1.0,1.0,1.0000701e-06
1.0,1.0,1.0000698e-06
1.0,1.0,1.0000695e-06
1.0,1.0,1.0000692e-06
1.0,1.0,1.0000689e-06
1.0,1.0,1.0000686e-06
1.0,1.0,1.0000682e-06
1.0,1.0,1.0000679e-06
1.0,1.0,1.0000675e-06
1.0,1.0,1.0000672e-06
1.0,1.0,1.0000668e-06
1.0,1.0,1.0000664e-06
1.0,1.0,1.000066e-06
1.0,1.0,1.0000657e-06
1.0,1.0,1.0000653e-06
1.0,1.0,1.0000649e-06
1.0,1.0,1.0000645e-06
1.0,1.0,1.000064e-06
1.0,1.0,1.0000635e-06
1.0,1.0,1.0000631e-06
0.9999719,1.0,1.0000626e-06
0.9998942,1.0,1.0000622e-06
0.99985856,1.0,1.0000617e-06
0.99982345,1.0,1.0000613e-06
0.99974865,1.0,1.0000608e-06
0.9998112,1.0,1.0000604e-06
0.99980325,1.0,1.0000598e-06
0.99981093,1.0,1.0000593e-06
0.9998573,1.0,1.0000588e-06
0.99976367,1.0,1.0000583e-06
0.99982816,1.0,1.0000578e-06
0.9998194,1.0,1.0000572e-06
0.9997718,1.0,1.0000567e-06
0.99981993,1.0,1.0000562e-06
0.9998649,1.0,1.0000556e-06
0.9996943,1.0,1.000055e-06
0.99983674,1.0,1.0000545e-06
0.999691,1.0,1.0000539e-06
0.9997254,1.0,1.0000533e-06
0.99974513,1.0,1.0000527e-06
0.99964464,1.0,1.0000522e-06
0.99967486,1.0,1.0000516e-06
0.9995582,1.0,1.000051e-06
0.99945825,1.0,1.0000505e-06
0.99938595,1.0,1.0000499e-06
0.9994303,1.0,1.0000492e-06
0.99937606,1.0,1.0000487e-06
0.99931633,1.0,1.0000481e-06
0.99936646,1.0,1.0000474e-06
0.99919534,1.0,1.0000468e-06
0.999185,1.0,1.0000463e-06
0.999138,1.0,1.0000456e-06
0.9991327,1.0,1.000045e-06
0.99905294,1.0,1.0000443e-06
0.9990024,1.0,1.0000438e-06
0.99893993,1.0,1.0000431e-06
0.99896663,1.0,1.0000425e-06
0.9989081,1.0,1.0000418e-06
0.9987891,1.0,1.0000413e-06
0.99870676,1.0,1.0000407e-06
0.9987965,1.0,1.00004e-06
0.99887854,1.0,1.0000394e-06
0.998958,1.0,1.0000388e-06
0.998999,1.0,1.0000382e-06
0.9989521,1.0,1.0000375e-06
0.9990656,1.0,1.000037e-06
0.9990034,1.0,1.0000363e-06
0.9989626,1.0,1.0000357e-06
0.99897444,1.0,1.000035e-06
0.9989498,1.0,1.0000344e-06
0.99894476,1.0,1.0000339e-06
0.99891376,1.0,1.0000332e-06
0.9988957,1.0,1.0000326e-06
0.99892026,1.0,1.0000321e-06
0.9987444,1.0,1.0000315e-06
0.99886626,1.0,1.0000308e-06
0.9987528,1.0,1.0000302e-06
0.9987921,1.0,1.0000297e-06
0.9986077,1.0,1.0000291e-06
0.9985588,1.0,1.0000285e-06
0.9984195,1.0,1.000028e-06
0.9984466,1.0,1.0000274e-06
0.9984304,1.0,1.0000268e-06
0.99834,1.0,1.0000263e-06
0.99827915,1.0,1.0000257e-06
0.9983293,1.0,1.0000252e-06
0.9982417,1.0,1.0000247e-06
0.9981046,1.0,1.0000241e-06
0.9980539,1.0,1.0000235e-06
0.99792755,1.0,1.0000231e-06
0.99788266,1.0,1.0000225e-06
0.9979978,1.0,1.000022e-06
0.9980645,1.0,1.0000216e-06
0.99809676,1.0,1.000021e-06
0.9981066,1.0,1.0000206e-06
0.99817085,1.0,1.0000201e-06
0.99805003,1.0,1.0000196e-06
0.99807566,1.0,1.0000191e-06
0.9980423,1.0,1.0000186e-06
0.9980434,1.0,1.0000182e-06
0.998031,1.0,1.0000177e-06
0.9980513,1.0,1.0000174e-06
0.99799174,1.0,1.0000169e-06
0.9979473,1.0,1.0000165e-06
0.9979007,1.0,1.000016e-06
0.9978046,1.0,1.0000157e-06
0.9977491,1.0,1.0000152e-06
0.99771905,1.0,1.0000149e-06
0.9977447,1.0,1.0000145e-06
0.9976394,1.0,1.0000141e-06
0.99760324,1.0,1.0000138e-06
0.9976044,1.0,1.0000134e-06
0.9975522,1.0,1.0000131e-06
0.9975256,1.0,1.0000127e-06
0.99752456,1.0,1.0000124e-06
0.99737746,1.0,1.000012e-06
0.99727243,1.0,1.0000117e-06
0.99721265,1.0,1.0000114e-06
0.9971134,1.0,1.000011e-06
0.99703217,1.0,1.0000108e-06
0.9970098,1.0,1.0000105e-06
0.9969892,1.0,1.0000101e-06
0.99694765,1.0,1.0000099e-06
0.9969357,1.0,1.0000097e-06
0.9969595,1.0,1.0000093e-06
0.9969471,1.0,1.0000091e-06
0.9970169,1.0,1.0000089e-06
0.9970965,1.0,1.0000085e-06
0.99702835,1.0,1.0000083e-06
0.99701375,1.0,1.0000081e-06
0.9969451,1.0,1.0000078e-06
0.99695826,1.0,1.0000076e-06
0.99690616,1.0,1.0000074e-06
0.99693245,1.0,1.0000072e-06
0.99693066,1.0,1.0000069e-06
0.995722,1.0,1.0000068e-06
0.9968655,1.0,1.0000066e-06
0.9967664,1.0,1.0000064e-06
0.99673593,1.0,1.0000063e-06
0.9966558,1.0,1.000006e-06
0.9965825,1.0,1.0000059e-06
0.9966908,1.0,1.0000057e-06
0.9966418,1.0,1.0000056e-06
0.9965806,1.0,1.0000053e-06
0.9964963,1.0,1.0000052e-06
0.99644816,1.0,1.0000051e-06
0.9964885,1.0,1.0000049e-06
0.99648637,1.0,1.0000048e-06
0.9963516,1.0,1.0000047e-06
0.9963362,1.0,1.0000045e-06
0.99632764,1.0,1.0000043e-06
0.9962696,1.0,1.0000042e-06
0.9962824,1.0,1.0000041e-06
0.9962497,1.0,1.000004e-06
0.9961896,1.0,1.0000039e-06
0.99604046,1.0,1.0000037e-06
0.9961036,1.0,1.0000036e-06
0.99614334,1.0,1.0000035e-06
0.99607587,1.0,1.0000035e-06
0.99605715,1.0,1.0000034e-06
0.9959707,1.0,1.0000033e-06
0.9959034,1.0,1.0000032e-06
0.99585766,1.0,1.0000031e-06
0.99586546,1.0,1.0000031e-06
0.995931,1.0,1.000003e-06
0.99589443,1.0,1.0000028e-06
0.9958255,1.0,1.0000027e-06
0.9956898,1.0,1.0000027e-06
0.99577385,1.0,1.0000026e-06
0.99567425,1.0,1.0000026e-06
0.9956999,1.0,1.0000025e-06
0.99554914,1.0,1.0000024e-06
0.99553764,1.0,1.0000024e-06
0.99543804,1.0,1.0000023e-06
0.9954095,1.0,1.0000023e-06
0.99532884,1.0,1.0000022e-06
0.9953064,1.0,1.0000022e-06
0.9953583,1.0,1.000002e-06
0.99529123,1.0,1.000002e-06
0.9952165,1.0,1.000002e-06
0.99519986,1.0,1.0000019e-06
0.99519527,1.0,1.0000019e-06
0.99508494,1.0,1.0000018e-06
0.9951472,1.0,1.0000018e-06
0.9951014,1.0,1.0000018e-06
0.9951091,1.0,1.0000017e-06
0.99499804,1.0,1.0000017e-06
0.99500674,1.0,1.0000017e-06
0.99490196,1.0,1.0000016e-06
0.9948225,1.0,1.0000016e-06
0.994809,1.0,1.0000016e-06
0.99475664,1.0,1.0000015e-06
0.9947694,1.0,1.0000015e-06
0.9947139,1.0,1.0000015e-06
0.99470204,1.0,1.0000015e-06
0.99468344,1.0,1.0000014e-06
0.9946132,1.0,1.0000014e-06
0.9946597,1.0,1.0000014e-06
0.9945688,1.0,1.0000014e-06
0.9945369,1.0,1.0000014e-06
0.99449867,1.0,1.0000012e-06
0.9944346,1.0,1.0000012e-06
0.99443793,1.0,1.0000012e-06
0.9943698,1.0,1.0000012e-06
0.9943885,1.0,1.0000012e-06
0.99428093,1.0,1.0000012e-06
0.99423003,1.0,1.0000011e-06
0.99428815,1.0,1.0000011e-06
0.99418324,1.0,1.0000011e-06
0.99419045,1.0,1.0000011e-06
0.9941424,1.0,1.0000011e-06
0.9940934,1.0,1.0000011e-06
0.99403113,1.0,1.0000011e-06
0.9940992,1.0,1.0000011e-06
0.99402565,1.0,1.000001e-06
0.9939548,1.0,1.000001e-06
0.9939459,1.0,1.000001e-06
0.99392533,1.0,1.000001e-06
0.9938807,1.0,1.000001e-06
0.99383986,1.0,1.000001e-06
0.99376583,1.0,1.000001e-06
0.99369204,1.0,1.000001e-06
0.9936531,1.0,1.000001e-06
0.99360573,1.0,1.000001e-06
0.9934804,1.0,1.000001e-06
0.9935017,1.0,1.000001e-06
0.99345064,1.0,1.000001e-06
0.99343395,1.0,1.000001e-06
0.99340796,1.0,1.000001e-06
0.9933229,1.0,1.000001e-06
0.99333644,1.0,1.000001e-06
0.9933403,1.0,1.000001e-06
0.99323124,1.0,1.000001e-06
0.9932002,1.0,1.000001e-06
0.993172,1.0,1.000001e-06
0.9931449,1.0,1.000001e-06
0.99313116,1.0,1.000001e-06
0.9930729,1.0,1.000001e-06
0.9930512,1.0,1.000001e-06
0.9930872,1.0,1.000001e-06
0.9930321,1.0,1.000001e-06
0.99297154,1.0,1.000001e-06
0.99288994,1.0,1.000001e-06
0.99281347,1.0,1.000001e-06
0.99277645,1.0,1.000001e-06
0.9927318,1.0,1.000001e-06
0.9926738,1.0,1.000001e-06
0.9926727,1.0,1.000001e-06
0.9926312,1.0,1.000001e-06
0.9926085,1.0,1.000001e-06
0.99252015,1.0,1.000001e-06
0.99247897,1.0,1.000001e-06
0.9924582,1.0,1.000001e-06
0.9924159,1.0,1.000001e-06
0.99243915,1.0,1.000001e-06
0.9923373,1.0,1.000001e-06
0.9923149,1.0,1.0000011e-06
0.992259,1.0,1.0000011e-06
0.99221605,1.0,1.0000011e-06
0.9921563,1.0,1.0000011e-06
0.9921276,1.0,1.0000011e-06
0.99204797,1.0,1.0000011e-06
0.99201655,1.0,1.0000011e-06
0.99198914,1.0,1.0000011e-06
0.99193263,1.0,1.0000012e-06
0.9919296,1.0,1.0000012e-06
0.99190015,1.0,1.0000012e-06
0.9918989,1.0,1.0000012e-06
0.9918575,1.0,1.0000012e-06
0.99183136,1.0,1.0000012e-06
0.9917537,1.0,1.0000012e-06
0.9906384,1.0,1.0000014e-06
0.99176604,1.0,1.0000014e-06
0.99172753,1.0,1.0000014e-06
0.99176604,1.0,1.0000014e-06
0.9916672,1.0,1.0000014e-06
0.99164474,1.0,1.0000015e-06
0.9916049,1.0,1.0000015e-06
0.9915041,1.0,1.0000015e-06
0.9914735,1.0,1.0000015e-06
0.9914243,1.0,1.0000016e-06
0.99145126,1.0,1.0000016e-06
0.9913925,1.0,1.0000016e-06
0.991346,1.0,1.0000016e-06
0.99128544,1.0,1.0000017e-06
0.99117815,1.0,1.0000017e-06
0.99121237,1.0,1.0000017e-06
0.9911751,1.0,1.0000018e-06
0.9911084,1.0,1.0000018e-06
0.9910787,1.0,1.0000018e-06
0.991029,1.0,1.0000018e-06
0.9909566,1.0,1.0000019e-06
0.99097633,1.0,1.0000019e-06
0.9908475,1.0,1.0000019e-06
0.9908034,1.0,1.000002e-06
0.9907601,1.0,1.000002e-06
0.9907626,1.0,1.0000022e-06
0.99080634,1.0,1.0000022e-06
0.99069524,1.0,1.0000022e-06
0.9906106,1.0,1.0000023e-06
0.9906114,1.0,1.0000023e-06
0.9906222,1.0,1.0000024e-06
0.9905819,1.0,1.0000024e-06
0.99059355,1.0,1.0000024e-06
0.99053144,1.0,1.0000025e-06
0.99045366,1.0,1.0000025e-06
0.9905785,1.0,1.0000026e-06
0.99045855,1.0,1.0000026e-06
0.9904477,1.0,1.0000027e-06
0.9903796,1.0,1.0000027e-06
0.9903576,1.0,1.0000028e-06
0.9903668,1.0,1.0000028e-06
0.9902882,1.0,1.000003e-06
0.99025613,1.0,1.000003e-06
0.9902752,1.0,1.0000031e-06
0.9901559,1.0,1.0000031e-06
0.99020946,1.0,1.0000032e-06
0.9901569,1.0,1.0000033e-06
0.9900972,1.0,1.0000033e-06
0.99004304,1.0,1.0000034e-06
0.9899896,1.0,1.0000034e-06
0.9899586,1.0,1.0000035e-06
0.98993385,1.0,1.0000035e-06
0.98987913,1.0,1.0000036e-06
0.98986435,1.0,1.0000037e-06
0.9897813,1.0,1.0000037e-06
0.98982656,1.0,1.0000039e-06
0.98973364,1.0,1.000004e-06
0.989627,1.0,1.000004e-06
0.98965,1.0,1.0000041e-06
0.9896175,1.0,1.0000041e-06
0.9896083,1.0,1.0000042e-06
0.98955524,1.0,1.0000043e-06
0.9895035,1.0,1.0000043e-06
0.9894385,1.0,1.0000044e-06
0.9893965,1.0,1.0000045e-06
0.98933965,1.0,1.0000045e-06
0.9893434,1.0,1.0000047e-06
0.9892849,1.0,1.0000048e-06
0.98928756,1.0,1.0000048e-06
0.989274,1.0,1.0000049e-06
0.98923904,1.0,1.000005e-06
0.9890855,1.0,1.000005e-06
0.9890645,1.0,1.0000051e-06
0.9889884,1.0,1.0000052e-06
0.98899496,1.0,1.0000052e-06
0.98896694,1.0,1.0000053e-06
0.9889355,1.0,1.0000053e-06
0.98889846,1.0,1.0000055e-06
0.98876345,1.0,1.0000056e-06
0.98879164,1.0,1.0000056e-06
0.98871595,1.0,1.0000057e-06
0.9886592,1.0,1.0000057e-06
0.9886347,1.0,1.0000058e-06
0.98858327,1.0,1.0000059e-06
0.9885246,1.0,1.0000059e-06
0.988534,1.0,1.000006e-06
0.98844296,1.0,1.000006e-06
0.98839986,1.0,1.0000061e-06
0.9883642,1.0,1.0000061e-06
0.988307,1.0,1.0000063e-06
0.9882752,1.0,1.0000063e-06
0.9881819,1.0,1.0000064e-06
0.98816407,1.0,1.0000064e-06
0.9881255,1.0,1.0000065e-06
0.9880469,1.0,1.0000065e-06
0.9880641,1.0,1.0000066e-06
0.9881144,1.0,1.0000066e-06
0.98797435,1.0,1.0000067e-06
0.9879451,1.0,1.0000067e-06
0.9879051,1.0,1.0000067e-06
0.98785317,1.0,1.0000068e-06
0.98777795,1.0,1.0000068e-06
0.9877989,1.0,1.0000069e-06
0.98656714,1.0,1.0000069e-06
0.9876764,1.0,1.0000069e-06
0.98760575,1.0,1.000007e-06
0.9875984,1.0,1.000007e-06
0.9874942,1.0,1.000007e-06
0.9874945,1.0,1.000007e-06
0.98745596,1.0,1.0000072e-06
0.9874015,1.0,1.0000072e-06
0.9873161,1.0,1.0000072e-06
0.9872433,1.0,1.0000072e-06
0.98717123,1.0,1.0000072e-06
0.98715574,1.0,1.0000072e-06
0.987091,1.0,1.0000073e-06
0.98706055,1.0,1.0000073e-06
0.9869827,1.0,1.0000073e-06
0.98693836,1.0,1.0000073e-06
0.9868538,1.0,1.0000073e-06
0.98677117,1.0,1.0000073e-06
0.9866287,1.0,1.0000073e-06
0.98656934,1.0,1.0000073e-06
0.98655516,1.0,1.0000073e-06
0.9864859,1.0,1.0000073e-06
0.986447,1.0,1.0000073e-06
0.9863362,1.0,1.0000073e-06
0.9864059,1.0,1.0000073e-06
0.9863824,1.0,1.0000073e-06
0.9863618,1.0,1.0000073e-06
0.9863224,1.0,1.0000073e-06
0.9862674,1.0,1.0000073e-06
0.9862403,1.0,1.0000072e-06
0.9862386,1.0,1.0000072e-06
0.9862309,1.0,1.0000072e-06
0.9862162,1.0,1.0000072e-06
0.9860777,1.0,1.0000072e-06
0.9861319,1.0,1.0000072e-06
0.9860351,1.0,1.000007e-06
0.9860182,1.0,1.000007e-06
0.9859186,1.0,1.000007e-06
0.98586273,1.0,1.000007e-06
0.9858453,1.0,1.0000069e-06
0.98571146,1.0,1.0000069e-06
0.98576427,1.0,1.0000069e-06
0.98566496,1.0,1.0000069e-06
0.9855175,1.0,1.0000068e-06
0.9854701,1.0,1.0000068e-06
0.9854188,1.0,1.0000068e-06
0.9853466,1.0,1.0000067e-06
0.98535204,1.0,1.0000067e-06
0.98530906,1.0,1.0000067e-06
0.98516846,1.0,1.0000066e-06
0.9851846,1.0,1.0000066e-06
0.9851405,1.0,1.0000066e-06
0.9850471,1.0,1.0000065e-06
0.98498595,1.0,1.0000065e-06
0.98492175,1.0,1.0000064e-06
0.98484576,1.0,1.0000064e-06
0.9847624,1.0,1.0000064e-06
0.98468703,1.0,1.0000063e-06
0.9846624,1.0,1.0000063e-06
0.98459035,1.0,1.0000061e-06
0.98458254,1.0,1.0000061e-06
0.98456234,1.0,1.0000061e-06
0.9845493,1.0,1.000006e-06
0.9844095,1.0,1.000006e-06
0.9843946,1.0,1.0000059e-06
0.98432577,1.0,1.0000059e-06
0.9842088,1.0,1.0000059e-06
0.9841962,1.0,1.0000058e-06
0.98417395,1.0,1.0000058e-06
0.98292375,1.0,1.0000057e-06
0.9840591,1.0,1.0000057e-06
0.98394334,1.0,1.0000056e-06
0.98380876,1.0,1.0000056e-06
0.98381543,1.0,1.0000056e-06
0.9837147,1.0,1.0000055e-06
0.9836541,1.0,1.0000055e-06
0.9835138,1.0,1.0000053e-06
0.9835048,1.0,1.0000053e-06
0.983453,1.0,1.0000052e-06
0.98345387,1.0,1.0000052e-06
0.9833596,1.0,1.0000051e-06
0.9832447,1.0,1.0000051e-06
0.9831464,1.0,1.0000051e-06
0.983085,1.0,1.000005e-06
0.9829803,1.0,1.000005e-06
0.98294,1.0,1.0000049e-06
0.9828459,1.0,1.0000049e-06
0.98276526,1.0,1.0000048e-06
0.9826968,1.0,1.0000048e-06
0.98260665,1.0,1.0000048e-06
0.9825182,1.0,1.0000047e-06
0.9824546,1.0,1.0000047e-06
0.982341,1.0,1.0000045e-06
0.9824027,1.0,1.0000045e-06
0.98230994,1.0,1.0000044e-06
0.9822724,1.0,1.0000044e-06
0.98229814,1.0,1.0000044e-06
0.982218,1.0,1.0000043e-06
0.9822787,1.0,1.0000043e-06
0.9822487,1.0,1.0000042e-06
0.98219705,1.0,1.0000042e-06
0.9820894,1.0,1.0000042e-06
0.982142,1.0,1.0000041e-06
0.9819745,1.0,1.0000041e-06
0.9820374,1.0,1.000004e-06
0.98190385,1.0,1.000004e-06
0.9817933,1.0,1.000004e-06
0.98172855,1.0,1.0000039e-06
0.98168135,1.0,1.0000039e-06
0.9816405,1.0,1.0000039e-06
0.9814785,1.0,1.0000037e-06
0.9814617,1.0,1.0000037e-06
0.9814039,1.0,1.0000036e-06
0.9812807,1.0,1.0000036e-06
0.98125327,1.0,1.0000036e-06
0.98120314,1.0,1.0000035e-06
0.98109734,1.0,1.0000035e-06
0.98109293,1.0,1.0000035e-06
0.98098093,1.0,1.0000034e-06
0.98092103,1.0,1.0000034e-06
0.98079264,1.0,1.0000034e-06
0.9807397,1.0,1.0000033e-06
0.98065436,1.0,1.0000033e-06
0.9804782,1.0,1.0000033e-06
0.98041505,1.0,1.0000032e-06
0.9803799,1.0,1.0000032e-06
0.98035955,1.0,1.0000032e-06
0.98025745,1.0,1.0000031e-06
0.98021495,1.0,1.0000031e-06
0.98019576,1.0,1.0000031e-06
0.9800939,1.0,1.0000031e-06
0.9800082,1.0,1.000003e-06
0.9799363,1.0,1.000003e-06
0.9799363,1.0,1.000003e-06
0.9798463,1.0,1.0000028e-06
0.97981584,1.0,1.0000028e-06
0.9797786,1.0,1.0000028e-06
0.9797475,1.0,1.0000028e-06
0.9785273,1.0,1.0000027e-06
0.97966033,1.0,1.0000027e-06
0.97961706,1.0,1.0000027e-06
0.97958195,1.0,1.0000027e-06
0.97948617,1.0,1.0000026e-06
0.979459,1.0,1.0000026e-06
0.9793384,1.0,1.0000026e-06
0.9793273,1.0,1.0000026e-06
0.9792339,1.0,1.0000025e-06
0.9791624,1.0,1.0000025e-06
0.97907907,1.0,1.0000025e-06
0.97905195,1.0,1.0000025e-06
0.97896826,1.0,1.0000024e-06
0.9789115,1.0,1.0000024e-06
0.9788436,1.0,1.0000024e-06
0.9787597,1.0,1.0000024e-06
0.9787117,1.0,1.0000023e-06
0.97862375,1.0,1.0000023e-06
0.97856677,1.0,1.0000023e-06
0.9784923,1.0,1.0000023e-06
0.97836775,1.0,1.0000023e-06
0.9783193,1.0,1.0000022e-06
0.97821456,1.0,1.0000022e-06
0.97814393,1.0,1.0000022e-06
0.9781204,1.0,1.0000022e-06
0.97801363,1.0,1.0000022e-06
0.9779973,1.0,1.000002e-06
0.97786534,1.0,1.000002e-06
0.9778085,1.0,1.000002e-06
0.97767353,1.0,1.000002e-06
0.9776909,1.0,1.000002e-06
0.9775594,1.0,1.0000019e-06
0.97746754,1.0,1.0000019e-06
0.9774213,1.0,1.0000019e-06
0.9774179,1.0,1.0000019e-06
0.9772771,1.0,1.0000019e-06
0.9772411,1.0,1.0000019e-06
0.97717625,1.0,1.0000018e-06
0.9771531,1.0,1.0000018e-06
0.9770657,1.0,1.0000018e-06
0.9769888,1.0,1.0000018e-06
0.9769043,1.0,1.0000018e-06
0.97681856,1.0,1.0000018e-06
0.97674036,1.0,1.0000018e-06
0.97668463,1.0,1.0000017e-06
0.9766547,1.0,1.0000017e-06
0.97657025,1.0,1.0000017e-06
0.97648597,1.0,1.0000017e-06
0.97641075,1.0,1.0000017e-06
0.97626996,1.0,1.0000017e-06
0.9762116,1.0,1.0000017e-06
0.97617304,1.0,1.0000016e-06
0.9760848,1.0,1.0000016e-06
0.97599334,1.0,1.0000016e-06
0.9758892,1.0,1.0000016e-06
0.9758277,1.0,1.0000016e-06
0.97578496,1.0,1.0000016e-06
0.9757008,1.0,1.0000016e-06
0.9756486,1.0,1.0000015e-06
0.9755984,1.0,1.0000015e-06
0.97553563,1.0,1.0000015e-06
0.97541887,1.0,1.0000015e-06
0.97536474,1.0,1.0000015e-06
0.9752419,1.0,1.0000015e-06
0.97515684,1.0,1.0000015e-06
0.97511834,1.0,1.0000015e-06
0.9750695,1.0,1.0000015e-06
0.9749437,1.0,1.0000014e-06
0.97491956,1.0,1.0000014e-06
0.9747638,1.0,1.0000014e-06
0.9747455,1.0,1.0000014e-06
0.9747058,1.0,1.0000014e-06
0.9746449,1.0,1.0000014e-06
0.9745721,1.0,1.0000014e-06
0.97446024,1.0,1.0000014e-06
0.97436565,1.0,1.0000014e-06
0.97433263,1.0,1.0000014e-06
0.97419655,1.0,1.0000014e-06
0.9741202,1.0,1.0000012e-06
0.97408736,1.0,1.0000012e-06
0.973977,1.0,1.0000012e-06
0.9738887,1.0,1.0000012e-06
0.9738212,1.0,1.0000012e-06
0.9737186,1.0,1.0000012e-06
0.9736446,1.0,1.0000012e-06
0.9735584,1.0,1.0000012e-06
0.97344524,1.0,1.0000012e-06
0.9733699,1.0,1.0000012e-06
0.97329444,1.0,1.0000012e-06
0.9731524,1.0,1.0000012e-06
0.9731122,1.0,1.0000011e-06
0.97303903,1.0,1.0000011e-06
0.97296196,1.0,1.0000011e-06
0.9729363,1.0,1.0000011e-06
0.97282267,1.0,1.0000011e-06
0.9727931,1.0,1.0000011e-06
0.9726496,1.0,1.0000011e-06
0.97259915,1.0,1.0000011e-06
0.972485,1.0,1.0000011e-06
0.9724444,1.0,1.0000011e-06
0.972338,1.0,1.0000011e-06
0.9722382,1.0,1.0000011e-06
0.97209984,1.0,1.0000011e-06
0.9720322,1.0,1.0000011e-06
0.97190964,1.0,1.0000011e-06
0.9718419,1.0,1.0000011e-06
0.9717805,1.0,1.0000011e-06
0.9716917,1.0,1.000001e-06
0.97164476,1.0,1.000001e-06
0.97153515,1.0,1.000001e-06
0.9714629,1.0,1.000001e-06
0.9712829,1.0,1.000001e-06
0.9711685,1.0,1.000001e-06
0.9710279,1.0,1.000001e-06
0.97093767,1.0,1.000001e-06
0.97089404,1.0,1.000001e-06
0.9707397,1.0,1.000001e-06
0.97062725,1.0,1.000001e-06
0.97054565,1.0,1.000001e-06
0.9704208,1.0,1.000001e-06
0.97040904,1.0,1.000001e-06
0.9702685,1.0,1.000001e-06
0.97019774,1.0,1.000001e-06
0.9700993,1.0,1.000001e-06
0.9699297,1.0,1.000001e-06
0.96986735,1.0,1.000001e-06
0.9697841,1.0,1.000001e-06
0.9696295,1.0,1.000001e-06
0.9695402,1.0,1.000001e-06
0.9694674,1.0,1.000001e-06
0.9693544,1.0,1.000001e-06
0.96922714,1.0,1.000001e-06
0.96916217,1.0,1.000001e-06
0.969066,1.0,1.000001e-06
0.9689816,1.0,1.000001e-06
0.96882904,1.0,1.000001e-06
0.9687497,1.0,1.000001e-06
0.9686485,1.0,1.000001e-06
0.9685294,1.0,1.0000009e-06
0.96845496,1.0,1.0000009e-06
0.96833783,1.0,1.0000009e-06
0.96824306,1.0,1.0000009e-06
0.96814686,1.0,1.0000009e-06
0.96807903,1.0,1.0000009e-06
0.96800244,1.0,1.0000009e-06
0.9679155,1.0,1.0000009e-06
0.9677767,1.0,1.0000009e-06
0.96771276,1.0,1.0000009e-06
0.96757454,1.0,1.0000009e-06
0.96745044,1.0,1.0000009e-06
0.9673522,1.0,1.0000009e-06
0.96725494,1.0,1.0000009e-06
0.96720916,1.0,1.0000009e-06
0.9670369,1.0,1.0000009e-06
0.9669654,1.0,1.0000009e-06
0.9668166,1.0,1.0000009e-06
0.9667059,1.0,1.0000009e-06
0.9665921,1.0,1.0000009e-06
0.9665013,1.0,1.0000009e-06
0.96639013,1.0,1.0000009e-06
0.9662837,1.0,1.0000009e-06
0.9661319,1.0,1.0000009e-06
0.9659967,1.0,1.0000009e-06
0.96585745,1.0,1.0000009e-06
0.96581876,1.0,1.0000009e-06
0.9657154,1.0,1.0000009e-06
0.96558064,1.0,1.0000009e-06
0.9654511,1.0,1.000001e-06
0.9653398,1.0,1.000001e-06
0.9652748,1.0,1.000001e-06
0.965091,1.0,1.000001e-06
0.9650091,1.0,1.000001e-06
0.9648856,1.0,1.000001e-06
0.96481115,1.0,1.000001e-06
0.9646346,1.0,1.000001e-06
0.96337247,1.0,1.000001e-06
0.96448004,1.0,1.000001e-06
0.9643397,1.0,1.000001e-06
0.96426183,1.0,1.000001e-06
0.9641435,1.0,1.000001e-06
0.9640519,1.0,1.000001e-06
0.9638193,1.0,1.000001e-06
0.96377146,1.0,1.000001e-06
0.9636668,1.0,1.000001e-06
0.9635288,1.0,1.000001e-06
0.9634444,1.0,1.000001e-06
0.9632751,1.0,1.000001e-06
0.96313095,1.0,1.000001e-06
0.9630128,1.0,1.000001e-06
0.962903,1.0,1.000001e-06
0.9627641,1.0,1.000001e-06
0.9626639,1.0,1.000001e-06
0.96257883,1.0,1.000001e-06
0.96239436,1.0,1.000001e-06
0.9623075,1.0,1.000001e-06
0.96212125,1.0,1.0000011e-06
0.9620325,1.0,1.0000011e-06
0.96188504,1.0,1.0000011e-06
0.9617058,1.0,1.0000011e-06
0.9615384,1.0,1.0000011e-06
0.96146935,1.0,1.0000011e-06
0.96128434,1.0,1.0000011e-06
0.9612252,1.0,1.0000011e-06
0.96104234,1.0,1.0000011e-06
0.9609348,1.0,1.0000011e-06
0.96082765,1.0,1.0000011e-06
0.96063644,1.0,1.0000011e-06
0.9604742,1.0,1.0000011e-06
0.96035093,1.0,1.0000011e-06
0.9602126,1.0,1.0000012e-06
0.96006966,1.0,1.0000012e-06
0.9598648,1.0,1.0000012e-06
0.959714,1.0,1.0000012e-06
0.9595919,1.0,1.0000012e-06
0.95941263,1.0,1.0000012e-06
0.959277,1.0,1.0000012e-06
0.95911133,1.0,1.0000012e-06
0.95895433,1.0,1.0000012e-06
0.9587279,1.0,1.0000012e-06
0.9585525,1.0,1.0000014e-06
0.95842284,1.0,1.0000014e-06
0.95826167,1.0,1.0000014e-06
0.9580296,1.0,1.0000014e-06
0.95786476,1.0,1.0000014e-06
0.95763654,1.0,1.0000014e-06
0.95745033,1.0,1.0000014e-06
0.9572557,1.0,1.0000014e-06
0.95707625,1.0,1.0000015e-06
0.9568411,1.0,1.0000015e-06
0.9566328,1.0,1.0000015e-06
0.95646095,1.0,1.0000015e-06
0.9562427,1.0,1.0000015e-06
0.95609736,1.0,1.0000015e-06
0.95591664,1.0,1.0000015e-06
0.95568615,1.0,1.0000016e-06
0.95543665,1.0,1.0000016e-06
0.955275,1.0,1.0000016e-06
0.9551058,1.0,1.0000016e-06
0.9548739,1.0,1.0000016e-06
0.9546616,1.0,1.0000016e-06
0.95445234,1.0,1.0000017e-06
0.9542195,1.0,1.0000017e-06
0.95400494,1.0,1.0000017e-06
0.9537648,1.0,1.0000017e-06
0.9535414,1.0,1.0000017e-06
0.95332235,1.0,1.0000018e-06
0.9531466,1.0,1.0000018e-06
0.95294404,1.0,1.0000018e-06
0.95263755,1.0,1.0000018e-06
0.95249575,1.0,1.0000019e-06
0.95230716,1.0,1.0000019e-06
0.95214343,1.0,1.0000019e-06
0.95185715,1.0,1.0000019e-06
0.95164573,1.0,1.000002e-06
0.95129734,1.0,1.000002e-06
0.9511338,1.0,1.000002e-06
0.9508876,1.0,1.000002e-06
0.95061666,1.0,1.0000022e-06
0.9503936,1.0,1.0000022e-06
0.95008147,1.0,1.0000022e-06
0.9498404,1.0,1.0000022e-06
0.9495462,1.0,1.0000023e-06
0.94930536,1.0,1.0000023e-06
0.9490574,1.0,1.0000023e-06
0.9487362,1.0,1.0000024e-06
0.94847494,1.0,1.0000024e-06
0.9481954,1.0,1.0000024e-06
0.9478688,1.0,1.0000025e-06
0.9475768,1.0,1.0000025e-06
0.94721043,1.0,1.0000025e-06
0.9469205,1.0,1.0000026e-06
0.9466789,1.0,1.0000026e-06
0.9463464,1.0,1.0000027e-06
0.94601697,1.0,1.0000027e-06
0.94568115,1.0,1.0000027e-06
0.9453867,1.0,1.0000028e-06
0.9451004,1.0,1.0000028e-06
0.9447992,1.0,1.000003e-06
0.9444649,1.0,1.000003e-06
0.9441529,1.0,1.0000031e-06
0.94386756,1.0,1.0000031e-06
0.9435139,1.0,1.0000032e-06
0.9431969,1.0,1.0000032e-06
0.9428273,1.0,1.0000033e-06
0.9425368,1.0,1.0000033e-06
0.94218755,1.0,1.0000034e-06
0.9417929,1.0,1.0000034e-06
0.9414048,1.0,1.0000035e-06
0.9409995,1.0,1.0000035e-06
0.9406216,1.0,1.0000036e-06
0.9402422,1.0,1.0000037e-06
0.9398524,1.0,1.0000037e-06
0.939427,1.0,1.0000039e-06
0.9390594,1.0,1.0000039e-06
0.9386896,1.0,1.000004e-06
0.93825626,1.0,1.0000041e-06
0.9378472,1.0,1.0000042e-06
0.93747085,1.0,1.0000042e-06
0.9370426,1.0,1.0000043e-06
0.93661034,1.0,1.0000044e-06
0.9361152,1.0,1.0000044e-06
0.935664,1.0,1.0000045e-06
0.9351661,1.0,1.0000047e-06
0.93476695,1.0,1.0000048e-06
0.9342497,1.0,1.0000049e-06
0.933708,1.0,1.000005e-06
0.9332203,1.0,1.000005e-06
0.9326824,1.0,1.0000051e-06
0.9321943,1.0,1.0000052e-06
0.9316475,1.0,1.0000053e-06
0.9311254,1.0,1.0000055e-06
0.9306236,1.0,1.0000056e-06
0.93005437,1.0,1.0000057e-06
0.92943406,1.0,1.0000058e-06
0.9289024,1.0,1.0000059e-06
0.92828006,1.0,1.000006e-06
0.9276945,1.0,1.0000063e-06
0.9271221,1.0,1.0000064e-06
0.9265121,1.0,1.0000065e-06
0.92586833,1.0,1.0000066e-06
0.92526066,1.0,1.0000067e-06
0.92458695,1.0,1.0000069e-06
0.9238853,1.0,1.000007e-06
0.9232542,1.0,1.0000072e-06
0.92254364,1.0,1.0000074e-06
0.9218441,1.0,1.0000075e-06
0.9211665,1.0,1.0000076e-06
0.9203951,1.0,1.0000078e-06
0.9196867,1.0,1.000008e-06
0.9188904,1.0,1.0000082e-06
0.91813976,1.0,1.0000083e-06
0.9173757,1.0,1.0000085e-06
0.91658485,1.0,1.0000088e-06
0.91579825,1.0,1.0000089e-06
0.91492337,1.0,1.0000091e-06
0.914121,1.0,1.0000093e-06
0.91316426,1.0,1.0000095e-06
0.9123081,1.0,1.0000098e-06
0.91145647,1.0,1.00001e-06
0.9106139,1.0,1.0000101e-06
0.9096304,1.0,1.0000103e-06
0.90879273,1.0,1.0000106e-06
0.9078966,1.0,1.0000109e-06
0.90700054,1.0,1.0000111e-06
0.90603274,1.0,1.0000114e-06
0.9051212,1.0,1.0000116e-06
0.90417194,1.0,1.0000118e-06
0.90318966,1.0,1.0000122e-06
0.9022466,1.0,1.0000124e-06
0.90119934,1.0,1.0000127e-06
0.9002211,1.0,1.000013e-06
0.89920807,1.0,1.0000133e-06
0.8981452,1.0,1.0000135e-06
0.8970631,1.0,1.0000139e-06
0.8960795,1.0,1.0000142e-06
0.8938408,1.0,1.0000145e-06
0.89394736,1.0,1.0000149e-06
0.8929234,1.0,1.0000152e-06
0.891888,1.0,1.0000156e-06
0.8907487,1.0,1.0000159e-06
0.8896061,1.0,1.0000163e-06
0.8884358,1.0,1.0000166e-06
0.8872615,1.0,1.0000169e-06
0.88610435,1.0,1.0000174e-06
0.8849474,1.0,1.0000177e-06
0.88383704,1.0,1.0000182e-06
0.88272816,1.0,1.0000185e-06
0.88151115,1.0,1.000019e-06
0.88151115,1.0,1.0000194e-06
0.88151115,1.0,1.0000199e-06
0.88151115,1.0,1.0000203e-06
0.88151115,1.0,1.0000208e-06
0.88151115,1.0,1.0000213e-06
0.88151115,1.0,1.0000217e-06
0.88151115,1.0,1.0000223e-06
0.88151115,1.0,1.0000227e-06
0.88151115,1.0,1.0000233e-06
0.88151115,1.0,1.0000238e-06
0.88151115,1.0,1.0000243e-06
0.88151115,1.0,1.0000249e-06
0.88151115,1.0,1.0000255e-06
0.88151115,1.0,1.000026e-06
0.88151115,1.0,1.0000266e-06
0.88151115,1.0,1.0000272e-06
0.88151115,1.0,1.0000279e-06
0.88151115,1.0,1.0000284e-06
0.88151115,1.0,1.0000291e-06
0.88151115,1.0,1.0000298e-06
0.88151115,1.0,1.0000305e-06
0.88151115,1.0,1.0000311e-06
0.88151115,1.0,1.0000318e-06
0.88151115,1.0,1.0000325e-06
0.88151115,1.0,1.0000332e-06
0.88151115,1.0,1.000034e-06
0.88151115,1.0,1.0000347e-06
0.88151115,1.0,1.0000355e-06
0.88151115,1.0,1.0000363e-06
0.88151115,1.0,1.0000371e-06
0.88151115,1.0,1.0000379e-06
0.88151115,1.0,1.0000388e-06
0.88151115,1.0,1.0000396e-06
0.88151115,1.0,1.0000405e-06
0.88151115,1.0,1.0000413e-06
0.9965044,1.0,1.0000747e-06
0.99614316,1.0,1.0000747e-06
0.99602854,1.0,1.0000747e-06
0.9957834,1.0,1.0000746e-06
0.9953016,1.0,1.0000746e-06
0.99530715,1.0,1.0000746e-06
0.99516356,1.0,1.0000745e-06
0.99460775,1.0,1.0000745e-06
0.9946193,1.0,1.0000745e-06
0.99442124,1.0,1.0000743e-06
0.993977,1.0,1.0000742e-06
0.9939264,1.0,1.0000742e-06
0.99365294,1.0,1.0000741e-06
0.9932957,1.0,1.000074e-06
0.99321645,1.0,1.0000739e-06
0.9929765,1.0,1.0000738e-06
0.9926263,1.0,1.0000737e-06
0.9924379,1.0,1.0000736e-06
0.9922272,1.0,1.0000734e-06
0.9918027,1.0,1.0000733e-06
0.9916368,1.0,1.0000731e-06
0.99140316,1.0,1.000073e-06
0.9911411,1.0,1.0000729e-06
0.99087197,1.0,1.0000726e-06
0.9904636,1.0,1.0000725e-06
0.9902537,1.0,1.0000723e-06
0.99002516,1.0,1.0000721e-06
0.9895917,1.0,1.0000718e-06
0.98947966,1.0,1.0000716e-06
0.98918295,1.0,1.0000714e-06
0.98862773,1.0,1.0000712e-06
0.98850155,1.0,1.0000709e-06
0.9882931,1.0,1.0000707e-06
0.9878689,1.0,1.0000705e-06
0.98778015,1.0,1.0000701e-06
0.98719746,1.0,1.0000699e-06
0.98690885,1.0,1.0000696e-06
0.986551,1.0,1.0000693e-06
0.98644006,1.0,1.000069e-06
0.98593265,1.0,1.0000687e-06
0.98594815,1.0,1.0000683e-06
0.9856105,1.0,1.0000681e-06
0.9851755,1.0,1.0000678e-06
0.98501223,1.0,1.0000673e-06
0.98475575,1.0,1.000067e-06
0.9843305,1.0,1.0000666e-06
0.98424375,1.0,1.0000663e-06
0.9839717,1.0,1.0000659e-06
0.9835431,1.0,1.0000655e-06
0.98332256,1.0,1.0000651e-06
0.9828978,1.0,1.0000647e-06
0.98264736,1.0,1.0000642e-06
0.9824222,1.0,1.0000639e-06
0.9819484,1.0,1.0000634e-06
0.98164165,1.0,1.000063e-06
0.9814459,1.0,1.0000625e-06
0.98088217,1.0,1.0000621e-06
0.98045474,1.0,1.0000616e-06
0.98050237,1.0,1.0000612e-06
0.98005164,1.0,1.0000607e-06
0.9797141,1.0,1.0000601e-06
0.97961724,1.0,1.0000597e-06
0.97883105,1.0,1.0000592e-06
0.9787054,1.0,1.0000587e-06
0.9784701,1.0,1.0000582e-06
0.9775882,1.0,1.0000576e-06
0.97769177,1.0,1.0000571e-06
0.9775017,1.0,1.0000566e-06
0.9765572,1.0,1.000056e-06
0.9767251,1.0,1.0000555e-06
0.97654974,1.0,1.0000549e-06
0.9758829,1.0,1.0000543e-06
0.9759144,1.0,1.0000538e-06
0.9756587,1.0,1.0000532e-06
0.9745361,1.0,1.0000526e-06
0.974675,1.0,1.0000521e-06
0.9742575,1.0,1.0000515e-06
0.9736184,1.0,1.0000509e-06
0.9738291,1.0,1.0000502e-06
0.9736444,1.0,1.0000497e-06
0.97288764,1.0,1.0000491e-06
0.97253484,1.0,1.0000485e-06
0.97276276,1.0,1.0000479e-06
0.9724162,1.0,1.0000473e-06
0.9721034,1.0,1.0000467e-06
0.9716231,1.0,1.000046e-06
0.97119707,1.0,1.0000455e-06
0.97051424,1.0,1.0000448e-06
0.97078913,1.0,1.0000442e-06
0.96969664,1.0,1.0000435e-06
0.96986926,1.0,1.000043e-06
0.9692045,1.0,1.0000424e-06
0.96895486,1.0,1.0000417e-06
0.9689588,1.0,1.0000412e-06
0.96831334,1.0,1.0000405e-06
0.9681453,1.0,1.0000399e-06
0.9676947,1.0,1.0000392e-06
0.96768045,1.0,1.0000387e-06
0.9672165,1.0,1.000038e-06
0.96676564,1.0,1.0000374e-06
0.9665926,1.0,1.0000367e-06
0.9661971,1.0,1.0000361e-06
0.9650928,1.0,1.0000356e-06
0.9652932,1.0,1.0000349e-06
0.96527725,1.0,1.0000343e-06
0.96510273,1.0,1.0000338e-06
0.9641813,1.0,1.0000331e-06
0.9643502,1.0,1.0000325e-06
0.9639093,1.0,1.000032e-06
0.9634883,1.0,1.0000313e-06
0.9630597,1.0,1.0000307e-06
0.9622608,1.0,1.0000301e-06
0.9626324,1.0,1.0000296e-06
0.9621604,1.0,1.000029e-06
0.9616871,1.0,1.0000284e-06
0.9616342,1.0,1.0000279e-06
0.9612881,1.0,1.0000273e-06
0.96116334,1.0,1.0000267e-06
0.96041006,1.0,1.0000261e-06
0.95995146,1.0,1.0000256e-06
0.96012735,1.0,1.000025e-06
0.95963955,1.0,1.0000246e-06
0.95898527,1.0,1.000024e-06
0.9597992,1.0,1.0000234e-06
0.958978,1.0,1.000023e-06
0.958036,1.0,1.0000224e-06
0.9583221,1.0,1.0000219e-06
0.9572063,1.0,1.0000215e-06
0.9571282,1.0,1.0000209e-06
0.95683837,1.0,1.0000205e-06
0.95632046,1.0,1.00002e-06
0.955917,1.0,1.0000196e-06
0.95617956,1.0,1.0000191e-06
0.9556873,1.0,1.0000186e-06
0.9553284,1.0,1.0000182e-06
0.9549965,1.0,1.0000177e-06
0.954968,1.0,1.0000173e-06
0.9543813,1.0,1.0000168e-06
0.9544688,1.0,1.0000164e-06
0.9541375,1.0,1.000016e-06
0.9537871,1.0,1.0000156e-06
0.95399034,1.0,1.0000152e-06
0.95293516,1.0,1.0000148e-06
0.9522789,1.0,1.0000144e-06
0.9524937,1.0,1.000014e-06
0.9521041,1.0,1.0000136e-06
0.9518088,1.0,1.0000133e-06
0.95193654,1.0,1.000013e-06
0.9512268,1.0,1.0000126e-06
0.9506943,1.0,1.0000123e-06
0.9503686,1.0,1.0000119e-06
0.9506494,1.0,1.0000116e-06
0.949823,1.0,1.0000113e-06
0.94945234,1.0,1.000011e-06
0.949224,1.0,1.0000107e-06
0.9489315,1.0,1.0000103e-06
0.9483865,1.0,1.0000101e-06
0.94791424,1.0,1.0000098e-06
0.94797915,1.0,1.0000095e-06
0.9479208,1.0,1.0000093e-06
0.9474837,1.0,1.000009e-06
0.9472175,1.0,1.0000088e-06
0.9471595,1.0,1.0000085e-06
0.9467998,1.0,1.0000083e-06
0.94640696,1.0,1.0000081e-06
0.9462649,1.0,1.0000078e-06
0.9461171,1.0,1.0000076e-06
0.9454092,1.0,1.0000074e-06
0.9449033,1.0,1.0000072e-06
0.944937,1.0,1.0000069e-06
0.94441694,1.0,1.0000067e-06
0.94430554,1.0,1.0000065e-06
0.94398683,1.0,1.0000064e-06
0.9437137,1.0,1.0000061e-06
0.9431134,1.0,1.000006e-06
0.94330335,1.0,1.0000058e-06
0.94293904,1.0,1.0000057e-06
0.9427249,1.0,1.0000055e-06
0.9425735,1.0,1.0000053e-06
0.9420359,1.0,1.0000051e-06
0.94149446,1.0,1.000005e-06
0.9414617,1.0,1.0000049e-06
0.94128114,1.0,1.0000048e-06
0.94060266,1.0,1.0000045e-06
0.94061756,1.0,1.0000044e-06
0.9403865,1.0,1.0000043e-06
0.940057,1.0,1.0000042e-06
0.93932295,1.0,1.0000041e-06
0.93944514,1.0,1.000004e-06
0.93885106,1.0,1.0000039e-06
0.93892753,1.0,1.0000037e-06
0.93864197,1.0,1.0000036e-06
0.93822175,1.0,1.0000035e-06
0.9381481,1.0,1.0000034e-06
0.93747944,1.0,1.0000033e-06
0.9376051,1.0,1.0000033e-06
0.9371345,1.0,1.0000032e-06
0.93663317,1.0,1.0000031e-06
0.93661636,1.0,1.000003e-06
0.93626654,1.0,1.000003e-06
0.9361883,1.0,1.0000028e-06
0.9360142,1.0,1.0000027e-06
0.93503726,1.0,1.0000027e-06
0.93498075,1.0,1.0000026e-06
0.9348177,1.0,1.0000025e-06
0.8793199,1.0,1.0000025e-06
0.9324423,1.0,1.0000024e-06
0.93317366,1.0,1.0000024e-06
0.93327373,1.0,1.0000023e-06
0.93307465,1.0,1.0000023e-06
0.93316513,1.0,1.0000022e-06
0.9328747,1.0,1.0000022e-06
0.9321973,1.0,1.000002e-06
0.9321477,1.0,1.000002e-06
0.93219614,1.0,1.0000019e-06
0.9317967,1.0,1.0000019e-06
0.93166006,1.0,1.0000018e-06
0.93151003,1.0,1.0000018e-06
0.93124706,1.0,1.0000018e-06
0.93101937,1.0,1.0000017e-06
0.9311482,1.0,1.0000017e-06
0.9304109,1.0,1.0000017e-06
0.9305104,1.0,1.0000016e-06
0.92990905,1.0,1.0000016e-06
0.92947096,1.0,1.0000016e-06
0.9296726,1.0,1.0000015e-06
0.9292319,1.0,1.0000015e-06
0.9287896,1.0,1.0000015e-06
0.9290176,1.0,1.0000015e-06
0.92861825,1.0,1.0000014e-06
0.92857057,1.0,1.0000014e-06
0.928483,1.0,1.0000014e-06
0.9280977,1.0,1.0000014e-06
0.92704606,1.0,1.0000014e-06
0.9273572,1.0,1.0000012e-06
0.9268295,1.0,1.0000012e-06
0.9267064,1.0,1.0000012e-06
0.92651653,1.0,1.0000012e-06
0.9262292,1.0,1.0000012e-06
0.92559433,1.0,1.0000011e-06
0.9254958,1.0,1.0000011e-06
0.9252175,1.0,1.0000011e-06
0.92489266,1.0,1.0000011e-06
0.9247079,1.0,1.0000011e-06
0.92428297,1.0,1.0000011e-06
0.9238293,1.0,1.0000011e-06
0.92404026,1.0,1.0000011e-06
0.92355764,1.0,1.000001e-06
0.92360187,1.0,1.000001e-06
0.923336,1.0,1.000001e-06
0.92299324,1.0,1.000001e-06
0.9227941,1.0,1.000001e-06
0.92198706,1.0,1.000001e-06
0.9218718,1.0,1.000001e-06
0.9215967,1.0,1.000001e-06
0.9216726,1.0,1.000001e-06
0.9216747,1.0,1.000001e-06
0.9209483,1.0,1.000001e-06
0.9206925,1.0,1.000001e-06
0.92031854,1.0,1.000001e-06
0.9200436,1.0,1.0000009e-06
0.9197543,1.0,1.0000009e-06
0.9192268,1.0,1.0000009e-06
0.9193229,1.0,1.0000009e-06
0.9190966,1.0,1.0000009e-06
0.91855305,1.0,1.0000009e-06
0.91799337,1.0,1.0000009e-06
0.917511,1.0,1.0000009e-06
0.91750413,1.0,1.0000009e-06
0.91733277,1.0,1.0000009e-06
0.9163657,1.0,1.0000009e-06
0.91662425,1.0,1.0000009e-06
0.9164546,1.0,1.0000009e-06
0.9159376,1.0,1.0000009e-06
0.915427,1.0,1.0000009e-06
0.9153208,1.0,1.0000009e-06
0.915218,1.0,1.0000009e-06
0.91473675,1.0,1.0000009e-06
0.9141646,1.0,1.0000009e-06
0.9142196,1.0,1.000001e-06
0.91363114,1.0,1.000001e-06
0.91313714,1.0,1.000001e-06
0.91322476,1.0,1.000001e-06
0.91307205,1.0,1.000001e-06
0.9127311,1.0,1.000001e-06
0.9127089,1.0,1.000001e-06
0.91177124,1.0,1.000001e-06
0.9114434,1.0,1.000001e-06
0.9114439,1.0,1.000001e-06
0.9109591,1.0,1.000001e-06
0.9102723,1.0,1.000001e-06
0.9105074,1.0,1.000001e-06
0.909964,1.0,1.000001e-06
0.909576,1.0,1.000001e-06
0.90915465,1.0,1.0000011e-06
0.9088853,1.0,1.0000011e-06
0.9086564,1.0,1.0000011e-06
0.9082572,1.0,1.0000011e-06
0.90808403,1.0,1.0000011e-06
0.9076298,1.0,1.0000011e-06
0.90712994,1.0,1.0000011e-06
0.90692484,1.0,1.0000011e-06
0.9064337,1.0,1.0000012e-06
0.9061587,1.0,1.0000012e-06
0.9053531,1.0,1.0000012e-06
0.90545183,1.0,1.0000012e-06
0.90492475,1.0,1.0000012e-06
0.9044983,1.0,1.0000012e-06
0.9048837,1.0,1.0000014e-06
0.90429455,1.0,1.0000014e-06
0.9035442,1.0,1.0000014e-06
0.90370524,1.0,1.0000014e-06
0.9032184,1.0,1.0000014e-06
0.9030349,1.0,1.0000015e-06
0.90286183,1.0,1.0000015e-06
0.9020412,1.0,1.0000015e-06
0.9015613,1.0,1.0000015e-06
0.90100896,1.0,1.0000016e-06
0.9008879,1.0,1.0000016e-06
0.90067446,1.0,1.0000016e-06
0.9004464,1.0,1.0000016e-06
0.899967,1.0,1.0000017e-06
0.89995265,1.0,1.0000017e-06
0.89929557,1.0,1.0000017e-06
0.8993137,1.0,1.0000018e-06
0.89853513,1.0,1.0000018e-06
0.89792013,1.0,1.0000018e-06
0.897819,1.0,1.0000018e-06
0.89757574,1.0,1.0000019e-06
0.89682764,1.0,1.0000019e-06
0.89614016,1.0,1.000002e-06
0.89636534,1.0,1.000002e-06
0.8955411,1.0,1.000002e-06
0.8953623,1.0,1.0000022e-06
0.89492965,1.0,1.0000022e-06
0.8945615,1.0,1.0000022e-06
0.894454,1.0,1.0000023e-06
0.8938853,1.0,1.0000023e-06
0.8929655,1.0,1.0000024e-06
0.8928372,1.0,1.0000024e-06
0.89282894,1.0,1.0000025e-06
0.892419,1.0,1.0000025e-06
0.8913472,1.0,1.0000025e-06
0.89142156,1.0,1.0000026e-06
0.89103425,1.0,1.0000026e-06
0.8905906,1.0,1.0000027e-06
0.89019686,1.0,1.0000027e-06
0.8899626,1.0,1.0000028e-06
0.8897804,1.0,1.0000028e-06
0.8894542,1.0,1.000003e-06
0.88887864,1.0,1.000003e-06
0.8880984,1.0,1.0000031e-06
0.8878039,1.0,1.0000031e-06
0.88746035,1.0,1.0000032e-06
0.8868618,1.0,1.0000033e-06
0.8862372,1.0,1.0000033e-06
0.88612795,1.0,1.0000034e-06
0.8860499,1.0,1.0000034e-06
0.8849422,1.0,1.0000035e-06
0.88488287,1.0,1.0000035e-06
0.8844492,1.0,1.0000036e-06
0.88367844,1.0,1.0000037e-06
0.88378084,1.0,1.0000037e-06
0.88307583,1.0,1.0000039e-06
0.88262564,1.0,1.0000039e-06
0.8824294,1.0,1.000004e-06
0.8821065,1.0,1.0000041e-06
0.881224,1.0,1.0000041e-06
0.88104224,1.0,1.0000042e-06
0.8803144,1.0,1.0000042e-06
0.8798634,1.0,1.0000043e-06
0.87972057,1.0,1.0000044e-06
0.8792548,1.0,1.0000044e-06
0.8785606,1.0,1.0000045e-06
0.87782556,1.0,1.0000045e-06
0.8773473,1.0,1.0000047e-06
0.8766863,1.0,1.0000048e-06
0.87686753,1.0,1.0000048e-06
0.8759541,1.0,1.0000049e-06
0.8759229,1.0,1.000005e-06
0.8752744,1.0,1.000005e-06
0.8743457,1.0,1.0000051e-06
0.8740239,1.0,1.0000051e-06
0.8736342,1.0,1.0000052e-06
0.87299883,1.0,1.0000053e-06
0.8722602,1.0,1.0000053e-06
0.87208253,1.0,1.0000055e-06
0.8715938,1.0,1.0000055e-06
0.8712859,1.0,1.0000056e-06
0.8703624,1.0,1.0000056e-06
0.86945033,1.0,1.0000057e-06
0.8691227,1.0,1.0000058e-06
0.8684576,1.0,1.0000058e-06
0.8683058,1.0,1.0000059e-06
0.86781085,1.0,1.0000059e-06
0.86723,1.0,1.000006e-06
0.8668321,1.0,1.000006e-06
0.86604416,1.0,1.0000061e-06
0.86560684,1.0,1.0000061e-06
0.86500245,1.0,1.0000063e-06
0.8639573,1.0,1.0000063e-06
0.86370957,1.0,1.0000063e-06
0.863194,1.0,1.0000064e-06
0.8626135,1.0,1.0000064e-06
0.86235166,1.0,1.0000065e-06
0.86171365,1.0,1.0000065e-06
0.8608909,1.0,1.0000065e-06
0.8600588,1.0,1.0000066e-06
0.8596543,1.0,1.0000066e-06
0.8589168,1.0,1.0000066e-06
0.8585979,1.0,1.0000067e-06
0.8576732,1.0,1.0000067e-06
0.8570385,1.0,1.0000067e-06
0.8560707,1.0,1.0000068e-06
0.85593635,1.0,1.0000068e-06
0.8550049,1.0,1.0000068e-06
0.8543569,1.0,1.0000068e-06
0.853852,1.0,1.0000068e-06
0.85332185,1.0,1.0000069e-06
0.85270745,1.0,1.0000069e-06
0.852099,1.0,1.0000069e-06
0.85148317,1.0,1.0000069e-06
0.8506548,1.0,1.0000069e-06
0.85006714,1.0,1.0000069e-06
0.84885556,1.0,1.0000069e-06
0.8490431,1.0,1.0000069e-06
0.84809,1.0,1.0000069e-06
0.84726924,1.0,1.0000069e-06
0.84638673,1.0,1.000007e-06
0.8459754,1.0,1.000007e-06
0.8450279,1.0,1.000007e-06
0.8447694,1.0,1.000007e-06
0.8440565,1.0,1.0000069e-06
0.84346825,1.0,1.0000069e-06
0.8425,1.0,1.0000069e-06
0.8415958,1.0,1.0000069e-06
0.84087884,1.0,1.0000069e-06
0.8403048,1.0,1.0000069e-06
0.83958334,1.0,1.0000069e-06
0.8388982,1.0,1.0000069e-06
0.8378774,1.0,1.0000069e-06
0.83696866,1.0,1.0000068e-06
0.8365511,1.0,1.0000068e-06
0.83539826,1.0,1.0000068e-06
0.83485234,1.0,1.0000068e-06
0.83374095,1.0,1.0000068e-06
0.8331425,1.0,1.0000067e-06
0.8324884,1.0,1.0000067e-06
0.8316121,1.0,1.0000067e-06
0.83074534,1.0,1.0000067e-06
0.8298566,1.0,1.0000066e-06
0.82878155,1.0,1.0000066e-06
0.827682,1.0,1.0000066e-06
0.8267351,1.0,1.0000066e-06
0.82526517,1.0,1.0000065e-06
0.82523423,1.0,1.0000065e-06
0.82435507,1.0,1.0000065e-06
0.8236078,1.0,1.0000064e-06
0.82282037,1.0,1.0000064e-06
0.8217299,1.0,1.0000064e-06
0.8206526,1.0,1.0000063e-06
0.8195884,1.0,1.0000063e-06
0.8181238,1.0,1.0000063e-06
0.8170104,1.0,1.0000061e-06
0.81579816,1.0,1.0000061e-06
0.81428593,1.0,1.0000061e-06
0.81311756,1.0,1.000006e-06
0.81188333,1.0,1.000006e-06
0.8100239,1.0,1.0000059e-06
0.8089306,1.0,1.0000059e-06
0.8075501,1.0,1.0000059e-06
0.80602866,1.0,1.0000058e-06
0.80486476,1.0,1.0000058e-06
0.8033394,1.0,1.0000058e-06
0.80179137,1.0,1.0000057e-06
0.8004259,1.0,1.0000057e-06
0.7987447,1.0,1.0000056e-06
0.7971104,1.0,1.0000056e-06
0.7953698,1.0,1.0000055e-06
0.7942591,1.0,1.0000055e-06
0.7923971,1.0,1.0000055e-06
0.79048955,1.0,1.0000053e-06
0.78919494,1.0,1.0000053e-06
0.7874241,1.0,1.0000052e-06
0.78606695,1.0,1.0000052e-06
0.7843974,1.0,1.0000052e-06
0.7826441,1.0,1.0000051e-06
0.78059727,1.0,1.0000051e-06
0.77965254,1.0,1.000005e-06
0.77748394,1.0,1.000005e-06
0.7760766,1.0,1.0000049e-06
0.7740631,1.0,1.0000049e-06
0.7720499,1.0,1.0000049e-06
0.77012354,1.0,1.0000048e-06
1.0,1.0,1.0000746e-06
1.0,1.0,1.0000746e-06
1.0,1.0,1.0000746e-06
1.0,1.0,1.0000745e-06
1.0,1.0,1.0000745e-06
1.0,1.0,1.0000745e-06
1.0,1.0,1.0000745e-06
1.0,1.0,1.0000743e-06
1.0,1.0,1.0000743e-06
1.0,1.0,1.0000742e-06
1.0,1.0,1.0000742e-06
1.0,1.0,1.0000741e-06
1.0,1.0,1.000074e-06
1.0,1.0,1.0000739e-06
1.0,1.0,1.0000739e-06
1.0,1.0,1.0000738e-06
1.0,1.0,1.0000737e-06
1.0,1.0,1.0000734e-06
1.0,1.0,1.0000733e-06
1.0,1.0,1.0000732e-06
1.0,1.0,1.0000731e-06
1.0,1.0,1.0000729e-06
1.0,1.0,1.0000728e-06
1.0,1.0,1.0000725e-06
1.0,1.0,1.0000724e-06
1.0,1.0,1.0000722e-06
1.0,1.0,1.000072e-06
1.0,1.0,1.0000717e-06
1.0,1.0,1.0000716e-06
1.0,1.0,1.0000714e-06
1.0,1.0,1.0000712e-06
1.0,1.0,1.0000708e-06
1.0,1.0,1.0000706e-06
1.0,1.0,1.0000704e-06
1.0,1.0,1.0000701e-06
1.0,1.0,1.0000698e-06
1.0,1.0,1.0000696e-06
1.0,1.0,1.0000692e-06
1.0,1.0,1.0000689e-06
1.0,1.0,1.0000686e-06
1.0,1.0,1.0000683e-06
1.0,1.0,1.000068e-06
1.0,1.0,1.0000676e-06
1.0,1.0,1.0000673e-06
1.0,1.0,1.000067e-06
0.99898785,1.0,1.0000665e-06
1.0,1.0,1.0000662e-06
1.0,1.0,1.0000658e-06
1.0,1.0,1.0000654e-06
0.99881506,1.0,1.000065e-06
1.0,1.0,1.0000646e-06
1.0,1.0,1.0000642e-06
1.0,1.0,1.0000638e-06
1.0,1.0,1.0000633e-06
1.0,1.0,1.0000629e-06
1.0,1.0,1.0000624e-06
1.0,1.0,1.000062e-06
1.0,1.0,1.0000615e-06
1.0,1.0,1.000061e-06
1.0,1.0,1.0000606e-06
1.0,1.0,1.00006e-06
1.0,1.0,1.0000596e-06
1.0,1.0,1.0000591e-06
1.0,1.0,1.0000585e-06
1.0,1.0,1.0000581e-06
0.99942493,1.0,1.0000575e-06
1.0,1.0,1.000057e-06
1.0,1.0,1.0000565e-06
1.0,1.0,1.0000559e-06
1.0,1.0,1.0000554e-06
1.0,1.0,1.0000548e-06
1.0,1.0,1.0000542e-06
1.0,1.0,1.0000538e-06
1.0,1.0,1.0000532e-06
1.0,1.0,1.0000525e-06
1.0,1.0,1.000052e-06
0.99687654,1.0,1.0000514e-06
1.0,1.0,1.0000508e-06
1.0,1.0,1.0000502e-06
1.0,1.0,1.0000497e-06
0.999917,1.0,1.0000491e-06
0.9998682,1.0,1.0000484e-06
0.99995136,1.0,1.0000479e-06
0.99975616,1.0,1.0000473e-06
0.9997258,1.0,1.0000466e-06
0.99969643,1.0,1.000046e-06
0.9996893,1.0,1.0000455e-06
0.9996852,1.0,1.0000448e-06
0.9984687,1.0,1.0000442e-06
0.99967355,1.0,1.0000435e-06
0.99952567,1.0,1.000043e-06
0.9995185,1.0,1.0000423e-06
0.99950844,1.0,1.0000417e-06
0.99944884,1.0,1.000041e-06
0.99941236,1.0,1.0000405e-06
0.9993336,1.0,1.0000398e-06
0.9992241,1.0,1.0000392e-06
0.9992968,1.0,1.0000387e-06
0.9991951,1.0,1.000038e-06
0.9992683,1.0,1.0000374e-06
0.99925613,1.0,1.0000367e-06
0.99908894,1.0,1.0000361e-06
0.99914616,1.0,1.0000355e-06
0.9990458,1.0,1.0000349e-06
0.99891883,1.0,1.0000343e-06
0.9990915,1.0,1.0000336e-06
0.9991183,1.0,1.0000331e-06
0.99892914,1.0,1.0000325e-06
0.9988936,1.0,1.0000318e-06
0.998658,1.0,1.0000313e-06
0.9988787,1.0,1.0000307e-06
0.99764025,1.0,1.0000301e-06
0.9988556,1.0,1.0000296e-06
0.99896175,1.0,1.000029e-06
0.99893045,1.0,1.0000284e-06
0.99885213,1.0,1.0000279e-06
0.9986247,1.0,1.0000273e-06
0.998569,1.0,1.0000267e-06
0.9985039,1.0,1.0000261e-06
0.99848807,1.0,1.0000256e-06
0.9986034,1.0,1.000025e-06
0.99863905,1.0,1.0000246e-06
0.9986902,1.0,1.000024e-06
0.996448,1.0,1.0000234e-06
0.99869394,1.0,1.000023e-06
0.9985958,1.0,1.0000224e-06
0.99840885,1.0,1.0000219e-06
0.99824494,1.0,1.0000215e-06
0.9981514,1.0,1.0000209e-06
0.9981537,1.0,1.0000205e-06
0.99810815,1.0,1.00002e-06
0.99684054,1.0,1.0000196e-06
0.99799126,1.0,1.0000191e-06
0.99790055,1.0,1.0000186e-06
0.9966259,1.0,1.0000182e-06
0.99775267,1.0,1.0000177e-06
0.9976562,1.0,1.0000173e-06
0.9975606,1.0,1.0000168e-06
0.9976729,1.0,1.0000164e-06
0.99765056,1.0,1.000016e-06
0.9977893,1.0,1.0000156e-06
0.99789757,1.0,1.0000152e-06
0.99787295,1.0,1.0000148e-06
0.99763924,1.0,1.0000144e-06
0.9975332,1.0,1.0000141e-06
0.99742794,1.0,1.0000136e-06
0.99735373,1.0,1.0000133e-06
0.9974222,1.0,1.000013e-06
0.9975918,1.0,1.0000126e-06
0.9974657,1.0,1.0000123e-06
0.99768054,1.0,1.0000119e-06
0.9977102,1.0,1.0000116e-06
0.99776864,1.0,1.0000113e-06
0.99775493,1.0,1.000011e-06
0.9975936,1.0,1.0000107e-06
0.9973208,1.0,1.0000103e-06
0.9970124,1.0,1.0000101e-06
0.99629515,1.0,1.0000098e-06
0.9969907,1.0,1.0000095e-06
0.9968866,1.0,1.0000093e-06
0.9967824,1.0,1.000009e-06
0.9966511,1.0,1.0000088e-06
0.99663585,1.0,1.0000085e-06
0.99537843,1.0,1.0000083e-06
0.9965391,1.0,1.0000081e-06
0.9965404,1.0,1.0000078e-06
0.99652916,1.0,1.0000076e-06
0.9965587,1.0,1.0000074e-06
0.99662954,1.0,1.0000072e-06
0.9967416,1.0,1.0000069e-06
0.996588,1.0,1.0000067e-06
0.9964629,1.0,1.0000066e-06
0.99624544,1.0,1.0000064e-06
0.99619603,1.0,1.0000061e-06
0.9961718,1.0,1.000006e-06
0.99625504,1.0,1.0000058e-06
0.99626106,1.0,1.0000057e-06
0.9963834,1.0,1.0000055e-06
0.9963719,1.0,1.0000053e-06
0.99623317,1.0,1.0000052e-06
0.99622184,1.0,1.000005e-06
0.9962065,1.0,1.0000049e-06
0.9958789,1.0,1.0000048e-06
0.9957842,1.0,1.0000045e-06
0.9957086,1.0,1.0000044e-06
0.99571586,1.0,1.0000043e-06
0.99449325,1.0,1.0000042e-06
0.9955764,1.0,1.0000041e-06
0.995531,1.0,1.000004e-06
0.9954332,1.0,1.0000039e-06
0.995377,1.0,1.0000037e-06
0.99527323,1.0,1.0000036e-06
0.9953255,1.0,1.0000035e-06
0.9952795,1.0,1.0000034e-06
0.9952511,1.0,1.0000033e-06
0.9952515,1.0,1.0000033e-06
0.99533296,1.0,1.0000032e-06
0.99542147,1.0,1.0000031e-06
0.99535245,1.0,1.000003e-06
0.9951456,1.0,1.000003e-06
0.9949593,1.0,1.0000028e-06
0.9949574,1.0,1.0000027e-06
0.9948809,1.0,1.0000027e-06
0.9949951,1.0,1.0000026e-06
0.99512994,1.0,1.0000025e-06
0.9950997,1.0,1.0000025e-06
0.9950903,1.0,1.0000024e-06
0.995081,1.0,1.0000024e-06
0.9949572,1.0,1.0000023e-06
0.99382466,1.0,1.0000023e-06
0.99483305,1.0,1.0000022e-06
0.9945746,1.0,1.0000022e-06
0.99448687,1.0,1.000002e-06
0.99442804,1.0,1.000002e-06
0.99442995,1.0,1.0000019e-06
0.99437857,1.0,1.0000019e-06
0.9942258,1.0,1.0000019e-06
0.99415714,1.0,1.0000018e-06
0.9941026,1.0,1.0000018e-06
0.9939812,1.0,1.0000017e-06
0.9939174,1.0,1.0000017e-06
0.993941,1.0,1.0000017e-06
0.9937125,1.0,1.0000016e-06
0.99382585,1.0,1.0000016e-06
0.993901,1.0,1.0000016e-06
0.9939528,1.0,1.0000016e-06
0.9937827,1.0,1.0000015e-06
0.9937436,1.0,1.0000015e-06
0.9937013,1.0,1.0000015e-06
0.99365735,1.0,1.0000015e-06
0.9935064,1.0,1.0000014e-06
0.99354005,1.0,1.0000014e-06
0.9934083,1.0,1.0000014e-06
0.9935933,1.0,1.0000014e-06
0.9936394,1.0,1.0000012e-06
0.99373484,1.0,1.0000012e-06
0.9937267,1.0,1.0000012e-06
0.9936315,1.0,1.0000012e-06
0.9924951,1.0,1.0000012e-06
0.9933369,1.0,1.0000012e-06
0.9930532,1.0,1.0000011e-06
0.9930229,1.0,1.0000011e-06
0.9928848,1.0,1.0000011e-06
0.9928551,1.0,1.0000011e-06
0.9928563,1.0,1.0000011e-06
0.99278533,1.0,1.0000011e-06
0.9927098,1.0,1.0000011e-06
0.9926383,1.0,1.0000011e-06
0.99252295,1.0,1.000001e-06
0.9924904,1.0,1.000001e-06
0.9924427,1.0,1.000001e-06
0.99237263,1.0,1.000001e-06
0.99124116,1.0,1.000001e-06
0.9922474,1.0,1.000001e-06
0.9923198,1.0,1.000001e-06
0.9922256,1.0,1.000001e-06
0.9921532,1.0,1.000001e-06
0.9921314,1.0,1.000001e-06
0.99203336,1.0,1.000001e-06
0.99200433,1.0,1.000001e-06
0.99195033,1.0,1.000001e-06
0.99081975,1.0,1.000001e-06
0.991941,1.0,1.0000009e-06
0.9919409,1.0,1.0000009e-06
0.9919093,1.0,1.0000009e-06
0.9918587,1.0,1.0000009e-06
0.9918596,1.0,1.0000009e-06
0.9904528,1.0,1.0000009e-06
0.99150664,1.0,1.0000009e-06
0.99153095,1.0,1.0000009e-06
0.9913801,1.0,1.0000009e-06
0.9913653,1.0,1.0000009e-06
0.9912987,1.0,1.0000009e-06
0.9911785,1.0,1.0000009e-06
0.99117196,1.0,1.0000009e-06
0.99107337,1.0,1.0000009e-06
0.99100816,1.0,1.0000009e-06
0.9908752,1.0,1.0000009e-06
0.99090266,1.0,1.000001e-06
0.99103904,1.0,1.000001e-06
0.99149394,1.0,1.000001e-06
0.99171126,1.0,1.000001e-06
0.9915872,1.0,1.000001e-06
0.991481,1.0,1.000001e-06
0.9914755,1.0,1.000001e-06
0.9913972,1.0,1.000001e-06
0.99143827,1.0,1.000001e-06
0.9916191,1.0,1.000001e-06
0.99173844,1.0,1.000001e-06
0.9918421,1.0,1.000001e-06
0.99078095,1.0,1.000001e-06
0.9919972,1.0,1.000001e-06
0.9919288,1.0,1.0000011e-06
0.9918298,1.0,1.0000011e-06
0.99182487,1.0,1.0000011e-06
0.99152493,1.0,1.0000011e-06
0.9911795,1.0,1.0000011e-06
0.99094164,1.0,1.0000011e-06
0.99073535,1.0,1.0000011e-06
0.99058855,1.0,1.0000011e-06
0.9904756,1.0,1.0000012e-06
0.99039775,1.0,1.0000012e-06
0.9881333,1.0,1.0000012e-06
0.990241,1.0,1.0000012e-06
0.9902256,1.0,1.0000012e-06
0.9901252,1.0,1.0000012e-06
0.9900316,1.0,1.0000014e-06
0.99001616,1.0,1.0000014e-06
0.9901218,1.0,1.0000014e-06
0.9900659,1.0,1.0000014e-06
0.9898819,1.0,1.0000014e-06
0.98984337,1.0,1.0000015e-06
0.98940617,1.0,1.0000015e-06
0.98934484,1.0,1.0000015e-06
0.9895156,1.0,1.0000015e-06
0.989708,1.0,1.0000015e-06
0.98983926,1.0,1.0000016e-06
0.9898891,1.0,1.0000016e-06
0.98993945,1.0,1.0000016e-06
0.9888648,1.0,1.0000016e-06
0.9899226,1.0,1.0000017e-06
0.9899798,1.0,1.0000017e-06
0.9899362,1.0,1.0000017e-06
0.989582,1.0,1.0000018e-06
0.98931324,1.0,1.0000018e-06
0.9891715,1.0,1.0000018e-06
0.98897946,1.0,1.0000019e-06
0.9888568,1.0,1.0000019e-06
0.9887112,1.0,1.0000019e-06
0.98872566,1.0,1.000002e-06
0.9885815,1.0,1.000002e-06
0.9886262,1.0,1.000002e-06
0.98854476,1.0,1.0000022e-06
0.9885095,1.0,1.0000022e-06
0.98845243,1.0,1.0000023e-06
0.9884167,1.0,1.0000023e-06
0.9883938,1.0,1.0000023e-06
0.98853207,1.0,1.0000024e-06
0.9883168,1.0,1.0000024e-06
0.9882374,1.0,1.0000025e-06
0.9880167,1.0,1.0000025e-06
0.98794115,1.0,1.0000026e-06
0.9879183,1.0,1.0000026e-06
0.9881038,1.0,1.0000027e-06
0.9882586,1.0,1.0000027e-06
0.9882013,1.0,1.0000028e-06
0.988168,1.0,1.0000028e-06
0.9882216,1.0,1.000003e-06
0.98722917,1.0,1.000003e-06
0.98821425,1.0,1.0000031e-06
0.98796743,1.0,1.0000031e-06
0.987781,1.0,1.0000032e-06
0.98752296,1.0,1.0000032e-06
0.9872391,1.0,1.0000033e-06
0.9871808,1.0,1.0000033e-06
0.98703873,1.0,1.0000034e-06
0.9867973,1.0,1.0000035e-06
0.985683,1.0,1.0000035e-06
0.98672414,1.0,1.0000036e-06
0.986684,1.0,1.0000036e-06
0.98666066,1.0,1.0000037e-06
0.98664,1.0,1.0000039e-06
0.9861803,1.0,1.0000039e-06
0.9864835,1.0,1.000004e-06
0.986637,1.0,1.0000041e-06
0.98663825,1.0,1.0000041e-06
0.98653275,1.0,1.0000042e-06
0.98610884,1.0,1.0000042e-06
0.9861369,1.0,1.0000043e-06
0.98598814,1.0,1.0000044e-06
0.9859063,1.0,1.0000044e-06
0.9859782,1.0,1.0000045e-06
0.9862563,1.0,1.0000047e-06
0.9862134,1.0,1.0000047e-06
0.9840724,1.0,1.0000048e-06
0.9828671,1.0,1.0000049e-06
0.98617834,1.0,1.0000049e-06
0.98054373,1.0,1.000005e-06
0.98560965,1.0,1.000005e-06
0.9857031,1.0,1.0000051e-06
0.985461,1.0,1.0000052e-06
0.98299605,1.0,1.0000052e-06
0.9848619,1.0,1.0000053e-06
0.98371106,1.0,1.0000055e-06
0.9848155,1.0,1.0000055e-06
0.9825369,1.0,1.0000056e-06
0.98361546,1.0,1.0000056e-06
0.9834356,1.0,1.0000057e-06
0.98453873,1.0,1.0000058e-06
0.98441726,1.0,1.0000058e-06
0.98455167,1.0,1.0000059e-06
0.98439467,1.0,1.0000059e-06
0.9844766,1.0,1.000006e-06
0.9845254,1.0,1.000006e-06
0.9843203,1.0,1.0000061e-06
0.984132,1.0,1.0000061e-06
0.98405236,1.0,1.0000063e-06
0.9839232,1.0,1.0000063e-06
0.983866,1.0,1.0000064e-06
0.9838661,1.0,1.0000064e-06
0.9839754,1.0,1.0000065e-06
0.98283786,1.0,1.0000065e-06
0.98389906,1.0,1.0000066e-06
0.9839521,1.0,1.0000066e-06
0.9838436,1.0,1.0000066e-06
0.98384297,1.0,1.0000067e-06
0.98261434,1.0,1.0000067e-06
0.98349935,1.0,1.0000068e-06
0.9832664,1.0,1.0000068e-06
0.9831023,1.0,1.0000068e-06
0.9829717,1.0,1.0000069e-06
0.98282665,1.0,1.0000069e-06
0.9815308,1.0,1.0000069e-06
0.98257023,1.0,1.0000069e-06
0.98246944,1.0,1.000007e-06
0.9823918,1.0,1.000007e-06
0.9823071,1.0,1.000007e-06
0.9822246,1.0,1.000007e-06
0.98212343,1.0,1.0000072e-06
0.9820495,1.0,1.0000072e-06
0.9818027,1.0,1.0000072e-06
0.9818268,1.0,1.0000072e-06
0.9817282,1.0,1.0000072e-06
0.9816937,1.0,1.0000072e-06
0.98157024,1.0,1.0000072e-06
0.9814649,1.0,1.0000072e-06
0.9809689,1.0,1.0000072e-06
0.9804133,1.0,1.0000072e-06
0.9817056,1.0,1.0000072e-06
0.9817771,1.0,1.0000072e-06
0.9819655,1.0,1.0000072e-06
0.98190904,1.0,1.0000072e-06
0.9819665,1.0,1.0000072e-06
0.98178923,1.0,1.0000072e-06
0.9817979,1.0,1.0000072e-06
0.9813011,1.0,1.0000072e-06
0.9811374,1.0,1.0000072e-06
0.9807891,1.0,1.0000072e-06
0.98042846,1.0,1.0000072e-06
0.98035043,1.0,1.0000072e-06
0.9802632,1.0,1.0000072e-06
0.97898173,1.0,1.000007e-06
0.97889847,1.0,1.000007e-06
0.97845846,1.0,1.000007e-06
0.9768911,1.0,1.000007e-06
0.9780487,1.0,1.0000069e-06
0.97782016,1.0,1.0000069e-06
0.9787783,1.0,1.0000069e-06
0.9785125,1.0,1.0000069e-06
0.97837347,1.0,1.0000068e-06
0.9783014,1.0,1.0000068e-06
0.97826535,1.0,1.0000068e-06
0.9782017,1.0,1.0000067e-06
0.9781054,1.0,1.0000067e-06
0.9778394,1.0,1.0000067e-06
0.9779562,1.0,1.0000066e-06
0.97798795,1.0,1.0000066e-06
0.97786635,1.0,1.0000066e-06
0.9779598,1.0,1.0000065e-06
0.9779504,1.0,1.0000065e-06
0.97776544,1.0,1.0000065e-06
0.97749597,1.0,1.0000064e-06
0.97749454,1.0,1.0000064e-06
0.9774575,1.0,1.0000063e-06
0.97675943,1.0,1.0000063e-06
0.97647244,1.0,1.0000063e-06
0.97652984,1.0,1.0000061e-06
0.97659117,1.0,1.0000061e-06
0.97646236,1.0,1.0000061e-06
0.9763297,1.0,1.000006e-06
0.97377855,1.0,1.000006e-06
0.975917,1.0,1.0000059e-06
0.9759146,1.0,1.0000059e-06
0.9758061,1.0,1.0000058e-06
0.9756639,1.0,1.0000058e-06
0.97567785,1.0,1.0000058e-06
0.97447026,1.0,1.0000057e-06
0.97531533,1.0,1.0000057e-06
0.97507113,1.0,1.0000056e-06
0.9753518,1.0,1.0000056e-06
0.97469145,1.0,1.0000055e-06
0.97493595,1.0,1.0000055e-06
0.9748796,1.0,1.0000053e-06
0.9747712,1.0,1.0000053e-06
0.974663,1.0,1.0000053e-06
0.9747395,1.0,1.0000052e-06
0.97467214,1.0,1.0000052e-06
0.9746414,1.0,1.0000051e-06
0.9745615,1.0,1.0000051e-06
0.9743244,1.0,1.000005e-06
0.97314006,1.0,1.000005e-06
0.97278225,1.0,1.0000049e-06
0.97247124,1.0,1.0000049e-06
0.9735569,1.0,1.0000049e-06
0.9735005,1.0,1.0000048e-06
0.97318006,1.0,1.0000048e-06
0.9731177,1.0,1.0000047e-06
0.97248405,1.0,1.0000047e-06
0.9727578,1.0,1.0000047e-06
0.9725864,1.0,1.0000045e-06
0.9725018,1.0,1.0000045e-06
0.9723609,1.0,1.0000044e-06
0.97212,1.0,1.0000044e-06
0.9720811,1.0,1.0000044e-06
0.9719297,1.0,1.0000043e-06
0.9708424,1.0,1.0000043e-06
0.97180855,1.0,1.0000042e-06
0.9715958,1.0,1.0000042e-06
0.97150654,1.0,1.0000042e-06
0.9713192,1.0,1.0000041e-06
0.97114414,1.0,1.0000041e-06
0.9698588,1.0,1.000004e-06
0.9710634,1.0,1.000004e-06
0.97091997,1.0,1.000004e-06
0.97098845,1.0,1.0000039e-06
0.97074723,1.0,1.0000039e-06
0.97083956,1.0,1.0000039e-06
0.97069067,1.0,1.0000037e-06
0.9705854,1.0,1.0000037e-06
0.9702302,1.0,1.0000036e-06
0.9696313,1.0,1.0000036e-06
0.96952593,1.0,1.0000036e-06
0.9693866,1.0,1.0000035e-06
0.969191,1.0,1.0000035e-06
0.9689695,1.0,1.0000035e-06
0.96889323,1.0,1.0000034e-06
0.9686828,1.0,1.0000034e-06
0.96834123,1.0,1.0000034e-06
0.96834725,1.0,1.0000033e-06
0.96821576,1.0,1.0000033e-06
0.9680233,1.0,1.0000033e-06
0.9676936,1.0,1.0000032e-06
0.9672593,1.0,1.0000032e-06
0.96725905,1.0,1.0000032e-06
0.9670827,1.0,1.0000032e-06
0.96721536,1.0,1.0000031e-06
0.96703494,1.0,1.0000031e-06
0.9666864,1.0,1.0000031e-06
0.9661971,1.0,1.000003e-06
0.9659798,1.0,1.000003e-06
0.96478075,1.0,1.000003e-06
0.96580213,1.0,1.0000028e-06
0.9656046,1.0,1.0000028e-06
0.9656757,1.0,1.0000028e-06
0.9658835,1.0,1.0000028e-06
0.96509475,1.0,1.0000027e-06
0.9636343,1.0,1.0000027e-06
0.9644914,1.0,1.0000027e-06
0.96449274,1.0,1.0000027e-06
0.96452767,1.0,1.0000026e-06
0.9643743,1.0,1.0000026e-06
0.9640979,1.0,1.0000026e-06
0.96398443,1.0,1.0000026e-06
0.9639086,1.0,1.0000025e-06
0.9635789,1.0,1.0000025e-06
0.96328735,1.0,1.0000025e-06
0.9623593,1.0,1.0000025e-06
0.9629201,1.0,1.0000024e-06
0.9626319,1.0,1.0000024e-06
0.96249104,1.0,1.0000024e-06
0.9621284,1.0,1.0000024e-06
0.96211666,1.0,1.0000023e-06
0.9618906,1.0,1.0000023e-06
0.96177894,1.0,1.0000023e-06
0.96160793,1.0,1.0000023e-06
0.9609437,1.0,1.0000023e-06
0.9604595,1.0,1.0000022e-06
0.95991904,1.0,1.0000022e-06
0.9598993,1.0,1.0000022e-06
0.95999,1.0,1.0000022e-06
0.9594815,1.0,1.0000022e-06
0.9593485,1.0,1.000002e-06
0.9593502,1.0,1.000002e-06
0.9590329,1.0,1.000002e-06
0.9588342,1.0,1.000002e-06
0.95893157,1.0,1.000002e-06
0.9587398,1.0,1.0000019e-06
0.9585701,1.0,1.0000019e-06
0.95784914,1.0,1.0000019e-06
0.9572672,1.0,1.0000019e-06
0.9573667,1.0,1.0000019e-06
0.9570229,1.0,1.0000019e-06
0.9566958,1.0,1.0000018e-06
0.95673853,1.0,1.0000018e-06
0.9561478,1.0,1.0000018e-06
0.9560994,1.0,1.0000018e-06
0.9558475,1.0,1.0000018e-06
0.95583594,1.0,1.0000018e-06
0.9552036,1.0,1.0000017e-06
0.95476425,1.0,1.0000017e-06
0.95482576,1.0,1.0000017e-06
0.95462906,1.0,1.0000017e-06
0.9543837,1.0,1.0000017e-06
0.9543576,1.0,1.0000017e-06
0.95368683,1.0,1.0000017e-06
0.9534293,1.0,1.0000016e-06
0.9533735,1.0,1.0000016e-06
0.95329267,1.0,1.0000016e-06
0.9528716,1.0,1.0000016e-06
0.95161957,1.0,1.0000016e-06
0.9522783,1.0,1.0000016e-06
0.9524641,1.0,1.0000016e-06
0.95149744,1.0,1.0000015e-06
0.95065606,1.0,1.0000015e-06
0.95078194,1.0,1.0000015e-06
0.949746,1.0,1.0000015e-06
0.9508321,1.0,1.0000015e-06
0.95070666,1.0,1.0000015e-06
0.95002043,1.0,1.0000015e-06
0.94964904,1.0,1.0000015e-06
0.94942886,1.0,1.0000015e-06
0.9476276,1.0,1.0000014e-06
0.9489981,1.0,1.0000014e-06
0.94823855,1.0,1.0000014e-06
0.9478997,1.0,1.0000014e-06
0.94762814,1.0,1.0000014e-06
0.9475944,1.0,1.0000014e-06
0.9448043,1.0,1.0000014e-06
0.94696426,1.0,1.0000014e-06
0.9467683,1.0,1.0000014e-06
0.94639504,1.0,1.0000014e-06
0.94594926,1.0,1.0000012e-06
0.9450085,1.0,1.0000012e-06
0.9438501,1.0,1.0000012e-06
0.9446958,1.0,1.0000012e-06
0.94449365,1.0,1.0000012e-06
0.9442478,1.0,1.0000012e-06
0.9427871,1.0,1.0000012e-06
0.9432813,1.0,1.0000012e-06
0.9417866,1.0,1.0000012e-06
0.94242615,1.0,1.0000012e-06
0.9420622,1.0,1.0000012e-06
0.9421588,1.0,1.0000012e-06
0.9416517,1.0,1.0000011e-06
0.9407341,1.0,1.0000011e-06
0.9393934,1.0,1.0000011e-06
0.9401132,1.0,1.0000011e-06
0.9397522,1.0,1.0000011e-06
0.9396522,1.0,1.0000011e-06
0.9393289,1.0,1.0000011e-06
0.9383575,1.0,1.0000011e-06
0.93697274,1.0,1.0000011e-06
0.93812054,1.0,1.0000011e-06
0.93732977,1.0,1.0000011e-06
0.93610597,1.0,1.0000011e-06
0.93449664,1.0,1.0000011e-06
0.9361396,1.0,1.0000011e-06
0.9312262,1.0,1.0000011e-06
0.93509513,1.0,1.0000011e-06
0.93453705,1.0,1.000001e-06
0.9344314,1.0,1.000001e-06
0.93359226,1.0,1.000001e-06
0.93316066,1.0,1.000001e-06
0.9312389,1.0,1.000001e-06
0.931726,1.0,1.000001e-06
0.93169016,1.0,1.000001e-06
0.93127835,1.0,1.000001e-06
0.93083143,1.0,1.000001e-06
0.9299313,1.0,1.000001e-06
0.92919827,1.0,1.000001e-06
0.92910314,1.0,1.000001e-06
0.9286221,1.0,1.000001e-06
0.9278312,1.0,1.000001e-06
0.92748857,1.0,1.000001e-06
0.92696524,1.0,1.000001e-06
0.92639536,1.0,1.000001e-06
0.92585063,1.0,1.000001e-06
0.9249688,1.0,1.000001e-06
0.9248577,1.0,1.000001e-06
0.923599,1.0,1.000001e-06
0.92351574,1.0,1.000001e-06
0.9230217,1.0,1.000001e-06
0.922631,1.0,1.000001e-06
0.9223279,1.0,1.0000009e-06
0.92131937,1.0,1.0000009e-06
0.9210093,1.0,1.0000009e-06
0.9205745,1.0,1.0000009e-06
0.91994214,1.0,1.0000009e-06
0.91908425,1.0,1.0000009e-06
0.9184588,1.0,1.0000009e-06
0.9180426,1.0,1.0000009e-06
0.91758895,1.0,1.0000009e-06
0.9170446,1.0,1.0000009e-06
0.9163972,1.0,1.0000009e-06
0.91550976,1.0,1.0000009e-06
0.9148319,1.0,1.0000009e-06
0.9147714,1.0,1.0000009e-06
0.91415244,1.0,1.0000009e-06
0.9131755,1.0,1.0000009e-06
0.9129016,1.0,1.0000009e-06
0.9121641,1.0,1.0000009e-06
0.9116172,1.0,1.0000009e-06
0.91121227,1.0,1.0000009e-06
0.9104774,1.0,1.0000009e-06
0.90987295,1.0,1.0000009e-06
0.90882057,1.0,1.0000009e-06
0.90769976,1.0,1.0000009e-06
0.90738267,1.0,1.0000009e-06
0.9063278,1.0,1.0000009e-06
0.9059427,1.0,1.0000009e-06
0.90518874,1.0,1.0000009e-06
0.90423465,1.0,1.0000009e-06
0.903496,1.0,1.0000009e-06
0.90314096,1.0,1.0000009e-06
0.9022588,1.0,1.0000009e-06
0.9014519,1.0,1.0000009e-06
0.9006428,1.0,1.0000009e-06
0.8999425,1.0,1.0000009e-06
0.8997243,1.0,1.0000009e-06
0.8985076,1.0,1.0000009e-06
0.89820164,1.0,1.0000009e-06
0.89758664,1.0,1.0000009e-06
0.8963433,1.0,1.0000009e-06
0.8959476,1.0,1.0000009e-06
0.8955847,1.0,1.0000009e-06
0.8949313,1.0,1.0000009e-06
0.89430994,1.0,1.0000009e-06
0.8933814,1.0,1.0000009e-06
0.8929719,1.0,1.0000009e-06
0.89236224,1.0,1.0000009e-06
0.89177513,1.0,1.0000009e-06
0.8908982,1.0,1.000001e-06
0.88915586,1.0,1.000001e-06
0.8894489,1.0,1.000001e-06
0.88874894,1.0,1.000001e-06
0.887932,1.0,1.000001e-06
0.8870953,1.0,1.000001e-06
0.8861908,1.0,1.000001e-06
0.88553464,1.0,1.000001e-06
0.8847966,1.0,1.000001e-06
0.88404083,1.0,1.000001e-06
0.8833742,1.0,1.000001e-06
0.8824995,1.0,1.000001e-06
0.8816898,1.0,1.000001e-06
0.8811534,1.0,1.000001e-06
0.87937593,1.0,1.000001e-06
0.87982935,1.0,1.000001e-06
0.87867576,1.0,1.000001e-06
0.8782194,1.0,1.000001e-06
0.87740266,1.0,1.000001e-06
0.8763745,1.0,1.000001e-06
0.8756391,1.0,1.000001e-06
0.87498355,1.0,1.000001e-06
0.87377757,1.0,1.000001e-06
0.8733554,1.0,1.000001e-06
0.87261933,1.0,1.000001e-06
0.87191844,1.0,1.0000011e-06
0.8715036,1.0,1.0000011e-06
0.86975974,1.0,1.0000011e-06
0.8700118,1.0,1.0000011e-06
0.8694457,1.0,1.0000011e-06
0.868624,1.0,1.0000011e-06
0.8677763,1.0,1.0000011e-06
0.86714673,1.0,1.0000011e-06
0.8667187,1.0,1.0000011e-06
0.8656398,1.0,1.0000011e-06
0.8647566,1.0,1.0000011e-06
0.863871,1.0,1.0000011e-06
0.86299574,1.0,1.0000011e-06
0.8622498,1.0,1.0000012e-06
0.8611297,1.0,1.0000012e-06
0.8603766,1.0,1.0000012e-06
0.85957074,1.0,1.0000012e-06
0.85859877,1.0,1.0000012e-06
0.857755,1.0,1.0000012e-06
0.85713667,1.0,1.0000012e-06
0.85647446,1.0,1.0000012e-06
0.85513663,1.0,1.0000012e-06
0.8548825,1.0,1.0000012e-06
0.85414475,1.0,1.0000014e-06
0.8526077,1.0,1.0000014e-06
0.85164005,1.0,1.0000014e-06
0.8513078,1.0,1.0000014e-06
0.85028636,1.0,1.0000014e-06
0.8494705,1.0,1.0000014e-06
0.8483231,1.0,1.0000014e-06
0.84765965,1.0,1.0000014e-06
0.8463015,1.0,1.0000015e-06
0.8459814,1.0,1.0000015e-06
0.8448649,1.0,1.0000015e-06
0.8440723,1.0,1.0000015e-06
0.8419263,1.0,1.0000015e-06
0.8423973,1.0,1.0000015e-06
0.8412786,1.0,1.0000016e-06
0.8405845,1.0,1.0000016e-06
0.83952516,1.0,1.0000016e-06
0.8387385,1.0,1.0000016e-06
0.8376437,1.0,1.0000016e-06
0.83682966,1.0,1.0000016e-06
0.83580214,1.0,1.0000017e-06
0.83492947,1.0,1.0000017e-06
0.8338426,1.0,1.0000017e-06
0.83310205,1.0,1.0000017e-06
0.83212966,1.0,1.0000017e-06
0.8311168,1.0,1.0000018e-06
0.82986146,1.0,1.0000018e-06
0.8291379,1.0,1.0000018e-06
0.82812524,1.0,1.0000018e-06
0.8272262,1.0,1.0000019e-06
0.8262029,1.0,1.0000019e-06
0.8251317,1.0,1.0000019e-06
0.82441723,1.0,1.0000019e-06
0.8230877,1.0,1.0000019e-06
0.822443,1.0,1.000002e-06
0.82137126,1.0,1.000002e-06
0.8205341,1.0,1.000002e-06
0.8205341,1.0,1.000002e-06
0.8205341,1.0,1.0000022e-06
0.8205341,1.0,1.0000022e-06
0.8205341,1.0,1.0000022e-06
0.8205341,1.0,1.0000023e-06
0.8205341,1.0,1.0000023e-06
0.8205341,1.0,1.0000023e-06
0.8205341,1.0,1.0000024e-06
0.8205341,1.0,1.0000024e-06
0.8205341,1.0,1.0000024e-06
0.8205341,1.0,1.0000025e-06
0.8205341,1.0,1.0000025e-06
1.0,1.0,1.0000747e-06
1.0,1.0,1.0000747e-06
1.0,1.0,1.0000747e-06
1.0,1.0,1.0000746e-06
1.0,1.0,1.0000746e-06
1.0,1.0,1.0000746e-06
1.0,1.0,1.0000746e-06
1.0,1.0,1.0000745e-06
1.0,1.0,1.0000745e-06
1.0,1.0,1.0000743e-06
1.0,1.0,1.0000743e-06
1.0,1.0,1.0000742e-06
1.0,1.0,1.0000741e-06
1.0,1.0,1.0000741e-06
1.0,1.0,1.000074e-06
1.0,1.0,1.0000739e-06
1.0,1.0,1.0000738e-06
1.0,1.0,1.0000737e-06
1.0,1.0,1.0000734e-06
1.0,1.0,1.0000733e-06
1.0,1.0,1.0000732e-06
1.0,1.0,1.000073e-06
1.0,1.0,1.0000729e-06
1.0,1.0,1.0000726e-06
1.0,1.0,1.0000725e-06
1.0,1.0,1.0000723e-06
1.0,1.0,1.0000721e-06
1.0,1.0,1.000072e-06
1.0,1.0,1.0000717e-06
1.0,1.0,1.0000715e-06
1.0,1.0,1.0000713e-06
1.0,1.0,1.0000709e-06
1.0,1.0,1.0000707e-06
1.0,1.0,1.0000705e-06
1.0,1.0,1.0000703e-06
1.0,1.0,1.0000699e-06
1.0,1.0,1.0000697e-06
1.0,1.0,1.0000693e-06
1.0,1.0,1.000069e-06
1.0,1.0,1.0000687e-06
1.0,1.0,1.0000684e-06
1.0,1.0,1.0000681e-06
1.0,1.0,1.0000678e-06
1.0,1.0,1.0000674e-06
1.0,1.0,1.0000671e-06
1.0,1.0,1.0000666e-06
1.0,1.0,1.0000663e-06
1.0,1.0,1.0000659e-06
1.0,1.0,1.0000655e-06
1.0,1.0,1.0000651e-06
1.0,1.0,1.0000647e-06
1.0,1.0,1.0000642e-06
1.0,1.0,1.0000639e-06
1.0,1.0,1.0000634e-06
1.0,1.0,1.000063e-06
1.0,1.0,1.0000625e-06
1.0,1.0,1.0000621e-06
1.0,1.0,1.0000616e-06
1.0,1.0,1.0000612e-06
1.0,1.0,1.0000606e-06
1.0,1.0,1.0000601e-06
1.0,1.0,1.0000597e-06
1.0,1.0,1.0000591e-06
1.0,1.0,1.0000587e-06
1.0,1.0,1.0000581e-06
1.0,1.0,1.0000576e-06
1.0,1.0,1.0000571e-06
1.0,1.0,1.0000565e-06
1.0,1.0,1.000056e-06
1.0,1.0,1.0000555e-06
1.0,1.0,1.0000549e-06
1.0,1.0,1.0000543e-06
1.0,1.0,1.0000538e-06
1.0,1.0,1.0000532e-06
1.0,1.0,1.0000526e-06
1.0,1.0,1.0000521e-06
1.0,1.0,1.0000515e-06
1.0,1.0,1.0000509e-06
1.0,1.0,1.0000504e-06
1.0,1.0,1.0000497e-06
1.0,1.0,1.0000491e-06
1.0,1.0,1.0000485e-06
1.0,1.0,1.0000479e-06
1.0,1.0,1.0000473e-06
1.0,1.0,1.0000467e-06
1.0,1.0,1.000046e-06
1.0,1.0,1.0000455e-06
1.0,1.0,1.0000449e-06
1.0,1.0,1.0000442e-06
1.0,1.0,1.0000437e-06
1.0,1.0,1.000043e-06
0.99997336,1.0,1.0000424e-06
1.0,1.0,1.0000417e-06
1.0,1.0,1.0000412e-06
1.0,1.0,1.0000405e-06
1.0,1.0,1.0000399e-06
1.0,1.0,1.0000392e-06
1.0,1.0,1.0000387e-06
1.0,1.0,1.000038e-06
1.0,1.0,1.0000374e-06
1.0,1.0,1.0000368e-06
1.0,1.0,1.0000361e-06
1.0,1.0,1.0000356e-06
1.0,1.0,1.0000349e-06
1.0,1.0,1.0000343e-06
1.0,1.0,1.0000338e-06
1.0,1.0,1.0000331e-06
1.0,1.0,1.0000325e-06
1.0,1.0,1.000032e-06
1.0,1.0,1.0000314e-06
1.0,1.0,1.0000307e-06
1.0,1.0,1.0000301e-06
1.0,1.0,1.0000296e-06
1.0,1.0,1.000029e-06
1.0,1.0,1.0000284e-06
1.0,1.0,1.0000279e-06
1.0,1.0,1.0000273e-06
1.0,1.0,1.0000267e-06
1.0,1.0,1.0000261e-06
1.0,1.0,1.0000256e-06
1.0,1.0,1.0000251e-06
0.9994044,1.0,1.0000246e-06
1.0,1.0,1.000024e-06
1.0,1.0,1.0000235e-06
1.0,1.0,1.000023e-06
0.99993205,1.0,1.0000225e-06
1.0,1.0,1.0000219e-06
0.9997545,1.0,1.0000215e-06
0.9999086,1.0,1.0000209e-06
0.9998504,1.0,1.0000205e-06
0.9997397,1.0,1.00002e-06
0.9995815,1.0,1.0000196e-06
0.999714,1.0,1.0000191e-06
0.9996434,1.0,1.0000186e-06
0.9996109,1.0,1.0000182e-06
0.9993354,1.0,1.0000177e-06
0.9996163,1.0,1.0000173e-06
0.99973595,1.0,1.0000168e-06
0.99979216,1.0,1.0000165e-06
0.99992037,1.0,1.000016e-06
0.99968165,1.0,1.0000156e-06
0.99961,1.0,1.0000152e-06
0.999429,1.0,1.0000148e-06
0.9993265,1.0,1.0000144e-06
0.9993179,1.0,1.0000141e-06
0.9995742,1.0,1.0000136e-06
0.9997435,1.0,1.0000133e-06
0.9997268,1.0,1.000013e-06
0.99965256,1.0,1.0000126e-06
0.9997687,1.0,1.0000123e-06
0.999643,1.0,1.0000119e-06
0.998507,1.0,1.0000116e-06
0.9994165,1.0,1.0000114e-06
0.99911886,1.0,1.000011e-06
0.9968578,1.0,1.0000107e-06
0.99900603,1.0,1.0000105e-06
0.9989248,1.0,1.0000101e-06
0.9954148,1.0,1.0000099e-06
0.99427277,1.0,1.0000095e-06
0.99869525,1.0,1.0000093e-06
0.9986293,1.0,1.000009e-06
0.9986441,1.0,1.0000088e-06
0.9986898,1.0,1.0000085e-06
0.99862826,1.0,1.0000083e-06
0.99878436,1.0,1.0000081e-06
0.99888384,1.0,1.0000078e-06
0.99890137,1.0,1.0000076e-06
0.9987836,1.0,1.0000074e-06
0.99864566,1.0,1.0000072e-06
0.9983183,1.0,1.0000069e-06
0.9983811,1.0,1.0000067e-06
0.9982874,1.0,1.0000066e-06
0.9983235,1.0,1.0000064e-06
0.9984109,1.0,1.0000061e-06
0.9984984,1.0,1.000006e-06
0.99850816,1.0,1.0000058e-06
0.9984504,1.0,1.0000057e-06
0.99849105,1.0,1.0000055e-06
0.99829936,1.0,1.0000053e-06
0.9982146,1.0,1.0000052e-06
0.99800414,1.0,1.000005e-06
0.9977942,1.0,1.0000049e-06
0.9978432,1.0,1.0000048e-06
0.99783313,1.0,1.0000047e-06
0.9978177,1.0,1.0000044e-06
0.99770814,1.0,1.0000043e-06
0.9976665,1.0,1.0000042e-06
0.9975937,1.0,1.0000041e-06
0.99756676,1.0,1.000004e-06
0.9975657,1.0,1.0000039e-06
0.99749035,1.0,1.0000037e-06
0.9974825,1.0,1.0000036e-06
0.9974173,1.0,1.0000035e-06
0.9976334,1.0,1.0000034e-06
0.9975603,1.0,1.0000033e-06
0.99656993,1.0,1.0000033e-06
0.9971006,1.0,1.0000032e-06
0.99717355,1.0,1.0000031e-06
0.99717045,1.0,1.000003e-06
0.99711454,1.0,1.000003e-06
0.99703413,1.0,1.0000028e-06
0.9972515,1.0,1.0000027e-06
0.9973464,1.0,1.0000027e-06
0.99729455,1.0,1.0000026e-06
0.9972483,1.0,1.0000025e-06
0.9972446,1.0,1.0000025e-06
0.99722534,1.0,1.0000024e-06
0.99699557,1.0,1.0000024e-06
0.9968247,1.0,1.0000023e-06
0.9965783,1.0,1.0000023e-06
0.99652016,1.0,1.0000022e-06
0.9966676,1.0,1.0000022e-06
0.99660033,1.0,1.000002e-06
0.996312,1.0,1.000002e-06
0.9964503,1.0,1.0000019e-06
0.9963649,1.0,1.0000019e-06
0.9963757,1.0,1.0000019e-06
0.99637014,1.0,1.0000018e-06
0.996312,1.0,1.0000018e-06
0.99617726,1.0,1.0000017e-06
0.9963074,1.0,1.0000017e-06
0.99618006,1.0,1.0000017e-06
0.9959944,1.0,1.0000016e-06
0.9961623,1.0,1.0000016e-06
0.99605095,1.0,1.0000016e-06
0.99606717,1.0,1.0000016e-06
0.995907,1.0,1.0000015e-06
0.99594915,1.0,1.0000015e-06
0.99602133,1.0,1.0000015e-06
0.99606293,1.0,1.0000015e-06
0.996154,1.0,1.0000014e-06
0.9960881,1.0,1.0000014e-06
0.9962275,1.0,1.0000014e-06
0.9960445,1.0,1.0000014e-06
0.99560463,1.0,1.0000012e-06
0.995646,1.0,1.0000012e-06
0.9955996,1.0,1.0000012e-06
0.9951504,1.0,1.0000012e-06
0.9954171,1.0,1.0000012e-06
0.9953947,1.0,1.0000012e-06
0.9951473,1.0,1.0000011e-06
0.99498874,1.0,1.0000011e-06
0.9951171,1.0,1.0000011e-06
0.995129,1.0,1.0000011e-06
0.9950997,1.0,1.0000011e-06
0.9949857,1.0,1.0000011e-06
0.9949263,1.0,1.0000011e-06
0.99495214,1.0,1.0000011e-06
0.9951432,1.0,1.000001e-06
0.9949925,1.0,1.000001e-06
0.9947657,1.0,1.000001e-06
0.994776,1.0,1.000001e-06
0.9945202,1.0,1.000001e-06
0.99453175,1.0,1.000001e-06
0.9939356,1.0,1.000001e-06
0.9945762,1.0,1.000001e-06
0.9943291,1.0,1.000001e-06
0.9946304,1.0,1.000001e-06
0.9946323,1.0,1.000001e-06
0.99463516,1.0,1.000001e-06
0.99464715,1.0,1.000001e-06
0.9945884,1.0,1.000001e-06
0.99423075,1.0,1.0000009e-06
0.9940373,1.0,1.0000009e-06
0.9936736,1.0,1.0000009e-06
0.99413097,1.0,1.0000009e-06
0.9941743,1.0,1.0000009e-06
0.9938575,1.0,1.0000009e-06
0.99404204,1.0,1.0000009e-06
0.9938119,1.0,1.0000009e-06
0.9938453,1.0,1.0000009e-06
0.9938506,1.0,1.0000009e-06
0.99381435,1.0,1.0000009e-06
0.99363506,1.0,1.0000009e-06
0.993479,1.0,1.0000009e-06
0.99379027,1.0,1.0000009e-06
0.9939784,1.0,1.0000009e-06
0.9940244,1.0,1.000001e-06
0.9940854,1.0,1.000001e-06
0.9941248,1.0,1.000001e-06
0.9943247,1.0,1.000001e-06
0.99394685,1.0,1.000001e-06
0.993924,1.0,1.000001e-06
0.99366045,1.0,1.000001e-06
0.99411863,1.0,1.000001e-06
0.99429893,1.0,1.000001e-06
0.99437124,1.0,1.000001e-06
0.994496,1.0,1.000001e-06
0.9947068,1.0,1.000001e-06
0.99459714,1.0,1.000001e-06
0.9944827,1.0,1.000001e-06
0.99437195,1.0,1.000001e-06
0.993816,1.0,1.0000011e-06
0.99373627,1.0,1.0000011e-06
0.9937271,1.0,1.0000011e-06
0.99299294,1.0,1.0000011e-06
0.9932039,1.0,1.0000011e-06
0.99324834,1.0,1.0000011e-06
0.9928671,1.0,1.0000011e-06
0.9934353,1.0,1.0000011e-06
0.9929017,1.0,1.0000012e-06
0.99274415,1.0,1.0000012e-06
0.99271107,1.0,1.0000012e-06
0.9919832,1.0,1.0000012e-06
0.99298894,1.0,1.0000012e-06
0.99305105,1.0,1.0000012e-06
0.9930746,1.0,1.0000014e-06
0.99252474,1.0,1.0000014e-06
0.9924547,1.0,1.0000014e-06
0.9926113,1.0,1.0000014e-06
0.9920191,1.0,1.0000014e-06
0.992289,1.0,1.0000015e-06
0.9923595,1.0,1.0000015e-06
0.9926278,1.0,1.0000015e-06
0.9923024,1.0,1.0000015e-06
0.99244815,1.0,1.0000015e-06
0.9924132,1.0,1.0000016e-06
0.99299216,1.0,1.0000016e-06
0.9928825,1.0,1.0000016e-06
0.9926625,1.0,1.0000017e-06
0.99227417,1.0,1.0000017e-06
0.9920046,1.0,1.0000017e-06
0.9919368,1.0,1.0000017e-06
0.992006,1.0,1.0000018e-06
0.9921569,1.0,1.0000018e-06
0.991501,1.0,1.0000018e-06
0.9910773,1.0,1.0000019e-06
0.991398,1.0,1.0000019e-06
0.99115723,1.0,1.0000019e-06
0.989795,1.0,1.000002e-06
0.99091923,1.0,1.000002e-06
0.99114406,1.0,1.0000022e-06
0.98780406,1.0,1.0000022e-06
0.99162596,1.0,1.0000022e-06
0.9899903,1.0,1.0000023e-06
0.99112254,1.0,1.0000023e-06
0.99079275,1.0,1.0000024e-06
0.9908556,1.0,1.0000024e-06
0.99089897,1.0,1.0000024e-06
0.9904491,1.0,1.0000025e-06
0.9909065,1.0,1.0000025e-06
0.99058104,1.0,1.0000026e-06
0.99083185,1.0,1.0000026e-06
0.99123055,1.0,1.0000027e-06
0.99086547,1.0,1.0000027e-06
0.9908139,1.0,1.0000028e-06
0.9914517,1.0,1.0000028e-06
0.99116343,1.0,1.000003e-06
0.9911498,1.0,1.000003e-06
0.99087447,1.0,1.0000031e-06
0.990376,1.0,1.0000031e-06
0.99045694,1.0,1.0000032e-06
0.9900626,1.0,1.0000032e-06
0.98975897,1.0,1.0000033e-06
0.9895569,1.0,1.0000034e-06
0.9897922,1.0,1.0000034e-06
0.98971117,1.0,1.0000035e-06
0.9895454,1.0,1.0000035e-06
0.98966616,1.0,1.0000036e-06
0.98963445,1.0,1.0000037e-06
0.9890679,1.0,1.0000037e-06
0.9895385,1.0,1.0000039e-06
0.9896141,1.0,1.0000039e-06
0.9895539,1.0,1.000004e-06
0.98927236,1.0,1.0000041e-06
0.98954,1.0,1.0000041e-06
0.98917055,1.0,1.0000042e-06
0.989132,1.0,1.0000043e-06
0.98917156,1.0,1.0000043e-06
0.98919266,1.0,1.0000044e-06
0.98924863,1.0,1.0000044e-06
0.9893731,1.0,1.0000045e-06
0.9894663,1.0,1.0000047e-06
0.9894529,1.0,1.0000047e-06
0.9895003,1.0,1.0000048e-06
0.9893838,1.0,1.0000049e-06
0.9892846,1.0,1.0000049e-06
0.9889672,1.0,1.000005e-06
0.9885521,1.0,1.0000051e-06
0.9887655,1.0,1.0000051e-06
0.9883689,1.0,1.0000052e-06
0.9879831,1.0,1.0000053e-06
0.98808604,1.0,1.0000053e-06
0.98797005,1.0,1.0000055e-06
0.9883094,1.0,1.0000055e-06
0.9880755,1.0,1.0000056e-06
0.98791945,1.0,1.0000057e-06
0.9881457,1.0,1.0000057e-06
0.9880611,1.0,1.0000058e-06
0.9875668,1.0,1.0000058e-06
0.9882138,1.0,1.0000059e-06
0.9880537,1.0,1.0000059e-06
0.9880513,1.0,1.000006e-06
0.9875521,1.0,1.0000061e-06
0.98727465,1.0,1.0000061e-06
0.98726606,1.0,1.0000063e-06
0.9875268,1.0,1.0000063e-06
0.9872409,1.0,1.0000064e-06
0.9877203,1.0,1.0000064e-06
0.9876215,1.0,1.0000065e-06
0.98746544,1.0,1.0000065e-06
0.987723,1.0,1.0000065e-06
0.98731786,1.0,1.0000066e-06
0.98721284,1.0,1.0000066e-06
0.98729634,1.0,1.0000067e-06
0.98667634,1.0,1.0000067e-06
0.9870048,1.0,1.0000068e-06
0.98685354,1.0,1.0000068e-06
0.9866666,1.0,1.0000068e-06
0.9866574,1.0,1.0000069e-06
0.9861832,1.0,1.0000069e-06
0.9859421,1.0,1.0000069e-06
0.9861984,1.0,1.0000069e-06
0.986166,1.0,1.000007e-06
0.986229,1.0,1.000007e-06
0.9859053,1.0,1.000007e-06
0.98603374,1.0,1.000007e-06
0.9855979,1.0,1.0000072e-06
0.9860867,1.0,1.0000072e-06
0.9857684,1.0,1.0000072e-06
0.98566455,1.0,1.0000072e-06
0.98540306,1.0,1.0000072e-06
0.9856589,1.0,1.0000072e-06
0.98565704,1.0,1.0000072e-06
0.9856885,1.0,1.0000072e-06
0.985493,1.0,1.0000073e-06
0.98581594,1.0,1.0000073e-06
0.98596376,1.0,1.0000073e-06
0.9863213,1.0,1.0000073e-06
0.9860813,1.0,1.0000073e-06
0.9862798,1.0,1.0000073e-06
0.9859697,1.0,1.0000073e-06
0.9857192,1.0,1.0000073e-06
0.986018,1.0,1.0000072e-06
0.98566955,1.0,1.0000072e-06
0.98582405,1.0,1.0000072e-06
0.98511785,1.0,1.0000072e-06
0.9848181,1.0,1.0000072e-06
0.98480666,1.0,1.0000072e-06
0.98450273,1.0,1.0000072e-06
0.9843357,1.0,1.0000072e-06
0.98457414,1.0,1.0000072e-06
0.98317087,1.0,1.000007e-06
0.982785,1.0,1.000007e-06
0.9820777,1.0,1.000007e-06
0.9829836,1.0,1.000007e-06
0.98260546,1.0,1.000007e-06
0.98322344,1.0,1.0000069e-06
0.9830461,1.0,1.0000069e-06
0.982616,1.0,1.0000069e-06
0.98284817,1.0,1.0000068e-06
0.9829745,1.0,1.0000068e-06
0.9827475,1.0,1.0000068e-06
0.9830979,1.0,1.0000067e-06
0.9827623,1.0,1.0000067e-06
0.9827606,1.0,1.0000067e-06
0.98235416,1.0,1.0000066e-06
0.98267144,1.0,1.0000066e-06
0.982717,1.0,1.0000066e-06
0.9824908,1.0,1.0000065e-06
0.9814862,1.0,1.0000065e-06
0.98272645,1.0,1.0000064e-06
0.9830787,1.0,1.0000064e-06
0.98235625,1.0,1.0000064e-06
0.9823975,1.0,1.0000063e-06
0.9820716,1.0,1.0000063e-06
0.9821731,1.0,1.0000063e-06
0.98191524,1.0,1.0000061e-06
0.9821049,1.0,1.0000061e-06
0.9808916,1.0,1.000006e-06
0.9815809,1.0,1.000006e-06
0.98151535,1.0,1.0000059e-06
0.98172385,1.0,1.0000059e-06
0.9816673,1.0,1.0000059e-06
0.981356,1.0,1.0000058e-06
0.9812608,1.0,1.0000058e-06
0.98169523,1.0,1.0000057e-06
0.98098564,1.0,1.0000057e-06
0.98111856,1.0,1.0000056e-06
0.9809683,1.0,1.0000056e-06
0.9810033,1.0,1.0000056e-06
0.9808899,1.0,1.0000055e-06
0.9805912,1.0,1.0000055e-06
0.98075694,1.0,1.0000053e-06
0.9804855,1.0,1.0000053e-06
0.98038757,1.0,1.0000052e-06
0.9808502,1.0,1.0000052e-06
0.9809314,1.0,1.0000051e-06
0.9809215,1.0,1.0000051e-06
0.980505,1.0,1.000005e-06
0.9802779,1.0,1.000005e-06
0.9804845,1.0,1.000005e-06
0.9799566,1.0,1.0000049e-06
0.98012984,1.0,1.0000049e-06
0.97836477,1.0,1.0000048e-06
0.97988755,1.0,1.0000048e-06
0.97975326,1.0,1.0000048e-06
0.9799195,1.0,1.0000047e-06
0.979258,1.0,1.0000047e-06
0.9793956,1.0,1.0000045e-06
0.97934693,1.0,1.0000045e-06
0.9794838,1.0,1.0000045e-06
0.9793402,1.0,1.0000044e-06
0.97914803,1.0,1.0000044e-06
0.97914314,1.0,1.0000043e-06
0.9789861,1.0,1.0000043e-06
0.9792041,1.0,1.0000043e-06
0.9790791,1.0,1.0000042e-06
0.97919035,1.0,1.0000042e-06
0.97881156,1.0,1.0000041e-06
0.9784739,1.0,1.0000041e-06
0.97849584,1.0,1.0000041e-06
0.9784853,1.0,1.000004e-06
0.9782289,1.0,1.000004e-06
0.97889763,1.0,1.0000039e-06
0.9788986,1.0,1.0000039e-06
0.97863233,1.0,1.0000039e-06
0.9786483,1.0,1.0000037e-06
0.97871876,1.0,1.0000037e-06
0.97870666,1.0,1.0000037e-06
0.9784337,1.0,1.0000036e-06
0.97874045,1.0,1.0000036e-06
0.9779212,1.0,1.0000036e-06
0.977715,1.0,1.0000035e-06
0.9771223,1.0,1.0000035e-06
0.9776124,1.0,1.0000035e-06
0.97769177,1.0,1.0000034e-06
0.9773128,1.0,1.0000034e-06
0.97746783,1.0,1.0000034e-06
0.97735786,1.0,1.0000033e-06
0.9772633,1.0,1.0000033e-06
0.977565,1.0,1.0000033e-06
0.97723854,1.0,1.0000032e-06
0.9767617,1.0,1.0000032e-06
0.9767108,1.0,1.0000032e-06
0.97728354,1.0,1.0000031e-06
0.9766237,1.0,1.0000031e-06
0.9766938,1.0,1.0000031e-06
0.97627455,1.0,1.000003e-06
0.9767182,1.0,1.000003e-06
0.9764717,1.0,1.000003e-06
0.9763528,1.0,1.000003e-06
0.9760432,1.0,1.0000028e-06
0.97609764,1.0,1.0000028e-06
0.9760546,1.0,1.0000028e-06
0.9764001,1.0,1.0000027e-06
0.9761431,1.0,1.0000027e-06
0.9760594,1.0,1.0000027e-06
0.9757002,1.0,1.0000027e-06
0.9761877,1.0,1.0000026e-06
0.9761867,1.0,1.0000026e-06
0.975977,1.0,1.0000026e-06
0.9751293,1.0,1.0000026e-06
0.9752946,1.0,1.0000025e-06
0.97502565,1.0,1.0000025e-06
0.9749947,1.0,1.0000025e-06
0.9747138,1.0,1.0000025e-06
0.97508264,1.0,1.0000024e-06
0.9744009,1.0,1.0000024e-06
0.9745776,1.0,1.0000024e-06
0.9749764,1.0,1.0000024e-06
0.97451156,1.0,1.0000024e-06
0.97422576,1.0,1.0000023e-06
0.9743667,1.0,1.0000023e-06
0.97429883,1.0,1.0000023e-06
0.9743392,1.0,1.0000023e-06
0.9740978,1.0,1.0000022e-06
0.9741117,1.0,1.0000022e-06
0.9739332,1.0,1.0000022e-06
0.9738055,1.0,1.0000022e-06
0.9738096,1.0,1.0000022e-06
0.97373825,1.0,1.000002e-06
0.97347826,1.0,1.000002e-06
0.97320145,1.0,1.000002e-06
0.9734247,1.0,1.000002e-06
0.97301614,1.0,1.000002e-06
0.9729667,1.0,1.0000019e-06
0.973044,1.0,1.0000019e-06
0.9726461,1.0,1.0000019e-06
0.9728856,1.0,1.0000019e-06
0.9726147,1.0,1.0000019e-06
0.9728795,1.0,1.0000019e-06
0.97199416,1.0,1.0000018e-06
0.97255695,1.0,1.0000018e-06
0.9719161,1.0,1.0000018e-06
0.9722789,1.0,1.0000018e-06
0.9720417,1.0,1.0000018e-06
0.971663,1.0,1.0000018e-06
0.97157705,1.0,1.0000017e-06
0.9716058,1.0,1.0000017e-06
0.9716181,1.0,1.0000017e-06
0.9713035,1.0,1.0000017e-06
0.9710993,1.0,1.0000017e-06
0.97010785,1.0,1.0000017e-06
0.9706112,1.0,1.0000017e-06
0.97095484,1.0,1.0000016e-06
0.97106206,1.0,1.0000016e-06
0.97053725,1.0,1.0000016e-06
0.97057503,1.0,1.0000016e-06
0.97058004,1.0,1.0000016e-06
0.9698991,1.0,1.0000016e-06
0.9700844,1.0,1.0000016e-06
0.9701602,1.0,1.0000016e-06
0.96987927,1.0,1.0000015e-06
0.9701392,1.0,1.0000015e-06
0.9701888,1.0,1.0000015e-06
0.96954775,1.0,1.0000015e-06
0.9692314,1.0,1.0000015e-06
0.9695461,1.0,1.0000015e-06
0.9693165,1.0,1.0000015e-06
0.9691395,1.0,1.0000015e-06
0.9688586,1.0,1.0000014e-06
0.96883637,1.0,1.0000014e-06
0.96849656,1.0,1.0000014e-06
0.96844256,1.0,1.0000014e-06
0.9687463,1.0,1.0000014e-06
0.9682973,1.0,1.0000014e-06
0.96800417,1.0,1.0000014e-06
0.9683476,1.0,1.0000014e-06
0.9680621,1.0,1.0000014e-06
0.9676773,1.0,1.0000014e-06
0.967377,1.0,1.0000012e-06
0.9676478,1.0,1.0000012e-06
0.9675817,1.0,1.0000012e-06
0.96717435,1.0,1.0000012e-06
0.96737707,1.0,1.0000012e-06
0.9667412,1.0,1.0000012e-06
0.9672242,1.0,1.0000012e-06
0.9669997,1.0,1.0000012e-06
0.96671736,1.0,1.0000012e-06
0.9665702,1.0,1.0000012e-06
0.96626407,1.0,1.0000012e-06
0.9662297,1.0,1.0000012e-06
0.96626306,1.0,1.0000012e-06
0.9658718,1.0,1.0000011e-06
0.9659868,1.0,1.0000011e-06
0.9656933,1.0,1.0000011e-06
0.9658237,1.0,1.0000011e-06
0.96576846,1.0,1.0000011e-06
0.9651722,1.0,1.0000011e-06
0.9648702,1.0,1.0000011e-06
0.96476763,1.0,1.0000011e-06
0.9649576,1.0,1.0000011e-06
0.9642063,1.0,1.0000011e-06
0.96466255,1.0,1.0000011e-06
0.96399105,1.0,1.0000011e-06
0.9646229,1.0,1.0000011e-06
0.9638111,1.0,1.0000011e-06
0.9624819,1.0,1.0000011e-06
0.9635026,1.0,1.000001e-06
0.9632026,1.0,1.000001e-06
0.9631557,1.0,1.000001e-06
0.9630683,1.0,1.000001e-06
0.96285176,1.0,1.000001e-06
0.9628941,1.0,1.000001e-06
0.9625389,1.0,1.000001e-06
0.96235883,1.0,1.000001e-06
0.9619829,1.0,1.000001e-06
0.9618373,1.0,1.000001e-06
0.96177554,1.0,1.000001e-06
0.96207994,1.0,1.000001e-06
0.9619877,1.0,1.000001e-06
0.9616948,1.0,1.000001e-06
0.96130013,1.0,1.000001e-06
0.9609148,1.0,1.000001e-06
0.9605571,1.0,1.000001e-06
0.9606207,1.0,1.000001e-06
0.9605843,1.0,1.000001e-06
0.9602169,1.0,1.000001e-06
0.9600573,1.0,1.000001e-06
0.9599676,1.0,1.000001e-06
0.9594756,1.0,1.000001e-06
0.9592964,1.0,1.000001e-06
0.9592494,1.0,1.000001e-06
0.95907605,1.0,1.000001e-06
0.9588262,1.0,1.0000009e-06
0.9588476,1.0,1.0000009e-06
0.95834625,1.0,1.0000009e-06
0.9583102,1.0,1.0000009e-06
0.9582143,1.0,1.0000009e-06
0.9580492,1.0,1.0000009e-06
0.9578264,1.0,1.0000009e-06
0.9579099,1.0,1.0000009e-06
0.95781094,1.0,1.0000009e-06
0.9570592,1.0,1.0000009e-06
0.957353,1.0,1.0000009e-06
0.95712066,1.0,1.0000009e-06
0.9569953,1.0,1.0000009e-06
0.9563804,1.0,1.0000009e-06
0.95610285,1.0,1.0000009e-06
0.95601726,1.0,1.0000009e-06
0.95622706,1.0,1.0000009e-06
0.9561195,1.0,1.0000009e-06
0.95576763,1.0,1.0000009e-06
0.95567393,1.0,1.0000009e-06
0.9559271,1.0,1.0000009e-06
0.9562519,1.0,1.0000009e-06
0.9557064,1.0,1.0000009e-06
0.9555599,1.0,1.0000009e-06
0.95522404,1.0,1.0000009e-06
0.9543757,1.0,1.0000009e-06
0.95439136,1.0,1.0000009e-06
0.9536732,1.0,1.0000009e-06
0.9533771,1.0,1.0000009e-06
0.9532305,1.0,1.0000009e-06
0.9525443,1.0,1.0000009e-06
0.9524428,1.0,1.0000009e-06
0.9523152,1.0,1.0000009e-06
0.95199007,1.0,1.0000009e-06
0.95209074,1.0,1.0000009e-06
0.95144457,1.0,1.0000009e-06
0.95134073,1.0,1.0000009e-06
0.95073104,1.0,1.0000009e-06
0.9481784,1.0,1.0000009e-06
0.9506063,1.0,1.0000009e-06
0.94702125,1.0,1.0000009e-06
0.950145,1.0,1.0000009e-06
0.9500339,1.0,1.0000009e-06
0.9494936,1.0,1.0000009e-06
0.9491435,1.0,1.0000009e-06
0.9493815,1.0,1.0000009e-06
0.9487455,1.0,1.000001e-06
0.948855,1.0,1.000001e-06
0.9490719,1.0,1.000001e-06
0.94830525,1.0,1.000001e-06
0.9486024,1.0,1.000001e-06
0.9484269,1.0,1.000001e-06
0.9481539,1.0,1.000001e-06
0.9479269,1.0,1.000001e-06
0.9473201,1.0,1.000001e-06
0.9468102,1.0,1.000001e-06
0.9453239,1.0,1.000001e-06
0.94596696,1.0,1.000001e-06
0.9459565,1.0,1.000001e-06
0.9439456,1.0,1.000001e-06
0.9427455,1.0,1.000001e-06
0.9446267,1.0,1.000001e-06
0.9423357,1.0,1.000001e-06
0.94413847,1.0,1.000001e-06
0.9436172,1.0,1.000001e-06
0.9433172,1.0,1.000001e-06
0.94320995,1.0,1.000001e-06
0.94264317,1.0,1.000001e-06
0.94224626,1.0,1.000001e-06
0.94179595,1.0,1.0000011e-06
0.9419351,1.0,1.0000011e-06
0.94132984,1.0,1.0000011e-06
0.9411249,1.0,1.0000011e-06
0.9406476,1.0,1.0000011e-06
0.94071114,1.0,1.0000011e-06
0.94036174,1.0,1.0000011e-06
0.9398501,1.0,1.0000011e-06
0.9398678,1.0,1.0000011e-06
0.9395148,1.0,1.0000011e-06
0.9391826,1.0,1.0000011e-06
0.9389445,1.0,1.0000011e-06
0.9385272,1.0,1.0000011e-06
0.93831885,1.0,1.0000011e-06
0.9379934,1.0,1.0000011e-06
0.9374371,1.0,1.0000012e-06
0.9370683,1.0,1.0000012e-06
0.9361971,1.0,1.0000012e-06
0.936157,1.0,1.0000012e-06
0.935642,1.0,1.0000012e-06
0.93539023,1.0,1.0000012e-06
0.93494844,1.0,1.0000012e-06
0.93441075,1.0,1.0000012e-06
0.93402946,1.0,1.0000012e-06
0.93385315,1.0,1.0000014e-06
0.93342423,1.0,1.0000014e-06
0.93175393,1.0,1.0000014e-06
0.9324662,1.0,1.0000014e-06
0.93223953,1.0,1.0000014e-06
0.9318556,1.0,1.0000014e-06
0.93129295,1.0,1.0000014e-06
0.9308424,1.0,1.0000014e-06
0.93019295,1.0,1.0000015e-06
0.9300885,1.0,1.0000015e-06
0.92963994,1.0,1.0000015e-06
0.9292281,1.0,1.0000015e-06
0.9287525,1.0,1.0000015e-06
0.9287054,1.0,1.0000015e-06
0.92786646,1.0,1.0000015e-06
0.92670417,1.0,1.0000016e-06
0.92740947,1.0,1.0000016e-06
0.92720675,1.0,1.0000016e-06
0.92654836,1.0,1.0000016e-06
0.9263605,1.0,1.0000016e-06
0.9259168,1.0,1.0000016e-06
0.9254668,1.0,1.0000017e-06
0.92127484,1.0,1.0000017e-06
0.9241562,1.0,1.0000017e-06
0.92357445,1.0,1.0000017e-06
0.9230596,1.0,1.0000017e-06
0.9227152,1.0,1.0000018e-06
0.9223259,1.0,1.0000018e-06
0.9219208,1.0,1.0000018e-06
0.92148304,1.0,1.0000018e-06
0.9211865,1.0,1.0000019e-06
0.92052853,1.0,1.0000019e-06
0.9202414,1.0,1.0000019e-06
0.919386,1.0,1.0000019e-06
0.91915756,1.0,1.000002e-06
0.91886777,1.0,1.000002e-06
0.91814816,1.0,1.000002e-06
0.91792744,1.0,1.000002e-06
0.9173084,1.0,1.0000022e-06
0.9168535,1.0,1.0000022e-06
0.91646624,1.0,1.0000022e-06
0.91602093,1.0,1.0000022e-06
0.91544443,1.0,1.0000023e-06
0.9153098,1.0,1.0000023e-06
0.91510755,1.0,1.0000023e-06
0.9145087,1.0,1.0000024e-06
0.91410017,1.0,1.0000024e-06
0.91375875,1.0,1.0000024e-06
0.9130695,1.0,1.0000025e-06
0.9126538,1.0,1.0000025e-06
0.9121712,1.0,1.0000025e-06
0.91147447,1.0,1.0000026e-06
0.91106147,1.0,1.0000026e-06
0.91055614,1.0,1.0000027e-06
0.90968734,1.0,1.0000027e-06
0.9094872,1.0,1.0000027e-06
0.90887946,1.0,1.0000028e-06
0.90824515,1.0,1.0000028e-06
0.9079259,1.0,1.000003e-06
0.90733355,1.0,1.000003e-06
0.9069565,1.0,1.0000031e-06
0.9065655,1.0,1.0000031e-06
0.9062463,1.0,1.0000032e-06
0.90517956,1.0,1.0000032e-06
0.90494794,1.0,1.0000033e-06
0.904495,1.0,1.0000033e-06
0.9040331,1.0,1.0000034e-06
0.903385,1.0,1.0000034e-06
0.9030101,1.0,1.0000035e-06
0.90251553,1.0,1.0000035e-06
0.9018376,1.0,1.0000036e-06
0.9013099,1.0,1.0000037e-06
0.9010634,1.0,1.0000037e-06
0.9005059,1.0,1.0000039e-06
0.900284,1.0,1.0000039e-06
0.89947635,1.0,1.000004e-06
0.89950854,1.0,1.0000041e-06
0.8987222,1.0,1.0000042e-06
0.89824265,1.0,1.0000042e-06
0.89774555,1.0,1.0000043e-06
0.89686877,1.0,1.0000044e-06
0.8927009,1.0,1.0000045e-06
0.89375603,1.0,1.0000045e-06
0.8939767,1.0,1.0000047e-06
0.8935553,1.0,1.0000048e-06
0.8928657,1.0,1.0000049e-06
0.89278626,1.0,1.000005e-06
0.89211965,1.0,1.0000051e-06
0.89147204,1.0,1.0000052e-06
0.8912282,1.0,1.0000053e-06
0.8907137,1.0,1.0000053e-06
0.8899741,1.0,1.0000055e-06
0.8897482,1.0,1.0000056e-06
0.8893453,1.0,1.0000057e-06
0.8886834,1.0,1.0000059e-06
0.88831115,1.0,1.000006e-06
0.88754845,1.0,1.0000061e-06
0.8871057,1.0,1.0000063e-06
0.8863069,1.0,1.0000064e-06
0.88615984,1.0,1.0000065e-06
0.88581455,1.0,1.0000066e-06
0.88529015,1.0,1.0000068e-06
0.88475543,1.0,1.0000069e-06
0.88448536,1.0,1.000007e-06
0.88405466,1.0,1.0000072e-06
0.8833647,1.0,1.0000074e-06
0.8830468,1.0,1.0000075e-06
0.88221735,1.0,1.0000077e-06
0.8817137,1.0,1.0000078e-06
0.8811463,1.0,1.0000081e-06
0.8805145,1.0,1.0000082e-06
0.8797968,1.0,1.0000084e-06
0.8790577,1.0,1.0000086e-06
0.87854826,1.0,1.0000088e-06
0.8781739,1.0,1.000009e-06
0.8775394,1.0,1.0000092e-06
0.8767844,1.0,1.0000094e-06
0.8764299,1.0,1.0000095e-06
0.8756597,1.0,1.0000098e-06
0.87519157,1.0,1.00001e-06
0.8745047,1.0,1.0000102e-06
0.87381727,1.0,1.0000105e-06
0.8733522,1.0,1.0000107e-06
0.87287813,1.0,1.0000109e-06
0.87230045,1.0,1.0000111e-06
0.87164694,1.0,1.0000115e-06
0.87112063,1.0,1.0000117e-06
0.8702544,1.0,1.0000119e-06
0.86966634,1.0,1.0000122e-06
0.8690866,1.0,1.0000125e-06
0.86840254,1.0,1.0000127e-06
0.8680725,1.0,1.0000131e-06
0.86766,1.0,1.0000133e-06
0.86693144,1.0,1.0000136e-06
0.8665076,1.0,1.000014e-06
0.8659206,1.0,1.0000142e-06
0.86560905,1.0,1.0000145e-06
0.864832,1.0,1.0000149e-06
0.8644586,1.0,1.0000152e-06
0.863839,1.0,1.0000156e-06
0.86307913,1.0,1.000016e-06
0.86216795,1.0,1.0000164e-06
0.8616282,1.0,1.0000167e-06
0.86092484,1.0,1.0000172e-06
0.86026645,1.0,1.0000175e-06
0.8594805,1.0,1.000018e-06
0.8588308,1.0,1.0000184e-06
0.85830784,1.0,1.0000188e-06
0.8574083,1.0,1.0000192e-06
0.856994,1.0,1.0000197e-06
0.8560699,1.0,1.0000201e-06
0.8556529,1.0,1.0000206e-06
0.8548295,1.0,1.000021e-06
0.8538989,1.0,1.0000215e-06
0.85315436,1.0,1.0000219e-06
0.85145,1.0,1.0000224e-06
0.8508435,1.0,1.000023e-06
0.85106397,1.0,1.0000234e-06
0.8494738,1.0,1.000024e-06
0.84873843,1.0,1.0000244e-06
0.8482257,1.0,1.000025e-06
0.8476093,1.0,1.0000256e-06
0.8462261,1.0,1.000026e-06
0.84534603,1.0,1.0000266e-06
0.84539,1.0,1.0000272e-06
0.8446397,1.0,1.0000277e-06
0.84352356,1.0,1.0000284e-06
0.8429005,1.0,1.000029e-06
0.8421644,1.0,1.0000296e-06
0.84126216,1.0,1.0000302e-06
0.8403154,1.0,1.0000309e-06
0.8397051,1.0,1.0000315e-06
0.83920765,1.0,1.0000322e-06
0.8379325,1.0,1.0000329e-06
0.8369293,1.0,1.0000335e-06
0.83640397,1.0,1.0000343e-06
0.8355236,1.0,1.000035e-06
0.8345521,1.0,1.0000358e-06
0.8338853,1.0,1.0000365e-06
0.8325899,1.0,1.0000373e-06
0.83207035,1.0,1.0000381e-06
0.83106226,1.0,1.0000389e-06
0.8302729,1.0,1.0000396e-06
0.8296777,1.0,1.0000404e-06
0.8284773,1.0,1.0000412e-06
0.8275664,1.0,1.000042e-06
0.82674825,1.0,1.0000427e-06
0.82557565,1.0,1.0000435e-06
0.8249567,1.0,1.0000443e-06
0.82448405,1.0,1.0000452e-06
0.8234913,1.0,1.000046e-06
0.82243276,1.0,1.000047e-06
0.82158077,1.0,1.0000479e-06
0.82088834,1.0,1.0000488e-06
0.81979555,1.0,1.0000498e-06
0.8190475,1.0,1.0000508e-06
0.81804734,1.0,1.0000518e-06
1.0,1.0,1.0000747e-06
1.0,1.0,1.0000747e-06
1.0,1.0,1.0000747e-06
1.0,1.0,1.0000747e-06
1.0,1.0,1.0000747e-06
1.0,1.0,1.0000746e-06
1.0,1.0,1.0000746e-06
1.0,1.0,1.0000746e-06
1.0,1.0,1.0000745e-06
1.0,1.0,1.0000745e-06
1.0,1.0,1.0000743e-06
1.0,1.0,1.0000743e-06
1.0,1.0,1.0000742e-06
1.0,1.0,1.0000741e-06
1.0,1.0,1.000074e-06
1.0,1.0,1.0000739e-06
1.0,1.0,1.0000738e-06
1.0,1.0,1.0000737e-06
1.0,1.0,1.0000736e-06
1.0,1.0,1.0000734e-06
1.0,1.0,1.0000732e-06
1.0,1.0,1.0000731e-06
1.0,1.0,1.0000729e-06
1.0,1.0,1.0000728e-06
1.0,1.0,1.0000725e-06
1.0,1.0,1.0000723e-06
1.0,1.0,1.0000722e-06
1.0,1.0,1.000072e-06
1.0,1.0,1.0000717e-06
1.0,1.0,1.0000715e-06
1.0,1.0,1.0000713e-06
1.0,1.0,1.000071e-06
1.0,1.0,1.0000707e-06
1.0,1.0,1.0000705e-06
1.0,1.0,1.0000703e-06
1.0,1.0,1.0000699e-06
1.0,1.0,1.0000697e-06
1.0,1.0,1.0000693e-06
1.0,1.0,1.0000691e-06
1.0,1.0,1.0000688e-06
1.0,1.0,1.0000684e-06
1.0,1.0,1.0000681e-06
1.0,1.0,1.0000678e-06
1.0,1.0,1.0000674e-06
1.0,1.0,1.0000671e-06
1.0,1.0,1.0000667e-06
1.0,1.0,1.0000663e-06
1.0,1.0,1.0000659e-06
1.0,1.0,1.0000656e-06
1.0,1.0,1.0000651e-06
1.0,1.0,1.0000647e-06
1.0,1.0,1.0000643e-06
1.0,1.0,1.0000639e-06
1.0,1.0,1.0000634e-06
1.0,1.0,1.000063e-06
1.0,1.0,1.0000625e-06
1.0,1.0,1.0000621e-06
1.0,1.0,1.0000616e-06
1.0,1.0,1.0000612e-06
1.0,1.0,1.0000607e-06
1.0,1.0,1.0000601e-06
1.0,1.0,1.0000597e-06
1.0,1.0,1.0000592e-06
1.0,1.0,1.0000587e-06
1.0,1.0,1.0000582e-06
1.0,1.0,1.0000576e-06
1.0,1.0,1.0000571e-06
1.0,1.0,1.0000566e-06
1.0,1.0,1.000056e-06
1.0,1.0,1.0000555e-06
1.0,1.0,1.0000549e-06
1.0,1.0,1.0000543e-06
1.0,1.0,1.0000538e-06
1.0,1.0,1.0000532e-06
1.0,1.0,1.0000526e-06
1.0,1.0,1.0000521e-06
1.0,1.0,1.0000515e-06
1.0,1.0,1.0000509e-06
1.0,1.0,1.0000504e-06
1.0,1.0,1.0000498e-06
1.0,1.0,1.0000491e-06
1.0,1.0,1.0000485e-06
1.0,1.0,1.000048e-06
1.0,1.0,1.0000473e-06
1.0,1.0,1.0000467e-06
1.0,1.0,1.0000462e-06
1.0,1.0,1.0000455e-06
1.0,1.0,1.0000449e-06
1.0,1.0,1.0000442e-06
1.0,1.0,1.0000437e-06
1.0,1.0,1.000043e-06
1.0,1.0,1.0000424e-06
1.0,1.0,1.0000418e-06
1.0,1.0,1.0000412e-06
1.0,1.0,1.0000406e-06
1.0,1.0,1.0000399e-06
1.0,1.0,1.0000393e-06
1.0,1.0,1.0000387e-06
1.0,1.0,1.0000381e-06
1.0,1.0,1.0000374e-06
1.0,1.0,1.0000368e-06
1.0,1.0,1.0000361e-06
1.0,1.0,1.0000356e-06
1.0,1.0,1.000035e-06
1.0,1.0,1.0000343e-06
1.0,1.0,1.0000338e-06
0.99998295,1.0,1.0000332e-06
0.99993527,1.0,1.0000325e-06
0.9999204,1.0,1.000032e-06
0.9999854,1.0,1.0000314e-06
1.0,1.0,1.0000308e-06
1.0,1.0,1.0000301e-06
0.9999119,1.0,1.0000296e-06
0.9997298,1.0,1.000029e-06
0.9995174,1.0,1.0000284e-06
0.9995331,1.0,1.0000279e-06
0.99959165,1.0,1.0000273e-06
0.99970764,1.0,1.0000267e-06
0.99977756,1.0,1.0000261e-06
0.99978566,1.0,1.0000257e-06
0.99862844,1.0,1.0000251e-06
0.99968415,1.0,1.0000246e-06
0.9995771,1.0,1.000024e-06
0.999483,1.0,1.0000235e-06
0.9992793,1.0,1.000023e-06
0.99926084,1.0,1.0000225e-06
0.99906933,1.0,1.0000219e-06
0.99911606,1.0,1.0000215e-06
0.99883705,1.0,1.000021e-06
0.99874824,1.0,1.0000205e-06
0.99872977,1.0,1.00002e-06
0.9988639,1.0,1.0000196e-06
0.9988345,1.0,1.0000191e-06
0.9988002,1.0,1.0000186e-06
0.9987713,1.0,1.0000182e-06
0.99878293,1.0,1.0000177e-06
0.99886626,1.0,1.0000173e-06
0.9989402,1.0,1.0000168e-06
0.9986543,1.0,1.0000165e-06
0.9987651,1.0,1.000016e-06
0.9986359,1.0,1.0000156e-06
0.9984546,1.0,1.0000152e-06
0.9983729,1.0,1.0000149e-06
0.9983311,1.0,1.0000144e-06
0.99815947,1.0,1.0000141e-06
0.99870557,1.0,1.0000138e-06
0.9987999,1.0,1.0000133e-06
0.99865484,1.0,1.000013e-06
0.99876577,1.0,1.0000126e-06
0.9984107,1.0,1.0000123e-06
0.9985757,1.0,1.0000119e-06
0.99830353,1.0,1.0000117e-06
0.99809575,1.0,1.0000114e-06
0.9980794,1.0,1.000011e-06
0.99798423,1.0,1.0000107e-06
0.99790025,1.0,1.0000105e-06
0.9978291,1.0,1.0000101e-06
0.9977801,1.0,1.0000099e-06
0.9977298,1.0,1.0000095e-06
0.9973047,1.0,1.0000093e-06
0.99753773,1.0,1.0000091e-06
0.9976013,1.0,1.0000088e-06
0.99763095,1.0,1.0000085e-06
0.99763817,1.0,1.0000083e-06
0.9976236,1.0,1.0000081e-06
0.9973427,1.0,1.0000078e-06
0.99740666,1.0,1.0000076e-06
0.9974254,1.0,1.0000074e-06
0.9970587,1.0,1.0000072e-06
0.99700236,1.0,1.0000069e-06
0.9971687,1.0,1.0000067e-06
0.9972639,1.0,1.0000066e-06
0.9973511,1.0,1.0000064e-06
0.9973889,1.0,1.0000061e-06
0.9973714,1.0,1.000006e-06
0.9969282,1.0,1.0000058e-06
0.997072,1.0,1.0000057e-06
0.99705476,1.0,1.0000055e-06
0.9969558,1.0,1.0000053e-06
0.9968103,1.0,1.0000052e-06
0.99645454,1.0,1.000005e-06
0.9966116,1.0,1.0000049e-06
0.9964967,1.0,1.0000048e-06
0.9965983,1.0,1.0000047e-06
0.9960472,1.0,1.0000044e-06
0.99642146,1.0,1.0000043e-06
0.99630076,1.0,1.0000042e-06
0.99637145,1.0,1.0000041e-06
0.99607587,1.0,1.000004e-06
0.99612653,1.0,1.0000039e-06
0.99604374,1.0,1.0000037e-06
0.9961433,1.0,1.0000036e-06
0.996349,1.0,1.0000035e-06
0.99624056,1.0,1.0000034e-06
0.99583894,1.0,1.0000034e-06
0.99590236,1.0,1.0000033e-06
0.9958998,1.0,1.0000032e-06
0.9957801,1.0,1.0000031e-06
0.9959692,1.0,1.000003e-06
0.99576294,1.0,1.000003e-06
0.99565655,1.0,1.0000028e-06
0.9956305,1.0,1.0000027e-06
0.99586,1.0,1.0000027e-06
0.99586976,1.0,1.0000026e-06
0.99595577,1.0,1.0000025e-06
0.9955055,1.0,1.0000025e-06
0.9955129,1.0,1.0000024e-06
0.9950116,1.0,1.0000024e-06
0.994915,1.0,1.0000023e-06
0.9951033,1.0,1.0000023e-06
0.9952172,1.0,1.0000022e-06
0.99508625,1.0,1.0000022e-06
0.9947445,1.0,1.000002e-06
0.9946238,1.0,1.000002e-06
0.99500656,1.0,1.0000019e-06
0.9948803,1.0,1.0000019e-06
0.9948492,1.0,1.0000019e-06
0.99480444,1.0,1.0000018e-06
0.9945566,1.0,1.0000018e-06
0.9947972,1.0,1.0000017e-06
0.9944449,1.0,1.0000017e-06
0.9947,1.0,1.0000017e-06
0.99433166,1.0,1.0000016e-06
0.99442554,1.0,1.0000016e-06
0.99421144,1.0,1.0000016e-06
0.9944748,1.0,1.0000016e-06
0.9944552,1.0,1.0000015e-06
0.9943536,1.0,1.0000015e-06
0.99466723,1.0,1.0000015e-06
0.99439114,1.0,1.0000015e-06
0.99466723,1.0,1.0000014e-06
0.99445134,1.0,1.0000014e-06
0.9946452,1.0,1.0000014e-06
0.9944164,1.0,1.0000014e-06
0.9941645,1.0,1.0000012e-06
0.99399996,1.0,1.0000012e-06
0.99398035,1.0,1.0000012e-06
0.99351287,1.0,1.0000012e-06
0.9935376,1.0,1.0000012e-06
0.9934856,1.0,1.0000012e-06
0.9936444,1.0,1.0000011e-06
0.99345636,1.0,1.0000011e-06
0.99349236,1.0,1.0000011e-06
0.99310076,1.0,1.0000011e-06
0.99334687,1.0,1.0000011e-06
0.99347335,1.0,1.0000011e-06
0.9934703,1.0,1.0000011e-06
0.9929803,1.0,1.0000011e-06
0.9930418,1.0,1.000001e-06
0.99322754,1.0,1.000001e-06
0.99297386,1.0,1.000001e-06
0.9931009,1.0,1.000001e-06
0.99293387,1.0,1.000001e-06
0.9924582,1.0,1.000001e-06
0.9929598,1.0,1.000001e-06
0.99285704,1.0,1.000001e-06
0.99278134,1.0,1.000001e-06
0.9929535,1.0,1.000001e-06
0.9924508,1.0,1.000001e-06
0.99262875,1.0,1.000001e-06
0.99227965,1.0,1.000001e-06
0.9925227,1.0,1.000001e-06
0.9925173,1.0,1.000001e-06
0.99216044,1.0,1.0000009e-06
0.9921009,1.0,1.0000009e-06
0.9922916,1.0,1.0000009e-06
0.9922047,1.0,1.0000009e-06
0.99214643,1.0,1.0000009e-06
0.99193776,1.0,1.0000009e-06
0.99184877,1.0,1.0000009e-06
0.9920355,1.0,1.0000009e-06
0.9917658,1.0,1.0000009e-06
0.9918472,1.0,1.0000009e-06
0.99141645,1.0,1.0000009e-06
0.99228066,1.0,1.0000009e-06
0.9922928,1.0,1.0000009e-06
0.9924274,1.0,1.000001e-06
0.9920926,1.0,1.000001e-06
0.99230206,1.0,1.000001e-06
0.9920116,1.0,1.000001e-06
0.992198,1.0,1.000001e-06
0.9920303,1.0,1.000001e-06
0.9925823,1.0,1.000001e-06
0.9926138,1.0,1.000001e-06
0.9928916,1.0,1.000001e-06
0.9924615,1.0,1.000001e-06
0.99279374,1.0,1.000001e-06
0.9923437,1.0,1.000001e-06
0.99229974,1.0,1.000001e-06
0.99219656,1.0,1.000001e-06
0.9917076,1.0,1.000001e-06
0.9910012,1.0,1.000001e-06
0.99138147,1.0,1.0000011e-06
0.99148375,1.0,1.0000011e-06
0.99082845,1.0,1.0000011e-06
0.99118936,1.0,1.0000011e-06
0.9910524,1.0,1.0000011e-06
0.99090123,1.0,1.0000011e-06
0.99056304,1.0,1.0000011e-06
0.9908247,1.0,1.0000011e-06
0.99033153,1.0,1.0000012e-06
0.9907196,1.0,1.0000012e-06
0.9907451,1.0,1.0000012e-06
0.99042183,1.0,1.0000012e-06
0.99078655,1.0,1.0000012e-06
0.99016994,1.0,1.0000012e-06
0.9902035,1.0,1.0000014e-06
0.99012816,1.0,1.0000014e-06
0.9902372,1.0,1.0000014e-06
0.99092865,1.0,1.0000014e-06
0.9905894,1.0,1.0000014e-06
0.9906439,1.0,1.0000015e-06
0.99063504,1.0,1.0000015e-06
0.991036,1.0,1.0000015e-06
0.98998827,1.0,1.0000015e-06
0.9902433,1.0,1.0000016e-06
0.99005014,1.0,1.0000016e-06
0.98989445,1.0,1.0000016e-06
0.98973703,1.0,1.0000016e-06
0.98993576,1.0,1.0000017e-06
0.98932314,1.0,1.0000017e-06
0.9896849,1.0,1.0000017e-06
0.98937666,1.0,1.0000018e-06
0.98918337,1.0,1.0000018e-06
0.98932105,1.0,1.0000018e-06
0.9887884,1.0,1.0000019e-06
0.9889816,1.0,1.0000019e-06
0.9885839,1.0,1.0000019e-06
0.9886745,1.0,1.000002e-06
0.9892322,1.0,1.000002e-06
0.9879352,1.0,1.000002e-06
0.9888977,1.0,1.0000022e-06
0.9884605,1.0,1.0000022e-06
0.9887339,1.0,1.0000022e-06
0.98848987,1.0,1.0000023e-06
0.9884816,1.0,1.0000023e-06
0.98847604,1.0,1.0000024e-06
0.98862064,1.0,1.0000024e-06
0.98883075,1.0,1.0000025e-06
0.98864543,1.0,1.0000025e-06
0.9889293,1.0,1.0000025e-06
0.98875797,1.0,1.0000026e-06
0.98847145,1.0,1.0000026e-06
0.98872435,1.0,1.0000027e-06
0.9881579,1.0,1.0000027e-06
0.9878502,1.0,1.0000028e-06
0.9878125,1.0,1.0000028e-06
0.987727,1.0,1.000003e-06
0.9875956,1.0,1.000003e-06
0.9873271,1.0,1.0000031e-06
0.9875573,1.0,1.0000032e-06
0.98703873,1.0,1.0000032e-06
0.98723716,1.0,1.0000033e-06
0.98722285,1.0,1.0000033e-06
0.9869034,1.0,1.0000034e-06
0.98719835,1.0,1.0000034e-06
0.9867586,1.0,1.0000035e-06
0.98719823,1.0,1.0000036e-06
0.9870975,1.0,1.0000036e-06
0.98665667,1.0,1.0000037e-06
0.9868763,1.0,1.0000037e-06
0.98635066,1.0,1.0000039e-06
0.98654294,1.0,1.000004e-06
0.9865606,1.0,1.000004e-06
0.986715,1.0,1.0000041e-06
0.98667926,1.0,1.0000042e-06
0.9866401,1.0,1.0000042e-06
0.98660135,1.0,1.0000043e-06
0.9866842,1.0,1.0000043e-06
0.9865416,1.0,1.0000044e-06
0.98692894,1.0,1.0000045e-06
0.9864739,1.0,1.0000045e-06
0.9863273,1.0,1.0000047e-06
0.9859199,1.0,1.0000048e-06
0.9857405,1.0,1.0000048e-06
0.9856386,1.0,1.0000049e-06
0.9855646,1.0,1.000005e-06
0.9851765,1.0,1.000005e-06
0.9854934,1.0,1.0000051e-06
0.9850846,1.0,1.0000052e-06
0.9851397,1.0,1.0000052e-06
0.984598,1.0,1.0000053e-06
0.9849255,1.0,1.0000055e-06
0.9848862,1.0,1.0000055e-06
0.98475945,1.0,1.0000056e-06
0.9852004,1.0,1.0000056e-06
0.9852909,1.0,1.0000057e-06
0.9848666,1.0,1.0000058e-06
0.98463035,1.0,1.0000058e-06
0.9845055,1.0,1.0000059e-06
0.9848399,1.0,1.0000059e-06
0.9845287,1.0,1.000006e-06
0.9847089,1.0,1.000006e-06
0.98450714,1.0,1.0000061e-06
0.9846257,1.0,1.0000061e-06
0.9847851,1.0,1.0000063e-06
0.9841945,1.0,1.0000063e-06
0.9845357,1.0,1.0000064e-06
0.98446965,1.0,1.0000064e-06
0.9843204,1.0,1.0000065e-06
0.98421943,1.0,1.0000065e-06
0.9840083,1.0,1.0000066e-06
0.98396266,1.0,1.0000066e-06
0.9834367,1.0,1.0000067e-06
0.98348224,1.0,1.0000067e-06
0.98328173,1.0,1.0000068e-06
0.98305655,1.0,1.0000068e-06
0.9831909,1.0,1.0000068e-06
0.9832239,1.0,1.0000069e-06
0.9829699,1.0,1.0000069e-06
0.98280966,1.0,1.0000069e-06
0.9828761,1.0,1.000007e-06
0.9824354,1.0,1.000007e-06
0.98254144,1.0,1.000007e-06
0.98244685,1.0,1.000007e-06
0.9823193,1.0,1.0000072e-06
0.98234975,1.0,1.0000072e-06
0.9823636,1.0,1.0000072e-06
0.98180693,1.0,1.0000072e-06
0.9816099,1.0,1.0000072e-06
0.9820188,1.0,1.0000072e-06
0.982454,1.0,1.0000073e-06
0.98143744,1.0,1.0000073e-06
0.98288316,1.0,1.0000073e-06
0.98210126,1.0,1.0000073e-06
0.98234606,1.0,1.0000073e-06
0.98207456,1.0,1.0000073e-06
0.9820111,1.0,1.0000073e-06
0.98201793,1.0,1.0000073e-06
0.9817569,1.0,1.0000073e-06
0.9810835,1.0,1.0000073e-06
0.9808092,1.0,1.0000073e-06
0.9806853,1.0,1.0000073e-06
0.9808217,1.0,1.0000073e-06
0.9806159,1.0,1.0000073e-06
0.9794792,1.0,1.0000073e-06
0.979186,1.0,1.0000073e-06
0.9782124,1.0,1.0000073e-06
0.97827727,1.0,1.0000072e-06
0.9784991,1.0,1.0000072e-06
0.97944975,1.0,1.0000072e-06
0.97889006,1.0,1.0000072e-06
0.978926,1.0,1.0000072e-06
0.97885454,1.0,1.000007e-06
0.9789085,1.0,1.000007e-06
0.9785561,1.0,1.000007e-06
0.9787204,1.0,1.000007e-06
0.9783299,1.0,1.0000069e-06
0.9781469,1.0,1.0000069e-06
0.9784661,1.0,1.0000069e-06
0.9781162,1.0,1.0000069e-06
0.978326,1.0,1.0000068e-06
0.97850955,1.0,1.0000068e-06
0.9772659,1.0,1.0000068e-06
0.97853255,1.0,1.0000067e-06
0.97808695,1.0,1.0000067e-06
0.97818494,1.0,1.0000067e-06
0.9779043,1.0,1.0000066e-06
0.9775823,1.0,1.0000066e-06
0.9771203,1.0,1.0000065e-06
0.9771825,1.0,1.0000065e-06
0.97725964,1.0,1.0000065e-06
0.97651094,1.0,1.0000064e-06
0.9768771,1.0,1.0000064e-06
0.97663116,1.0,1.0000064e-06
0.976367,1.0,1.0000063e-06
0.97644556,1.0,1.0000063e-06
0.9763438,1.0,1.0000061e-06
0.9763106,1.0,1.0000061e-06
0.97641397,1.0,1.0000061e-06
0.9759351,1.0,1.000006e-06
0.976009,1.0,1.000006e-06
0.9756966,1.0,1.0000059e-06
0.9758372,1.0,1.0000059e-06
0.97513753,1.0,1.0000058e-06
0.9752969,1.0,1.0000058e-06
0.9750296,1.0,1.0000057e-06
0.97545505,1.0,1.0000057e-06
0.97509086,1.0,1.0000057e-06
0.974954,1.0,1.0000056e-06
0.97465897,1.0,1.0000056e-06
0.97492796,1.0,1.0000055e-06
0.9744708,1.0,1.0000055e-06
0.97444755,1.0,1.0000053e-06
0.9732252,1.0,1.0000053e-06
0.974177,1.0,1.0000052e-06
0.97390074,1.0,1.0000052e-06
0.9739054,1.0,1.0000052e-06
0.97333,1.0,1.0000051e-06
0.9729908,1.0,1.0000051e-06
0.97313607,1.0,1.000005e-06
0.97296154,1.0,1.000005e-06
0.973113,1.0,1.0000049e-06
0.9728264,1.0,1.0000049e-06
0.97271174,1.0,1.0000049e-06
0.97279453,1.0,1.0000048e-06
0.97223467,1.0,1.0000048e-06
0.9720488,1.0,1.0000047e-06
0.97215253,1.0,1.0000047e-06
0.9723251,1.0,1.0000047e-06
0.9715913,1.0,1.0000045e-06
0.97155917,1.0,1.0000045e-06
0.9713514,1.0,1.0000044e-06
0.97118646,1.0,1.0000044e-06
0.9710559,1.0,1.0000043e-06
0.97117054,1.0,1.0000043e-06
0.97076666,1.0,1.0000043e-06
0.97141933,1.0,1.0000042e-06
0.9710844,1.0,1.0000042e-06
0.97155774,1.0,1.0000042e-06
0.97084314,1.0,1.0000041e-06
0.970575,1.0,1.0000041e-06
0.9703667,1.0,1.000004e-06
0.9704482,1.0,1.000004e-06
0.9699593,1.0,1.000004e-06
0.9683673,1.0,1.0000039e-06
0.96959007,1.0,1.0000039e-06
0.9692016,1.0,1.0000039e-06
0.9690445,1.0,1.0000037e-06
0.9682948,1.0,1.0000037e-06
0.9681148,1.0,1.0000036e-06
0.968476,1.0,1.0000036e-06
0.96812636,1.0,1.0000036e-06
0.96801275,1.0,1.0000035e-06
0.9680647,1.0,1.0000035e-06
0.9675887,1.0,1.0000035e-06
0.96747893,1.0,1.0000034e-06
0.96725285,1.0,1.0000034e-06
0.96723956,1.0,1.0000034e-06
0.966925,1.0,1.0000033e-06
0.96686584,1.0,1.0000033e-06
0.96616656,1.0,1.0000033e-06
0.9659932,1.0,1.0000032e-06
0.96621966,1.0,1.0000032e-06
0.96637094,1.0,1.0000032e-06
0.9659358,1.0,1.0000031e-06
0.96554184,1.0,1.0000031e-06
0.96529526,1.0,1.0000031e-06
0.9653409,1.0,1.0000031e-06
0.9654521,1.0,1.000003e-06
0.965198,1.0,1.000003e-06
0.96443194,1.0,1.000003e-06
0.9645324,1.0,1.0000028e-06
0.9641322,1.0,1.0000028e-06
0.9635701,1.0,1.0000028e-06
0.9633242,1.0,1.0000028e-06
0.9629198,1.0,1.0000027e-06
0.96297985,1.0,1.0000027e-06
0.96277285,1.0,1.0000027e-06
0.9627254,1.0,1.0000027e-06
0.9624057,1.0,1.0000026e-06
0.9619316,1.0,1.0000026e-06
0.96154416,1.0,1.0000026e-06
0.96137834,1.0,1.0000026e-06
0.9615097,1.0,1.0000025e-06
0.9611806,1.0,1.0000025e-06
0.9607238,1.0,1.0000025e-06
0.9605306,1.0,1.0000025e-06
0.95974827,1.0,1.0000024e-06
0.9600373,1.0,1.0000024e-06
0.9599532,1.0,1.0000024e-06
0.9591862,1.0,1.0000024e-06
0.95938164,1.0,1.0000023e-06
0.9589185,1.0,1.0000023e-06
0.95896065,1.0,1.0000023e-06
0.958366,1.0,1.0000023e-06
0.95817935,1.0,1.0000023e-06
0.9580304,1.0,1.0000022e-06
0.9576974,1.0,1.0000022e-06
0.957567,1.0,1.0000022e-06
0.9569282,1.0,1.0000022e-06
0.9569597,1.0,1.0000022e-06
0.9565087,1.0,1.000002e-06
0.95604026,1.0,1.000002e-06
0.9555293,1.0,1.000002e-06
0.95535535,1.0,1.000002e-06
0.95499855,1.0,1.000002e-06
0.9543684,1.0,1.0000019e-06
0.9532223,1.0,1.0000019e-06
0.9540063,1.0,1.0000019e-06
0.95355994,1.0,1.0000019e-06
0.95293987,1.0,1.0000019e-06
0.95299965,1.0,1.0000019e-06
0.9526695,1.0,1.0000018e-06
0.9520755,1.0,1.0000018e-06
0.9520029,1.0,1.0000018e-06
0.95166874,1.0,1.0000018e-06
0.9512573,1.0,1.0000018e-06
0.9505215,1.0,1.0000018e-06
0.9506984,1.0,1.0000017e-06
0.9500441,1.0,1.0000017e-06
0.9498209,1.0,1.0000017e-06
0.9494699,1.0,1.0000017e-06
0.949233,1.0,1.0000017e-06
0.9489762,1.0,1.0000017e-06
0.948123,1.0,1.0000017e-06
0.9476571,1.0,1.0000016e-06
0.94762206,1.0,1.0000016e-06
0.9472293,1.0,1.0000016e-06
0.9469251,1.0,1.0000016e-06
0.9461852,1.0,1.0000016e-06
0.94596624,1.0,1.0000016e-06
0.94537157,1.0,1.0000016e-06
0.94491714,1.0,1.0000015e-06
0.9445625,1.0,1.0000015e-06
0.94413096,1.0,1.0000015e-06
0.9434223,1.0,1.0000015e-06
0.94325215,1.0,1.0000015e-06
0.94271773,1.0,1.0000015e-06
0.94237596,1.0,1.0000015e-06
0.94200903,1.0,1.0000015e-06
0.9414612,1.0,1.0000015e-06
0.94086665,1.0,1.0000014e-06
0.9408131,1.0,1.0000014e-06
0.93989486,1.0,1.0000014e-06
0.93971026,1.0,1.0000014e-06
0.93929476,1.0,1.0000014e-06
0.938739,1.0,1.0000014e-06
0.9384972,1.0,1.0000014e-06
0.93794525,1.0,1.0000014e-06
0.9371816,1.0,1.0000014e-06
0.9370219,1.0,1.0000014e-06
0.9363891,1.0,1.0000012e-06
0.9358273,1.0,1.0000012e-06
0.9353354,1.0,1.0000012e-06
0.93477,1.0,1.0000012e-06
0.934428,1.0,1.0000012e-06
0.93362343,1.0,1.0000012e-06
0.93314487,1.0,1.0000012e-06
0.9325832,1.0,1.0000012e-06
0.9321549,1.0,1.0000012e-06
0.931563,1.0,1.0000012e-06
0.9308297,1.0,1.0000012e-06
0.93051386,1.0,1.0000012e-06
0.9298177,1.0,1.0000012e-06
0.9293252,1.0,1.0000011e-06
0.928886,1.0,1.0000011e-06
0.9282988,1.0,1.0000011e-06
0.9277464,1.0,1.0000011e-06
0.92680305,1.0,1.0000011e-06
0.9265555,1.0,1.0000011e-06
0.9258234,1.0,1.0000011e-06
0.92538315,1.0,1.0000011e-06
0.92369646,1.0,1.0000011e-06
0.9242527,1.0,1.0000011e-06
0.92373466,1.0,1.0000011e-06
0.9232463,1.0,1.0000011e-06
0.92290324,1.0,1.0000011e-06
0.92248523,1.0,1.0000011e-06
0.92173105,1.0,1.0000011e-06
0.9213616,1.0,1.0000011e-06
0.92065704,1.0,1.000001e-06
0.91982776,1.0,1.000001e-06
0.919769,1.0,1.000001e-06
0.9190685,1.0,1.000001e-06
0.918436,1.0,1.000001e-06
0.9178611,1.0,1.000001e-06
0.91713893,1.0,1.000001e-06
0.9163589,1.0,1.000001e-06
0.9161692,1.0,1.000001e-06
0.91564554,1.0,1.000001e-06
0.9147389,1.0,1.000001e-06
0.91413856,1.0,1.000001e-06
0.9135271,1.0,1.000001e-06
0.912844,1.0,1.000001e-06
0.91250116,1.0,1.000001e-06
0.91187257,1.0,1.000001e-06
0.9111655,1.0,1.000001e-06
0.9110637,1.0,1.000001e-06
0.91045606,1.0,1.000001e-06
0.90963995,1.0,1.000001e-06
0.9090154,1.0,1.000001e-06
0.9087504,1.0,1.000001e-06
0.9081182,1.0,1.000001e-06
0.90768,1.0,1.000001e-06
0.9069446,1.0,1.000001e-06
0.9063967,1.0,1.000001e-06
0.90594894,1.0,1.000001e-06
0.90513146,1.0,1.0000009e-06
0.90462524,1.0,1.0000009e-06
0.9041097,1.0,1.0000009e-06
0.9034694,1.0,1.0000009e-06
0.9029033,1.0,1.0000009e-06
0.902453,1.0,1.0000009e-06
0.90190905,1.0,1.0000009e-06
0.90157825,1.0,1.0000009e-06
0.90135586,1.0,1.0000009e-06
0.90076137,1.0,1.0000009e-06
0.90015954,1.0,1.0000009e-06
0.8996837,1.0,1.0000009e-06
0.89895815,1.0,1.0000009e-06
0.8985081,1.0,1.0000009e-06
0.89777064,1.0,1.0000009e-06
0.89707655,1.0,1.0000009e-06
0.89643574,1.0,1.0000009e-06
0.8954701,1.0,1.0000009e-06
0.8947744,1.0,1.0000009e-06
0.8942834,1.0,1.0000009e-06
0.8936605,1.0,1.0000009e-06
0.8929754,1.0,1.0000009e-06
0.89243823,1.0,1.0000009e-06
0.89185464,1.0,1.0000009e-06
0.8911565,1.0,1.0000009e-06
0.8905539,1.0,1.0000009e-06
0.8900884,1.0,1.0000009e-06
0.88953376,1.0,1.0000009e-06
0.88891613,1.0,1.0000009e-06
0.8882771,1.0,1.0000009e-06
0.88770777,1.0,1.0000009e-06
0.8871718,1.0,1.0000009e-06
0.88645273,1.0,1.0000009e-06
0.8860582,1.0,1.0000009e-06
0.88543016,1.0,1.0000009e-06
0.88490266,1.0,1.0000009e-06
0.88385594,1.0,1.0000009e-06
0.8838489,1.0,1.0000009e-06
0.8831626,1.0,1.000001e-06
0.88296676,1.0,1.000001e-06
0.8820608,1.0,1.000001e-06
0.8815915,1.0,1.000001e-06
0.8810752,1.0,1.000001e-06
0.88060707,1.0,1.000001e-06
0.87956345,1.0,1.000001e-06
0.87911654,1.0,1.000001e-06
0.87849706,1.0,1.000001e-06
0.8777299,1.0,1.000001e-06
0.87695503,1.0,1.000001e-06
0.87658477,1.0,1.000001e-06
0.8758747,1.0,1.000001e-06
0.8749081,1.0,1.000001e-06
0.87432474,1.0,1.000001e-06
0.8740591,1.0,1.000001e-06
0.87320775,1.0,1.000001e-06
0.87241036,1.0,1.000001e-06
0.87187225,1.0,1.000001e-06
0.87112504,1.0,1.000001e-06
0.87059283,1.0,1.000001e-06
0.8700168,1.0,1.000001e-06
0.8690717,1.0,1.000001e-06
0.8684081,1.0,1.000001e-06
0.8677349,1.0,1.000001e-06
0.867037,1.0,1.000001e-06
0.8665235,1.0,1.000001e-06
0.8657089,1.0,1.0000011e-06
0.86501205,1.0,1.0000011e-06
0.8645742,1.0,1.0000011e-06
0.86380833,1.0,1.0000011e-06
0.8632615,1.0,1.0000011e-06
0.86255956,1.0,1.0000011e-06
0.8619211,1.0,1.0000011e-06
0.86116403,1.0,1.0000011e-06
0.8603781,1.0,1.0000011e-06
0.86011285,1.0,1.0000011e-06
0.8588758,1.0,1.0000011e-06
0.8584747,1.0,1.0000011e-06
0.8576359,1.0,1.0000011e-06
0.857006,1.0,1.0000011e-06
0.85595566,1.0,1.0000012e-06
0.85540223,1.0,1.0000012e-06
0.85451555,1.0,1.0000012e-06
0.85371274,1.0,1.0000012e-06
0.85300624,1.0,1.0000012e-06
0.85220283,1.0,1.0000012e-06
0.85147786,1.0,1.0000012e-06
0.8505364,1.0,1.0000012e-06
0.8498515,1.0,1.0000012e-06
0.84882593,1.0,1.0000012e-06
0.8482952,1.0,1.0000014e-06
0.8473114,1.0,1.0000014e-06
0.8464977,1.0,1.0000014e-06
0.8458313,1.0,1.0000014e-06
0.8450114,1.0,1.0000014e-06
0.8441352,1.0,1.0000014e-06
0.84330255,1.0,1.0000014e-06
0.842433,1.0,1.0000014e-06
0.84156615,1.0,1.0000015e-06
0.84063464,1.0,1.0000015e-06
0.8399193,1.0,1.0000015e-06
0.8388231,1.0,1.0000015e-06
0.83812994,1.0,1.0000015e-06
0.8373747,1.0,1.0000015e-06
0.8353587,1.0,1.0000015e-06
0.8357521,1.0,1.0000016e-06
0.8348426,1.0,1.0000016e-06
0.8339427,1.0,1.0000016e-06
0.8329475,1.0,1.0000016e-06
0.83206964,1.0,1.0000016e-06
0.831103,1.0,1.0000016e-06
0.83018154,1.0,1.0000017e-06
0.8291345,1.0,1.0000017e-06
0.82828665,1.0,1.0000017e-06
0.8271012,1.0,1.0000017e-06
0.8261152,1.0,1.0000017e-06
0.82513356,1.0,1.0000018e-06
0.8242432,1.0,1.0000018e-06
0.82297146,1.0,1.0000018e-06
0.8221134,1.0,1.0000018e-06
0.82111925,1.0,1.0000019e-06
0.8202011,1.0,1.0000019e-06
0.81909263,1.0,1.0000019e-06
0.81827486,1.0,1.0000019e-06
0.81724346,1.0,1.000002e-06
1.0,1.0,1.0000746e-06
1.0,1.0,1.0000746e-06
1.0,1.0,1.0000746e-06
1.0,1.0,1.0000746e-06
1.0,1.0,1.0000745e-06
1.0,1.0,1.0000745e-06
1.0,1.0,1.0000745e-06
1.0,1.0,1.0000745e-06
1.0,1.0,1.0000743e-06
1.0,1.0,1.0000742e-06
1.0,1.0,1.0000742e-06
1.0,1.0,1.0000741e-06
1.0,1.0,1.000074e-06
1.0,1.0,1.000074e-06
1.0,1.0,1.0000739e-06
1.0,1.0,1.0000738e-06
1.0,1.0,1.0000737e-06
1.0,1.0,1.0000736e-06
1.0,1.0,1.0000734e-06
1.0,1.0,1.0000732e-06
1.0,1.0,1.0000731e-06
1.0,1.0,1.000073e-06
1.0,1.0,1.0000728e-06
1.0,1.0,1.0000726e-06
1.0,1.0,1.0000724e-06
1.0,1.0,1.0000722e-06
1.0,1.0,1.0000721e-06
1.0,1.0,1.0000718e-06
1.0,1.0,1.0000716e-06
1.0,1.0,1.0000714e-06
1.0,1.0,1.0000712e-06
1.0,1.0,1.0000709e-06
1.0,1.0,1.0000706e-06
1.0,1.0,1.0000704e-06
1.0,1.0,1.0000701e-06
1.0,1.0,1.0000698e-06
1.0,1.0,1.0000696e-06
1.0,1.0,1.0000692e-06
1.0,1.0,1.000069e-06
1.0,1.0,1.0000687e-06
1.0,1.0,1.0000683e-06
1.0,1.0,1.000068e-06
1.0,1.0,1.0000676e-06
1.0,1.0,1.0000673e-06
1.0,1.0,1.000067e-06
1.0,1.0,1.0000666e-06
1.0,1.0,1.0000662e-06
1.0,1.0,1.0000658e-06
1.0,1.0,1.0000655e-06
1.0,1.0,1.000065e-06
1.0,1.0,1.0000647e-06
1.0,1.0,1.0000642e-06
1.0,1.0,1.0000638e-06
1.0,1.0,1.0000633e-06
1.0,1.0,1.0000629e-06
1.0,1.0,1.0000624e-06
1.0,1.0,1.000062e-06
1.0,1.0,1.0000615e-06
1.0,1.0,1.000061e-06
1.0,1.0,1.0000606e-06
1.0,1.0,1.0000601e-06
1.0,1.0,1.0000596e-06
1.0,1.0,1.0000591e-06
1.0,1.0,1.0000585e-06
1.0,1.0,1.0000581e-06
1.0,1.0,1.0000575e-06
1.0,1.0,1.0000571e-06
1.0,1.0,1.0000565e-06
1.0,1.0,1.0000559e-06
1.0,1.0,1.0000554e-06
1.0,1.0,1.0000549e-06
1.0,1.0,1.0000543e-06
1.0,1.0,1.0000538e-06
1.0,1.0,1.0000532e-06
1.0,1.0,1.0000526e-06
1.0,1.0,1.0000521e-06
1.0,1.0,1.0000515e-06
1.0,1.0,1.0000508e-06
1.0,1.0,1.0000502e-06
1.0,1.0,1.0000497e-06
1.0,1.0,1.0000491e-06
1.0,1.0,1.0000484e-06
1.0,1.0,1.0000479e-06
1.0,1.0,1.0000473e-06
1.0,1.0,1.0000466e-06
1.0,1.0,1.000046e-06
1.0,1.0,1.0000455e-06
1.0,1.0,1.0000448e-06
1.0,1.0,1.0000442e-06
1.0,1.0,1.0000435e-06
1.0,1.0,1.000043e-06
1.0,1.0,1.0000424e-06
1.0,1.0,1.0000417e-06
1.0,1.0,1.0000412e-06
1.0,1.0,1.0000405e-06
1.0,1.0,1.0000399e-06
1.0,1.0,1.0000392e-06
1.0,1.0,1.0000387e-06
0.999989,1.0,1.000038e-06
0.9999592,1.0,1.0000374e-06
0.99994737,1.0,1.0000367e-06
0.9999292,1.0,1.0000361e-06
0.9998846,1.0,1.0000356e-06
0.99982744,1.0,1.0000349e-06
0.9997677,1.0,1.0000343e-06
0.9997239,1.0,1.0000338e-06
0.9996579,1.0,1.0000331e-06
0.9996152,1.0,1.0000325e-06
0.99955946,1.0,1.000032e-06
0.99945146,1.0,1.0000313e-06
0.9994091,1.0,1.0000307e-06
0.9993681,1.0,1.0000301e-06
0.9993327,1.0,1.0000296e-06
0.99930245,1.0,1.000029e-06
0.99942315,1.0,1.0000284e-06
0.9994755,1.0,1.0000279e-06
0.9994546,1.0,1.0000273e-06
0.99931425,1.0,1.0000267e-06
0.9991564,1.0,1.0000261e-06
0.9990799,1.0,1.0000256e-06
0.998979,1.0,1.0000251e-06
0.99901503,1.0,1.0000246e-06
0.999112,1.0,1.000024e-06
0.9991858,1.0,1.0000235e-06
0.99916226,1.0,1.000023e-06
0.9991128,1.0,1.0000225e-06
0.99907887,1.0,1.0000219e-06
0.9989636,1.0,1.0000215e-06
0.9988822,1.0,1.0000209e-06
0.9986278,1.0,1.0000205e-06
0.9985454,1.0,1.00002e-06
0.99846935,1.0,1.0000196e-06
0.9983875,1.0,1.0000191e-06
0.99833554,1.0,1.0000186e-06
0.99824697,1.0,1.0000182e-06
0.99818444,1.0,1.0000177e-06
0.9980862,1.0,1.0000173e-06
0.9980102,1.0,1.0000168e-06
0.9979454,1.0,1.0000165e-06
0.9978819,1.0,1.000016e-06
0.997878,1.0,1.0000156e-06
0.99787176,1.0,1.0000152e-06
0.9979358,1.0,1.0000148e-06
0.998024,1.0,1.0000144e-06
0.99801624,1.0,1.0000141e-06
0.9978833,1.0,1.0000136e-06
0.99770755,1.0,1.0000133e-06
0.9975451,1.0,1.000013e-06
0.9974405,1.0,1.0000126e-06
0.9975142,1.0,1.0000123e-06
0.997693,1.0,1.0000119e-06
0.99778795,1.0,1.0000116e-06
0.99781585,1.0,1.0000114e-06
0.99781513,1.0,1.000011e-06
0.9977678,1.0,1.0000107e-06
0.99768466,1.0,1.0000105e-06
0.997581,1.0,1.0000101e-06
0.997314,1.0,1.0000099e-06
0.9970206,1.0,1.0000095e-06
0.99694127,1.0,1.0000093e-06
0.99684966,1.0,1.0000091e-06
0.99673545,1.0,1.0000088e-06
0.99667686,1.0,1.0000085e-06
0.99657005,1.0,1.0000083e-06
0.9964913,1.0,1.0000081e-06
0.9964326,1.0,1.0000078e-06
0.99636817,1.0,1.0000076e-06
0.9963153,1.0,1.0000074e-06
0.99632674,1.0,1.0000072e-06
0.9963366,1.0,1.0000069e-06
0.9963562,1.0,1.0000067e-06
0.9964547,1.0,1.0000066e-06
0.9964317,1.0,1.0000064e-06
0.996251,1.0,1.0000061e-06
0.99604267,1.0,1.000006e-06
0.99589014,1.0,1.0000058e-06
0.9958072,1.0,1.0000057e-06
0.9957584,1.0,1.0000055e-06
0.9958183,1.0,1.0000053e-06
0.99590445,1.0,1.0000052e-06
0.99591255,1.0,1.000005e-06
0.99588525,1.0,1.0000049e-06
0.9958186,1.0,1.0000048e-06
0.99574363,1.0,1.0000047e-06
0.99564487,1.0,1.0000044e-06
0.9954505,1.0,1.0000043e-06
0.9952294,1.0,1.0000042e-06
0.9951638,1.0,1.0000041e-06
0.9951079,1.0,1.000004e-06
0.9950193,1.0,1.0000039e-06
0.9948916,1.0,1.0000037e-06
0.9948074,1.0,1.0000036e-06
0.99472207,1.0,1.0000035e-06
0.99461526,1.0,1.0000034e-06
0.99457306,1.0,1.0000034e-06
0.99451506,1.0,1.0000033e-06
0.9944796,1.0,1.0000032e-06
0.9944522,1.0,1.0000031e-06
0.9944496,1.0,1.000003e-06
0.9945079,1.0,1.000003e-06
0.994517,1.0,1.0000028e-06
0.994371,1.0,1.0000027e-06
0.9941731,1.0,1.0000027e-06
0.9940297,1.0,1.0000026e-06
0.9939428,1.0,1.0000025e-06
0.99383444,1.0,1.0000025e-06
0.9939113,1.0,1.0000024e-06
0.99399644,1.0,1.0000024e-06
0.9940024,1.0,1.0000023e-06
0.9939706,1.0,1.0000023e-06
0.9939102,1.0,1.0000022e-06
0.9938514,1.0,1.0000022e-06
0.99376047,1.0,1.000002e-06
0.9936216,1.0,1.000002e-06
0.99332434,1.0,1.0000019e-06
0.9932422,1.0,1.0000019e-06
0.99313635,1.0,1.0000019e-06
0.9930845,1.0,1.0000018e-06
0.9929662,1.0,1.0000018e-06
0.9928861,1.0,1.0000017e-06
0.9927846,1.0,1.0000017e-06
0.99268264,1.0,1.0000017e-06
0.99260134,1.0,1.0000016e-06
0.9925,1.0,1.0000016e-06
0.99239147,1.0,1.0000016e-06
0.99230224,1.0,1.0000016e-06
0.9922541,1.0,1.0000015e-06
0.9922887,1.0,1.0000015e-06
0.99227506,1.0,1.0000015e-06
0.9921193,1.0,1.0000015e-06
0.99196404,1.0,1.0000014e-06
0.99196446,1.0,1.0000014e-06
0.991867,1.0,1.0000014e-06
0.99171776,1.0,1.0000014e-06
0.99168444,1.0,1.0000012e-06
0.99172914,1.0,1.0000012e-06
0.99174905,1.0,1.0000012e-06
0.9917823,1.0,1.0000012e-06
0.9917388,1.0,1.0000012e-06
0.9916976,1.0,1.0000012e-06
0.9916179,1.0,1.0000011e-06
0.99153244,1.0,1.0000011e-06
0.9912102,1.0,1.0000011e-06
0.9909327,1.0,1.0000011e-06
0.9908605,1.0,1.0000011e-06
0.99074996,1.0,1.0000011e-06
0.9906361,1.0,1.0000011e-06
0.9905857,1.0,1.0000011e-06
0.99044853,1.0,1.000001e-06
0.99033403,1.0,1.000001e-06
0.9902292,1.0,1.000001e-06
0.9900936,1.0,1.000001e-06
0.9899807,1.0,1.000001e-06
0.98988515,1.0,1.000001e-06
0.9897724,1.0,1.000001e-06
0.98971367,1.0,1.000001e-06
0.9896187,1.0,1.000001e-06
0.9895065,1.0,1.000001e-06
0.98952204,1.0,1.000001e-06
0.989353,1.0,1.000001e-06
0.9893148,1.0,1.000001e-06
0.9891021,1.0,1.000001e-06
0.98903096,1.0,1.000001e-06
0.988939,1.0,1.0000009e-06
0.988953,1.0,1.0000009e-06
0.98890364,1.0,1.0000009e-06
0.98884386,1.0,1.0000009e-06
0.9887511,1.0,1.0000009e-06
0.98864913,1.0,1.0000009e-06
0.9885649,1.0,1.0000009e-06
0.9883074,1.0,1.0000009e-06
0.9881806,1.0,1.0000009e-06
0.9880667,1.0,1.0000009e-06
0.98795724,1.0,1.0000009e-06
0.98785764,1.0,1.0000009e-06
0.9877231,1.0,1.0000009e-06
0.9875897,1.0,1.000001e-06
0.9875153,1.0,1.000001e-06
0.98736364,1.0,1.000001e-06
0.9872554,1.0,1.000001e-06
0.98712486,1.0,1.000001e-06
0.9869804,1.0,1.000001e-06
0.9870517,1.0,1.000001e-06
0.9872176,1.0,1.000001e-06
0.98744017,1.0,1.000001e-06
0.9874602,1.0,1.000001e-06
0.9873587,1.0,1.000001e-06
0.9871372,1.0,1.000001e-06
0.98662424,1.0,1.000001e-06
0.9869422,1.0,1.000001e-06
0.986859,1.0,1.000001e-06
0.98712444,1.0,1.000001e-06
0.9870712,1.0,1.0000011e-06
0.9870012,1.0,1.0000011e-06
0.9871634,1.0,1.0000011e-06
0.9870052,1.0,1.0000011e-06
0.9867316,1.0,1.0000011e-06
0.98676896,1.0,1.0000011e-06
0.9865254,1.0,1.0000011e-06
0.9862862,1.0,1.0000011e-06
0.9857965,1.0,1.0000012e-06
0.9857452,1.0,1.0000012e-06
0.9855356,1.0,1.0000012e-06
0.9852388,1.0,1.0000012e-06
0.9850487,1.0,1.0000012e-06
0.9850712,1.0,1.0000012e-06
0.98468035,1.0,1.0000014e-06
0.9845168,1.0,1.0000014e-06
0.98437065,1.0,1.0000014e-06
0.9842862,1.0,1.0000014e-06
0.98427165,1.0,1.0000014e-06
0.98403984,1.0,1.0000015e-06
0.9839687,1.0,1.0000015e-06
0.98398334,1.0,1.0000015e-06
0.9837704,1.0,1.0000015e-06
0.9835782,1.0,1.0000016e-06
0.983562,1.0,1.0000016e-06
0.9832391,1.0,1.0000016e-06
0.98305124,1.0,1.0000016e-06
0.98313975,1.0,1.0000017e-06
0.98318005,1.0,1.0000017e-06
0.9830509,1.0,1.0000017e-06
0.9830185,1.0,1.0000017e-06
0.98288643,1.0,1.0000018e-06
0.9829959,1.0,1.0000018e-06
0.98277426,1.0,1.0000018e-06
0.9825368,1.0,1.0000019e-06
0.98228294,1.0,1.0000019e-06
0.98202085,1.0,1.0000019e-06
0.9815143,1.0,1.000002e-06
0.9814613,1.0,1.000002e-06
0.9810506,1.0,1.0000022e-06
0.98087674,1.0,1.0000022e-06
0.9808557,1.0,1.0000022e-06
0.98074645,1.0,1.0000023e-06
0.9804415,1.0,1.0000023e-06
0.9804211,1.0,1.0000024e-06
0.9803819,1.0,1.0000024e-06
0.9799704,1.0,1.0000025e-06
0.9797816,1.0,1.0000025e-06
0.9794541,1.0,1.0000025e-06
0.9796606,1.0,1.0000026e-06
0.97930914,1.0,1.0000026e-06
0.97910553,1.0,1.0000027e-06
0.97893804,1.0,1.0000027e-06
0.9787346,1.0,1.0000028e-06
0.97841096,1.0,1.0000028e-06
0.9784849,1.0,1.000003e-06
0.9784104,1.0,1.000003e-06
0.97837096,1.0,1.0000031e-06
0.97815436,1.0,1.0000031e-06
0.9781167,1.0,1.0000032e-06
0.97798896,1.0,1.0000033e-06
0.97802365,1.0,1.0000033e-06
0.97765404,1.0,1.0000034e-06
0.97738266,1.0,1.0000034e-06
0.9770338,1.0,1.0000035e-06
0.9768184,1.0,1.0000035e-06
0.9764228,1.0,1.0000036e-06
0.9760609,1.0,1.0000037e-06
0.97569406,1.0,1.0000037e-06
0.97563106,1.0,1.0000039e-06
0.9754268,1.0,1.000004e-06
0.9750956,1.0,1.000004e-06
0.97500646,1.0,1.0000041e-06
0.97472525,1.0,1.0000041e-06
0.9746016,1.0,1.0000042e-06
0.9744125,1.0,1.0000043e-06
0.97394437,1.0,1.0000043e-06
0.97395825,1.0,1.0000044e-06
0.9737895,1.0,1.0000045e-06
0.9735794,1.0,1.0000045e-06
0.973062,1.0,1.0000047e-06
0.97300893,1.0,1.0000048e-06
0.9728181,1.0,1.0000048e-06
0.97248614,1.0,1.0000049e-06
0.972216,1.0,1.0000049e-06
0.9720348,1.0,1.000005e-06
0.97201324,1.0,1.0000051e-06
0.97180134,1.0,1.0000051e-06
0.97174054,1.0,1.0000052e-06
0.9715308,1.0,1.0000053e-06
0.97106063,1.0,1.0000053e-06
0.9710407,1.0,1.0000055e-06
0.9704306,1.0,1.0000056e-06
0.9699775,1.0,1.0000056e-06
0.9696485,1.0,1.0000057e-06
0.9694,1.0,1.0000057e-06
0.96908766,1.0,1.0000058e-06
0.9686836,1.0,1.0000059e-06
0.96838945,1.0,1.0000059e-06
0.9680342,1.0,1.000006e-06
0.9679512,1.0,1.000006e-06
0.9675912,1.0,1.0000061e-06
0.9671196,1.0,1.0000061e-06
0.96685946,1.0,1.0000063e-06
0.96644187,1.0,1.0000063e-06
0.9662734,1.0,1.0000064e-06
0.9659813,1.0,1.0000064e-06
0.96583074,1.0,1.0000065e-06
0.96544373,1.0,1.0000065e-06
0.9651878,1.0,1.0000066e-06
0.9648019,1.0,1.0000066e-06
0.96441865,1.0,1.0000067e-06
0.9640386,1.0,1.0000067e-06
0.96353906,1.0,1.0000067e-06
0.9635188,1.0,1.0000068e-06
0.96321815,1.0,1.0000068e-06
0.9631438,1.0,1.0000068e-06
0.96263087,1.0,1.0000069e-06
0.96242994,1.0,1.0000069e-06
0.96211225,1.0,1.0000069e-06
0.9618723,1.0,1.000007e-06
0.9613678,1.0,1.000007e-06
0.96094465,1.0,1.000007e-06
0.9602281,1.0,1.000007e-06
0.9598569,1.0,1.0000072e-06
0.95952696,1.0,1.0000072e-06
0.9588877,1.0,1.0000072e-06
0.9586356,1.0,1.0000072e-06
0.9582707,1.0,1.0000072e-06
0.95782495,1.0,1.0000073e-06
0.9574248,1.0,1.0000073e-06
0.9569971,1.0,1.0000073e-06
0.9564304,1.0,1.0000073e-06
0.9560338,1.0,1.0000073e-06
0.95573217,1.0,1.0000073e-06
0.9551465,1.0,1.0000073e-06
0.9546772,1.0,1.0000073e-06
0.95418125,1.0,1.0000073e-06
0.9537809,1.0,1.0000073e-06
0.9532414,1.0,1.0000073e-06
0.9526741,1.0,1.0000073e-06
0.95201194,1.0,1.0000073e-06
0.95184344,1.0,1.0000073e-06
0.9514498,1.0,1.0000073e-06
0.95121765,1.0,1.0000072e-06
0.95079964,1.0,1.0000072e-06
0.9505771,1.0,1.0000072e-06
0.9499459,1.0,1.0000072e-06
0.9496087,1.0,1.0000072e-06
0.94914407,1.0,1.0000072e-06
0.9487053,1.0,1.0000072e-06
0.94763607,1.0,1.000007e-06
0.9470279,1.0,1.000007e-06
0.94636333,1.0,1.000007e-06
0.94561553,1.0,1.000007e-06
0.9446909,1.0,1.000007e-06
0.94403726,1.0,1.0000069e-06
0.9434484,1.0,1.0000069e-06
0.9416282,1.0,1.0000069e-06
0.94069254,1.0,1.0000068e-06
0.9383391,1.0,1.0000068e-06
0.9371346,1.0,1.0000068e-06
0.93844837,1.0,1.0000068e-06
0.9375398,1.0,1.0000067e-06
0.937123,1.0,1.0000067e-06
0.93628454,1.0,1.0000066e-06
0.9354237,1.0,1.0000066e-06
0.9348907,1.0,1.0000066e-06
0.9340039,1.0,1.0000065e-06
0.9334152,1.0,1.0000065e-06
0.9324938,1.0,1.0000064e-06
0.93158275,1.0,1.0000064e-06
0.93077904,1.0,1.0000064e-06
0.93004775,1.0,1.0000063e-06
0.9293233,1.0,1.0000063e-06
0.9284724,1.0,1.0000061e-06
0.92761195,1.0,1.0000061e-06
0.9268305,1.0,1.0000061e-06
0.9260906,1.0,1.000006e-06
0.9251867,1.0,1.000006e-06
0.924255,1.0,1.0000059e-06
0.9233184,1.0,1.0000059e-06
0.9220161,1.0,1.0000058e-06
0.9210255,1.0,1.0000058e-06
0.9200277,1.0,1.0000058e-06
0.91925573,1.0,1.0000057e-06
0.91827214,1.0,1.0000057e-06
0.9171773,1.0,1.0000056e-06
0.9161332,1.0,1.0000056e-06
0.9150551,1.0,1.0000055e-06
0.91409236,1.0,1.0000055e-06
0.91313934,1.0,1.0000055e-06
0.9120106,1.0,1.0000053e-06
0.9107246,1.0,1.0000053e-06
0.9098614,1.0,1.0000052e-06
0.9090231,1.0,1.0000052e-06
0.9076888,1.0,1.0000051e-06
0.90673774,1.0,1.0000051e-06
0.9057133,1.0,1.000005e-06
0.90463203,1.0,1.000005e-06
0.90347534,1.0,1.0000049e-06
0.90230614,1.0,1.0000049e-06
0.90114945,1.0,1.0000049e-06
0.90016353,1.0,1.0000048e-06
0.89917815,1.0,1.0000048e-06
0.89800453,1.0,1.0000047e-06
0.89705604,1.0,1.0000047e-06
0.8957688,1.0,1.0000045e-06
0.894576,1.0,1.0000045e-06
0.8935303,1.0,1.0000045e-06
0.8924796,1.0,1.0000044e-06
0.891119,1.0,1.0000044e-06
0.890194,1.0,1.0000043e-06
0.8889894,1.0,1.0000043e-06
0.88790745,1.0,1.0000043e-06
0.88679206,1.0,1.0000042e-06
0.8856441,1.0,1.0000042e-06
0.88439244,1.0,1.0000041e-06
0.8830597,1.0,1.0000041e-06
0.88198763,1.0,1.0000041e-06
0.8809685,1.0,1.000004e-06
0.8796739,1.0,1.000004e-06
0.8785668,1.0,1.0000039e-06
0.8775223,1.0,1.0000039e-06
0.8761141,1.0,1.0000039e-06
0.87523293,1.0,1.0000037e-06
0.8742084,1.0,1.0000037e-06
0.87297666,1.0,1.0000037e-06
0.8718214,1.0,1.0000036e-06
0.8707094,1.0,1.0000036e-06
0.86964124,1.0,1.0000036e-06
0.8685028,1.0,1.0000035e-06
0.8673301,1.0,1.0000035e-06
0.86629957,1.0,1.0000035e-06
0.8652332,1.0,1.0000034e-06
0.86422193,1.0,1.0000034e-06
0.8632554,1.0,1.0000034e-06
0.8620861,1.0,1.0000033e-06
0.8610152,1.0,1.0000033e-06
0.8598759,1.0,1.0000033e-06
0.8589191,1.0,1.0000032e-06
0.8577817,1.0,1.0000032e-06
0.85660315,1.0,1.0000032e-06
0.85525143,1.0,1.0000031e-06
0.85408854,1.0,1.0000031e-06
0.85293263,1.0,1.0000031e-06
0.85175157,1.0,1.000003e-06
0.8506283,1.0,1.000003e-06
0.8493928,1.0,1.000003e-06
0.84837735,1.0,1.000003e-06
0.8470441,1.0,1.0000028e-06
0.8460415,1.0,1.0000028e-06
0.8448608,1.0,1.0000028e-06
0.84366095,1.0,1.0000027e-06
0.8425189,1.0,1.0000027e-06
0.8413537,1.0,1.0000027e-06
0.8413537,1.0,1.0000027e-06
0.8413537,1.0,1.0000026e-06
0.8413537,1.0,1.0000026e-06
0.8413537,1.0,1.0000026e-06
0.8413537,1.0,1.0000026e-06
0.8413537,1.0,1.0000025e-06
0.8413537,1.0,1.0000025e-06
0.8413537,1.0,1.0000025e-06
0.8413537,1.0,1.0000025e-06
0.8413537,1.0,1.0000024e-06
0.8413537,1.0,1.0000024e-06
0.8413537,1.0,1.0000024e-06
0.8413537,1.0,1.0000024e-06
0.8413537,1.0,1.0000023e-06
0.8413537,1.0,1.0000023e-06
0.8413537,1.0,1.0000023e-06
0.8413537,1.0,1.0000023e-06
0.8413537,1.0,1.0000023e-06
0.8413537,1.0,1.0000022e-06
0.8413537,1.0,1.0000022e-06
0.8413537,1.0,1.0000022e-06
0.8413537,1.0,1.0000022e-06
0.8413537,1.0,1.0000022e-06
0.8413537,1.0,1.000002e-06
0.8413537,1.0,1.000002e-06
